datetime,open,high,low,close,volume
2026-07-07T16:30:00+00:00,67961.98,68026.48,67936.96,68006.48,508
2026-07-07T16:35:00+00:00,68006.48,68046.46,67896.98,67951.98,591
2026-07-07T16:40:00+00:00,67951.98,67966.46,67881.96,67946.98,706
2026-07-07T16:45:00+00:00,67946.98,67986.48,67921.96,67966.47,448
2026-07-07T16:50:00+00:00,67966.47,68023.97,67946.96,67996.47,372
2026-07-07T16:55:00+00:00,67996.47,68011.97,67926.97,67996.97,381
2026-07-07T17:00:00+00:00,67996.97,68061.47,67966.96,68056.46,384
2026-07-07T17:05:00+00:00,68056.46,68121.48,68046.96,68111.48,242
2026-07-07T17:10:00+00:00,68111.48,68111.48,68046.96,68061.48,283
2026-07-07T17:15:00+00:00,68061.48,68061.48,67941.96,67981.48,334
2026-07-07T17:20:00+00:00,67981.48,68111.48,67966.96,68073.96,527
2026-07-07T17:25:00+00:00,68073.96,68073.96,68016.97,68046.46,451
2026-07-07T17:30:00+00:00,68046.46,68121.48,68036.46,68096.48,550
2026-07-07T17:35:00+00:00,68096.48,68166.48,68061.96,68156.47,436
2026-07-07T17:40:00+00:00,68156.47,68186.48,68141.97,68176.47,444
2026-07-07T17:45:00+00:00,68176.47,68181.48,68108.96,68138.98,508
2026-07-07T17:50:00+00:00,68138.98,68166.48,68086.97,68106.48,471
2026-07-07T17:55:00+00:00,68106.48,68188.98,68101.98,68188.98,358
2026-07-07T18:00:00+00:00,68188.98,68206.47,68121.96,68156.47,516
2026-07-07T18:05:00+00:00,68156.47,68186.48,68088.97,68106.46,422
2026-07-07T18:10:00+00:00,68106.46,68156.46,68086.96,68096.47,389
2026-07-07T18:15:00+00:00,68096.47,68106.47,68038.97,68071.46,358
2026-07-07T18:20:00+00:00,68071.46,68126.46,68056.46,68086.46,462
2026-07-07T18:25:00+00:00,68086.46,68111.46,68038.96,68056.48,443
2026-07-07T18:30:00+00:00,68056.48,68073.98,67981.96,68011.47,705
2026-07-07T18:35:00+00:00,68011.47,68041.48,67966.96,68011.47,521
2026-07-07T18:40:00+00:00,68011.47,68011.47,67886.96,67951.48,601
2026-07-07T18:45:00+00:00,67951.48,67991.47,67791.97,67876.98,1168
2026-07-07T18:50:00+00:00,67876.98,67901.48,67716.97,67756.47,1278
2026-07-07T18:55:00+00:00,67756.47,67801.47,67711.96,67726.46,973
2026-07-07T19:00:00+00:00,67726.46,67758.97,67621.97,67691.46,1355
2026-07-07T19:05:00+00:00,67691.46,67781.48,67611.96,67618.98,1219
2026-07-07T19:10:00+00:00,67618.98,67651.46,67556.46,67623.98,944
2026-07-07T19:15:00+00:00,67623.98,67633.96,67451.96,67556.47,1042
2026-07-07T19:20:00+00:00,67556.47,67621.47,67476.46,67596.46,1027
2026-07-07T19:25:00+00:00,67596.46,67651.48,67516.98,67626.47,876
2026-07-07T19:30:00+00:00,67626.47,67741.48,67611.96,67726.47,1280
2026-07-07T19:35:00+00:00,67726.47,67726.48,67631.46,67656.46,888
2026-07-07T19:40:00+00:00,67656.46,67676.47,67601.96,67638.98,804
2026-07-07T19:45:00+00:00,67638.98,67701.46,67626.96,67681.46,881
2026-07-07T19:50:00+00:00,67681.46,67723.96,67593.98,67706.46,1225
2026-07-07T19:55:00+00:00,67706.46,67788.96,67703.98,67776.47,1290
2026-07-07T20:00:00+00:00,67776.47,67801.48,67721.96,67791.97,453
2026-07-07T20:05:00+00:00,67791.97,67816.46,67751.96,67776.46,215
2026-07-07T20:10:00+00:00,67776.46,67776.46,67721.96,67726.98,98
2026-07-07T20:15:00+00:00,67726.98,67751.48,67676.98,67716.48,142
2026-07-07T20:20:00+00:00,67716.48,67718.97,67691.96,67706.98,95
2026-07-07T20:25:00+00:00,67706.98,67756.47,67681.97,67696.47,93
2026-07-07T20:30:00+00:00,67696.47,67701.46,67658.97,67673.96,65
2026-07-07T20:35:00+00:00,67673.96,67688.98,67661.46,67678.96,55
2026-07-07T20:40:00+00:00,67678.96,67686.47,67661.96,67661.98,42
2026-07-07T20:45:00+00:00,67661.98,67668.96,67561.97,67566.97,106
2026-07-07T20:50:00+00:00,67566.97,67601.48,67556.96,67591.97,136
2026-07-07T20:55:00+00:00,67591.97,67601.48,67541.96,67571.98,141
2026-07-07T22:00:00+00:00,67571.98,67590.81,67381.31,67590.81,14
2026-07-07T22:10:00+00:00,67590.81,67590.81,67516.32,67526.32,10
2026-07-07T22:15:00+00:00,67526.32,67576.33,67526.32,67556.33,13
2026-07-07T22:20:00+00:00,67556.33,67581.33,67556.32,67571.33,19
2026-07-07T22:25:00+00:00,67571.33,67571.33,67541.31,67556.31,8
2026-07-07T22:30:00+00:00,67556.31,67556.33,67526.31,67546.32,17
2026-07-07T22:35:00+00:00,67546.32,67565.82,67541.31,67541.31,12
2026-07-07T22:40:00+00:00,67541.31,67555.81,67521.31,67521.31,16
2026-07-07T22:45:00+00:00,67521.31,67536.32,67496.33,67536.32,22
2026-07-07T22:50:00+00:00,67536.32,67536.32,67501.31,67501.33,14
2026-07-07T22:55:00+00:00,67501.33,67520.82,67501.31,67506.33,16
2026-07-07T23:00:00+00:00,67506.33,67536.32,67471.31,67471.32,51
2026-07-07T23:05:00+00:00,67471.32,67506.33,67466.31,67481.32,36
2026-07-07T23:10:00+00:00,67481.32,67501.31,67466.31,67501.31,39.14259073303687
2026-07-07T23:15:00+00:00,67501.31,67576.33,67491.31,67566.33,40
2026-07-07T23:20:00+00:00,67566.33,67603.33,67536.31,67585.81,28
2026-07-07T23:25:00+00:00,67585.81,67605.83,67546.33,67591.33,44
2026-07-07T23:30:00+00:00,67591.33,67643.33,67591.31,67621.33,44
2026-07-07T23:35:00+00:00,67621.33,67625.81,67491.32,67541.33,91
2026-07-07T23:40:00+00:00,67541.33,67556.32,67496.31,67536.33,97
2026-07-07T23:45:00+00:00,67536.33,67751.32,67476.31,67576.33,1382
2026-07-07T23:50:00+00:00,67576.33,67610.83,67441.33,67530.81,710
2026-07-07T23:55:00+00:00,67530.81,67570.83,67286.33,67341.32,881
2026-07-08T00:00:00+00:00,67341.32,67431.33,67076.32,67421.31,2517
2026-07-08T00:05:00+00:00,67421.31,67860.83,67381.33,67601.32,2685
2026-07-08T00:10:00+00:00,67601.32,67791.33,67421.31,67561.33,1655
2026-07-08T00:15:00+00:00,67561.33,67655.83,67331.31,67431.32,2759
2026-07-08T00:20:00+00:00,67431.32,67811.33,67246.31,67781.31,2996
2026-07-08T00:25:00+00:00,67781.31,68038.32,67731.31,68031.33,2847
2026-07-08T00:30:00+00:00,68031.33,68085.81,67596.31,67671.31,2934
2026-07-08T00:35:00+00:00,67671.31,68081.31,67581.31,68046.33,2487
2026-07-08T00:40:00+00:00,68046.33,68270.83,67956.33,68201.32,2069
2026-07-08T00:45:00+00:00,68201.32,68321.31,68131.31,68301.32,1941
2026-07-08T00:50:00+00:00,68301.32,68421.33,68276.31,68361.32,1554
2026-07-08T00:55:00+00:00,68361.32,68555.82,68341.31,68426.31,1366
2026-07-08T01:00:00+00:00,68426.31,68518.31,68271.31,68291.33,1989
2026-07-08T01:05:00+00:00,68291.33,68325.83,68086.31,68241.33,1891
2026-07-08T01:10:00+00:00,68241.33,68490.83,68241.33,68421.31,1644
2026-07-08T01:15:00+00:00,68421.31,68500.83,68326.31,68400.82,1875
2026-07-08T01:20:00+00:00,68400.82,68405.83,68156.31,68176.31,1744
2026-07-08T01:25:00+00:00,68176.31,68320.83,68096.31,68136.33,1749
2026-07-08T01:30:00+00:00,68136.33,68200.82,67946.31,67996.32,2291
2026-07-08T01:35:00+00:00,67996.32,68055.82,67821.31,67865.81,2148
2026-07-08T01:40:00+00:00,67865.81,68005.83,67781.31,67941.33,2234
2026-07-08T01:45:00+00:00,67941.33,68170.82,67936.31,68091.33,2055
2026-07-08T01:50:00+00:00,68091.33,68155.83,67841.31,67861.33,1361
2026-07-08T01:55:00+00:00,67861.33,67970.83,67831.31,67921.33,1545
2026-07-08T02:00:00+00:00,67921.33,67960.83,67756.32,67786.32,1324
2026-07-08T02:05:00+00:00,67786.32,67883.31,67686.32,67786.32,1173
2026-07-08T02:10:00+00:00,67786.32,67845.81,67646.31,67646.33,1172
2026-07-08T02:15:00+00:00,67646.33,67835.82,67606.32,67820.83,1296
2026-07-08T02:20:00+00:00,67820.83,67995.83,67791.32,67981.31,1197
2026-07-08T02:25:00+00:00,67981.31,68080.81,67876.31,67881.32,999
2026-07-08T02:30:00+00:00,67881.32,67920.83,67811.31,67841.33,1011
2026-07-08T02:35:00+00:00,67841.33,67925.82,67831.31,67895.81,737
2026-07-08T02:40:00+00:00,67895.81,68030.83,67876.32,68026.32,656
2026-07-08T02:45:00+00:00,68026.32,68096.32,67996.33,68063.33,676
2026-07-08T02:50:00+00:00,68063.33,68080.83,67976.31,68036.31,615
2026-07-08T02:55:00+00:00,68036.31,68095.83,68006.32,68046.32,385
2026-07-08T03:00:00+00:00,68046.32,68185.82,68046.32,68146.33,603
2026-07-08T03:05:00+00:00,68146.33,68200.82,68121.31,68191.31,444
2026-07-08T03:10:00+00:00,68191.31,68300.81,68176.31,68246.31,334
2026-07-08T03:15:00+00:00,68246.31,68291.31,68216.31,68256.33,317
2026-07-08T03:20:00+00:00,68256.33,68345.83,68241.31,68335.83,355
2026-07-08T03:25:00+00:00,68335.83,68385.83,68321.31,68341.32,315
2026-07-08T03:30:00+00:00,68341.32,68470.83,68226.32,68286.31,1550
2026-07-08T03:35:00+00:00,68286.31,68345.82,68156.31,68220.83,1105
2026-07-08T03:40:00+00:00,68220.83,68220.83,68126.31,68185.81,878
2026-07-08T03:45:00+00:00,68185.81,68228.32,68096.31,68171.31,853
2026-07-08T03:50:00+00:00,68171.31,68250.82,68146.31,68185.81,795
2026-07-08T03:55:00+00:00,68185.81,68185.81,68051.32,68051.33,732
2026-07-08T04:00:00+00:00,68051.33,68090.82,67981.31,68031.31,734
2026-07-08T04:05:00+00:00,68031.31,68055.83,67931.32,67981.32,709
2026-07-08T04:10:00+00:00,67981.32,67985.81,67851.31,67865.83,554
2026-07-08T04:15:00+00:00,67865.83,67895.81,67796.32,67831.32,788
2026-07-08T04:20:00+00:00,67831.32,68005.83,67806.31,67995.83,956
2026-07-08T04:25:00+00:00,67995.83,68001.33,67856.32,67871.32,691
2026-07-08T04:30:00+00:00,67871.32,67910.83,67736.31,67776.31,860
2026-07-08T04:35:00+00:00,67776.31,67835.81,67656.31,67760.82,1118
2026-07-08T04:40:00+00:00,67760.82,67835.83,67706.31,67761.32,975
2026-07-08T04:45:00+00:00,67761.32,67883.31,67711.31,67766.33,917
2026-07-08T04:50:00+00:00,67766.33,67771.32,67596.32,67611.33,821
2026-07-08T04:55:00+00:00,67611.33,67765.83,67516.31,67765.81,1212
2026-07-08T05:00:00+00:00,67765.81,67841.32,67696.31,67796.32,1157
2026-07-08T05:05:00+00:00,67796.32,67916.33,67786.32,67846.31,935
2026-07-08T05:10:00+00:00,67846.31,67950.83,67776.31,67856.31,814
2026-07-08T05:15:00+00:00,67856.31,67995.81,67811.31,67835.81,936
2026-07-08T05:20:00+00:00,67835.81,67855.83,67716.32,67741.33,1312
2026-07-08T05:25:00+00:00,67741.33,67845.81,67716.31,67741.31,877
2026-07-08T05:30:00+00:00,67741.31,67760.83,67511.31,67615.81,973
2026-07-08T05:35:00+00:00,67615.81,67700.83,67536.31,67551.33,1007
2026-07-08T05:40:00+00:00,67551.33,67645.81,67491.31,67506.32,956
2026-07-08T05:45:00+00:00,67506.32,67506.32,67306.31,67306.32,715
2026-07-08T05:50:00+00:00,67306.32,67493.31,67261.31,67490.82,1153
2026-07-08T05:55:00+00:00,67490.82,67600.83,67446.32,67466.31,905
2026-07-08T06:00:00+00:00,67466.31,67480.82,67281.31,67350.82,857
2026-07-08T06:05:00+00:00,67350.82,67375.83,67251.31,67330.82,515
2026-07-08T06:10:00+00:00,67330.82,67360.83,67206.32,67255.82,446
2026-07-08T06:15:00+00:00,67255.82,67295.82,67206.31,67280.83,545
2026-07-08T06:20:00+00:00,67280.83,67325.81,67171.31,67305.81,625
2026-07-08T06:25:00+00:00,67305.81,67343.31,67106.31,67116.32,883
2026-07-08T06:30:00+00:00,67116.32,67175.83,66956.33,67020.82,1146
2026-07-08T06:35:00+00:00,67020.82,67040.82,66861.33,66938.32,526
2026-07-08T06:40:00+00:00,66938.32,66963.31,66801.31,66820.81,322
2026-07-08T06:45:00+00:00,66820.81,66870.83,66766.33,66865.82,186
2026-07-08T06:50:00+00:00,66865.82,67015.83,66861.32,66956.33,169
2026-07-08T06:55:00+00:00,66956.33,66990.83,66926.32,66960.81,120
2026-07-08T07:00:00+00:00,66960.81,66970.83,66791.32,66806.32,313
2026-07-08T07:05:00+00:00,66806.32,66818.31,66746.32,66805.83,284
2026-07-08T07:10:00+00:00,66805.83,66895.81,66800.81,66840.81,367
2026-07-08T07:15:00+00:00,66840.81,66895.83,66765.81,66791.32,333
2026-07-08T07:20:00+00:00,66791.32,66978.33,66766.32,66978.33,338
2026-07-08T07:25:00+00:00,66978.33,67000.82,66920.81,66993.32,357
2026-07-08T07:30:00+00:00,66993.32,67148.32,66988.31,67148.32,356
2026-07-08T07:35:00+00:00,67148.32,67175.83,67045.83,67045.83,265
2026-07-08T07:40:00+00:00,67045.83,67133.33,67045.83,67126.32,199
2026-07-08T07:45:00+00:00,67126.32,67185.83,67126.31,67185.82,238
2026-07-08T07:50:00+00:00,67185.82,67190.83,67110.81,67158.33,188
2026-07-08T07:55:00+00:00,67158.33,67180.82,67126.31,67150.81,212
2026-07-08T08:00:00+00:00,67150.81,67193.32,66970.82,66998.32,1033
2026-07-08T08:05:00+00:00,66998.32,67160.83,66980.81,67145.81,697
2026-07-08T08:10:00+00:00,67145.81,67213.32,67120.83,67203.33,573
2026-07-08T08:15:00+00:00,67203.33,67233.32,66576.31,66646.33,3401
2026-07-08T08:20:00+00:00,66646.33,66740.83,66361.31,66375.81,2118
2026-07-08T08:25:00+00:00,66375.81,66390.83,66161.31,66181.33,2022
2026-07-08T08:30:00+00:00,66181.33,66215.81,66075.81,66185.83,1906
2026-07-08T08:35:00+00:00,66185.83,66200.83,65961.31,66010.82,1662
2026-07-08T08:40:00+00:00,66010.82,66060.81,65880.81,65955.82,1855
2026-07-08T08:45:00+00:00,65955.82,66010.83,65830.81,65875.81,1621
2026-07-08T08:50:00+00:00,65875.81,65935.83,65820.82,65855.82,1393
2026-07-08T08:55:00+00:00,65855.82,66003.33,65698.31,65718.31,1241
2026-07-08T09:00:00+00:00,65718.31,65753.33,65575.83,65655.83,1508
2026-07-08T09:05:00+00:00,65655.83,65695.83,65518.31,65548.33,1418
2026-07-08T09:10:00+00:00,65548.33,65600.83,65430.83,65435.82,1283
2026-07-08T09:15:00+00:00,65435.82,65558.31,65423.31,65540.83,1443
2026-07-08T09:20:00+00:00,65540.83,65580.83,65460.83,65500.82,1165
2026-07-08T09:25:00+00:00,65500.82,65625.81,65440.82,65595.82,1076
2026-07-08T09:30:00+00:00,65595.82,65820.83,65580.82,65803.31,1052
2026-07-08T09:35:00+00:00,65803.31,65918.33,65751.31,65825.81,785
2026-07-08T09:40:00+00:00,65825.81,65850.83,65745.82,65845.81,743
2026-07-08T09:45:00+00:00,65845.81,65908.33,65745.82,65860.83,763
2026-07-08T09:50:00+00:00,65860.83,65968.32,65838.31,65875.81,783
2026-07-08T09:55:00+00:00,65875.81,65908.33,65770.81,65795.82,911
2026-07-08T10:00:00+00:00,65795.82,65870.83,65701.31,65730.83,882
2026-07-08T10:05:00+00:00,65730.83,65778.32,65693.31,65775.81,650
2026-07-08T10:10:00+00:00,65775.81,65820.81,65703.31,65818.31,800
2026-07-08T10:15:00+00:00,65818.31,65945.83,65791.32,65940.81,717
2026-07-08T10:20:00+00:00,65940.81,66010.83,65911.31,65930.83,789
2026-07-08T10:25:00+00:00,65930.83,66035.83,65921.31,66028.32,545
2026-07-08T10:30:00+00:00,66028.32,66185.83,65990.81,66155.83,845
2026-07-08T10:35:00+00:00,66155.83,66253.32,66123.31,66223.31,906
2026-07-08T10:40:00+00:00,66223.31,66240.83,66173.33,66218.31,604
2026-07-08T10:45:00+00:00,66218.31,66273.32,66170.82,66210.81,580
2026-07-08T10:50:00+00:00,66210.81,66258.33,66188.32,66218.31,531
2026-07-08T10:55:00+00:00,66218.31,66263.31,66133.31,66138.32,467
2026-07-08T11:00:00+00:00,66138.32,66165.83,66056.31,66103.32,859
2026-07-08T11:05:00+00:00,66103.32,66173.32,66061.31,66080.81,635
2026-07-08T11:10:00+00:00,66080.81,66143.32,66045.83,66120.82,472
2026-07-08T11:15:00+00:00,66120.82,66198.32,66106.31,66170.83,440
2026-07-08T11:20:00+00:00,66170.83,66188.33,66085.81,66103.32,439
2026-07-08T11:25:00+00:00,66103.32,66140.81,66080.81,66103.32,451
2026-07-08T11:30:00+00:00,66103.32,66195.83,66060.83,66195.82,530
2026-07-08T11:35:00+00:00,66195.82,66250.81,66128.31,66148.33,496
2026-07-08T11:40:00+00:00,66148.33,66640.82,66098.32,66420.81,2687
2026-07-08T11:45:00+00:00,66420.81,66470.83,66366.31,66375.82,1373
2026-07-08T11:50:00+00:00,66375.82,66495.83,66286.31,66488.32,688
2026-07-08T11:55:00+00:00,66488.32,66565.81,66411.31,66453.33,669
2026-07-08T12:00:00+00:00,66453.33,66490.82,66311.31,66475.83,718
2026-07-08T12:05:00+00:00,66475.83,66670.82,66475.83,66650.81,765
2026-07-08T12:10:00+00:00,66650.81,66680.83,66581.32,66593.33,568
2026-07-08T12:15:00+00:00,66593.33,66640.82,66575.81,66598.33,505
2026-07-08T12:20:00+00:00,66598.33,66623.33,66520.83,66523.31,433
2026-07-08T12:25:00+00:00,66523.31,66653.33,66508.33,66635.81,455
2026-07-08T12:30:00+00:00,66635.81,66695.83,66555.81,66590.82,651
2026-07-08T12:35:00+00:00,66590.82,66635.82,66558.31,66608.33,512
2026-07-08T12:40:00+00:00,66608.33,66665.83,66563.31,66660.82,577
2026-07-08T12:45:00+00:00,66660.82,66678.32,66590.82,66633.32,535
2026-07-08T12:50:00+00:00,66633.32,66745.83,66633.32,66730.82,508
2026-07-08T12:55:00+00:00,66730.82,66798.33,66558.33,66568.33,1545
2026-07-08T13:00:00+00:00,66568.33,66720.81,66555.81,66715.82,848
2026-07-08T13:05:00+00:00,66715.82,66738.33,66631.33,66713.33,802
2026-07-08T13:10:00+00:00,66713.33,66805.82,66661.31,66783.32,804
2026-07-08T13:15:00+00:00,66783.32,66803.32,66730.81,66730.82,606
2026-07-08T13:20:00+00:00,66730.82,66738.33,66665.82,66713.33,555
2026-07-08T13:25:00+00:00,66713.33,66803.33,66658.31,66740.82,1049
2026-07-08T13:30:00+00:00,66740.82,67045.83,66740.82,67010.81,3286
2026-07-08T13:35:00+00:00,67010.81,67113.33,66915.82,67050.82,2742
2026-07-08T13:40:00+00:00,67050.82,67183.32,67026.32,67145.81,2345
2026-07-08T13:45:00+00:00,67145.81,67275.83,67078.33,67085.82,1978
2026-07-08T13:50:00+00:00,67085.82,67205.83,67045.83,67095.81,2062
2026-07-08T13:55:00+00:00,67095.81,67280.82,67033.32,67215.83,2010
2026-07-08T14:00:00+00:00,67215.83,67250.83,67100.81,67145.82,2310
2026-07-08T14:05:00+00:00,67145.82,67230.83,67113.31,67190.83,1950
2026-07-08T14:10:00+00:00,67190.83,67235.83,67090.82,67143.31,1846
2026-07-08T14:15:00+00:00,67143.31,67250.83,67065.82,67188.31,1976
2026-07-08T14:20:00+00:00,67188.31,67403.33,67163.32,67223.31,2278
2026-07-08T14:25:00+00:00,67223.31,67333.33,67095.82,67180.81,2113
2026-07-08T14:30:00+00:00,67180.81,67320.83,67133.32,67253.32,2016
2026-07-08T14:35:00+00:00,67253.32,67260.83,67115.83,67125.83,1851
2026-07-08T14:40:00+00:00,67125.83,67180.81,67023.31,67110.82,1575
2026-07-08T14:45:00+00:00,67110.82,67120.83,66893.33,66893.33,1365
2026-07-08T14:50:00+00:00,66893.33,67145.81,66853.31,67060.81,2173
2026-07-08T14:55:00+00:00,67060.81,67170.83,67018.32,67098.32,1860
2026-07-08T15:00:00+00:00,67098.32,67125.83,66978.31,66990.83,1187
2026-07-08T15:05:00+00:00,66990.83,67080.81,66973.31,67010.81,1285
2026-07-08T15:10:00+00:00,67010.81,67045.83,66843.33,66863.33,1187
2026-07-08T15:15:00+00:00,66863.33,66923.31,66723.31,66863.32,1401
2026-07-08T15:20:00+00:00,66863.32,66893.32,66611.31,66633.33,1125
2026-07-08T15:25:00+00:00,66633.33,66713.31,66618.31,66680.83,1608
2026-07-08T15:30:00+00:00,66680.83,66810.83,66628.31,66805.83,1717
2026-07-08T15:35:00+00:00,66805.83,66968.33,66763.32,66840.82,1384
2026-07-08T15:40:00+00:00,66840.82,66955.83,66833.33,66933.31,1155
2026-07-08T15:45:00+00:00,66933.31,66960.82,66850.83,66915.82,1265
2026-07-08T15:50:00+00:00,66915.82,66930.82,66840.82,66895.82,1225
2026-07-08T15:55:00+00:00,66895.82,66945.83,66840.82,66913.33,1396
2026-07-08T16:00:00+00:00,66913.33,67025.83,66913.33,66998.33,1145
2026-07-08T16:05:00+00:00,66998.33,67105.82,66985.82,67090.83,951
2026-07-08T16:10:00+00:00,67090.83,67213.32,67088.31,67180.83,946
2026-07-08T16:15:00+00:00,67180.83,67273.31,67133.33,67270.82,890
2026-07-08T16:20:00+00:00,67270.82,67358.32,67255.81,67265.82,783
2026-07-08T16:25:00+00:00,67265.82,67343.32,67255.81,67295.83,800
2026-07-08T16:30:00+00:00,67295.83,67410.83,67218.32,67220.81,837
2026-07-08T16:35:00+00:00,67220.81,67365.83,67165.81,67325.83,1209
2026-07-08T16:40:00+00:00,67325.83,67485.83,67266.33,67445.81,1839
2026-07-08T16:45:00+00:00,67445.81,67500.83,67395.82,67493.32,879
2026-07-08T16:50:00+00:00,67493.32,67545.83,67450.83,67515.83,705
2026-07-08T16:55:00+00:00,67515.83,67565.81,67495.81,67545.82,428
2026-07-08T17:00:00+00:00,67545.82,67550.82,67466.32,67490.83,472
2026-07-08T17:05:00+00:00,67490.83,67640.82,67475.83,67538.31,583
2026-07-08T17:10:00+00:00,67538.31,67590.83,67490.81,67495.81,506
2026-07-08T17:15:00+00:00,67495.81,67595.83,67488.31,67580.83,446
2026-07-08T17:20:00+00:00,67580.83,67648.31,67565.81,67648.31,473
2026-07-08T17:25:00+00:00,67648.31,67703.31,67640.82,67690.81,491
2026-07-08T17:30:00+00:00,67690.81,67733.31,67678.31,67688.32,433
2026-07-08T17:35:00+00:00,67688.32,67715.82,67660.81,67663.33,372
2026-07-08T17:40:00+00:00,67663.33,67665.81,67608.31,67630.82,402
2026-07-08T17:45:00+00:00,67630.82,67633.32,67538.31,67550.83,528
2026-07-08T17:50:00+00:00,67550.83,67630.82,67540.81,67550.83,384
2026-07-08T17:55:00+00:00,67550.83,67550.83,67456.31,67513.33,231
2026-07-08T18:00:00+00:00,67513.33,67686.33,67466.32,67646.32,847
2026-07-08T18:05:00+00:00,67646.32,67670.83,67596.31,67656.31,514
2026-07-08T18:10:00+00:00,67656.31,67705.82,67611.31,67670.81,373
2026-07-08T18:15:00+00:00,67670.81,67690.81,67605.81,67673.31,313
2026-07-08T18:20:00+00:00,67673.31,67673.31,67595.82,67600.81,421
2026-07-08T18:25:00+00:00,67600.81,67650.82,67580.82,67583.32,432
2026-07-08T18:30:00+00:00,67583.32,67588.33,67515.83,67538.33,477
2026-07-08T18:35:00+00:00,67538.33,67638.31,67515.81,67618.31,432
2026-07-08T18:40:00+00:00,67618.31,67635.82,67545.81,67623.31,380
2026-07-08T18:45:00+00:00,67623.31,67643.32,67573.33,67633.33,333
2026-07-08T18:50:00+00:00,67633.33,67663.31,67598.31,67615.81,460
2026-07-08T18:55:00+00:00,67615.81,67633.33,67573.32,67633.31,314
2026-07-08T19:00:00+00:00,67633.31,67725.82,67618.33,67648.33,477
2026-07-08T19:05:00+00:00,67648.33,67685.83,67593.31,67673.33,476
2026-07-08T19:10:00+00:00,67673.33,67680.82,67628.31,67643.33,450
2026-07-08T19:15:00+00:00,67643.33,67663.31,67608.31,67618.32,389
2026-07-08T19:20:00+00:00,67618.32,67680.83,67613.31,67623.32,363
2026-07-08T19:25:00+00:00,67623.32,67695.82,67610.83,67670.81,410
2026-07-08T19:30:00+00:00,67670.81,67700.83,67608.33,67620.83,657
2026-07-08T19:35:00+00:00,67620.83,67685.83,67593.31,67643.32,413
2026-07-08T19:40:00+00:00,67643.32,67668.31,67583.32,67660.82,386
2026-07-08T19:45:00+00:00,67660.82,67675.82,67565.83,67630.82,522
2026-07-08T19:50:00+00:00,67630.82,67793.32,67613.31,67793.31,787
2026-07-08T19:55:00+00:00,67793.31,67843.33,67761.31,67765.81,700
2026-07-08T20:00:00+00:00,67765.81,67780.81,67686.31,67745.83,304
2026-07-08T20:05:00+00:00,67745.83,67745.83,67685.82,67740.81,130
2026-07-08T20:10:00+00:00,67740.81,67740.81,67636.32,67691.33,314
2026-07-08T20:15:00+00:00,67691.33,67705.82,67596.31,67601.31,169
2026-07-08T20:20:00+00:00,67601.31,67618.32,67565.81,67593.31,93
2026-07-08T20:25:00+00:00,67593.31,67615.82,67576.32,67600.81,79
2026-07-08T20:30:00+00:00,67600.81,67638.31,67571.31,67635.82,160
2026-07-08T20:35:00+00:00,67635.82,67680.81,67576.31,67675.81,242
2026-07-08T20:40:00+00:00,67675.81,67745.83,67661.31,67698.33,186
2026-07-08T20:45:00+00:00,67698.33,67718.33,67665.82,67678.33,136
2026-07-08T20:50:00+00:00,67678.33,67718.33,67671.31,67671.31,142
2026-07-08T20:55:00+00:00,67671.31,67695.83,67586.31,67663.31,200
2026-07-08T22:00:00+00:00,67658.31,67735.67,67658.31,67720.65,11
2026-07-08T22:05:00+00:00,67720.65,67765.67,67690.65,67715.65,39
2026-07-08T22:10:00+00:00,67715.65,67725.17,67680.67,67680.67,34
2026-07-08T22:15:00+00:00,67680.67,67705.65,67635.65,67650.67,30
2026-07-08T22:20:00+00:00,67650.67,67650.67,67635.65,67640.67,15
2026-07-08T22:25:00+00:00,67640.67,67670.66,67640.65,67670.66,22
2026-07-08T22:30:00+00:00,67670.66,67750.67,67670.66,67745.17,40
2026-07-08T22:35:00+00:00,67745.17,67745.17,67685.65,67690.65,25
2026-07-08T22:40:00+00:00,67690.65,67720.16,67690.65,67710.65,12
2026-07-08T22:45:00+00:00,67710.65,67720.66,67705.65,67710.66,9
2026-07-08T22:50:00+00:00,67710.66,67730.67,67680.65,67685.16,36
2026-07-08T22:55:00+00:00,67685.16,67747.65,67685.16,67730.65,21
2026-07-08T23:00:00+00:00,67730.65,67765.16,67710.65,67740.66,43
2026-07-08T23:05:00+00:00,67740.66,67799.65,67730.66,67782.63999999998,27.648874972693513
2026-07-08T23:10:00+00:00,67782.63999999998,67827.15999999999,67777.65,67782.63999999998,54
2026-07-08T23:15:00+00:00,67782.63999999998,67792.65999999999,67727.65,67727.65999999999,16
2026-07-08T23:20:00+00:00,67727.65999999999,67727.65999999999,67672.63999999998,67702.65,23
2026-07-08T23:25:00+00:00,67702.65,67762.65999999999,67672.65,67742.65,50
2026-07-08T23:30:00+00:00,67742.65,67802.15999999999,67637.65999999999,67792.65,104
2026-07-08T23:35:00+00:00,67792.65,67862.65999999999,67747.65,67847.65999999999,146
2026-07-08T23:40:00+00:00,67847.65999999999,67912.63999999998,67807.63999999998,67822.63999999998,93
2026-07-08T23:45:00+00:00,67822.63999999998,67977.63999999998,67667.63999999998,67707.65,571
2026-07-08T23:50:00+00:00,67707.65,67747.65,67607.63999999998,67667.65,349
2026-07-08T23:55:00+00:00,67667.65,67824.65,67632.63999999998,67697.63999999998,319
2026-07-09T00:00:00+00:00,67697.63999999998,67912.65,67692.63999999998,67822.63999999998,1200
2026-07-09T00:05:00+00:00,67822.63999999998,68022.65999999999,67802.63999999998,67932.63999999998,1014
2026-07-09T00:10:00+00:00,67932.63999999998,68132.15,67752.63999999998,68122.65999999999,1111
2026-07-09T00:15:00+00:00,68122.65999999999,68282.15999999999,67887.63999999998,67892.13999999998,2238
2026-07-09T00:20:00+00:00,67892.13999999998,68142.65999999999,67792.63999999998,67967.63999999998,1591
2026-07-09T00:25:00+00:00,67967.63999999998,68222.15,67862.65,68172.15999999999,1331
2026-07-09T00:30:00+00:00,68172.15999999999,68272.15999999999,68082.63999999998,68132.63999999998,1826
2026-07-09T00:35:00+00:00,68132.63999999998,68287.15999999999,68052.63999999998,68202.65,1608
2026-07-09T00:40:00+00:00,68202.65,68332.15999999999,68107.63999999998,68262.65,1309
2026-07-09T00:45:00+00:00,68262.65,68427.15999999999,68237.63999999998,68392.65999999999,1081
2026-07-09T00:50:00+00:00,68392.65999999999,68407.15999999999,67982.63999999998,68007.63999999998,1205
2026-07-09T00:55:00+00:00,68007.63999999998,68132.63999999998,67957.65,68102.65999999999,1510
2026-07-09T01:00:00+00:00,68102.65999999999,68252.15,68062.63999999998,68162.65999999999,1906
2026-07-09T01:05:00+00:00,68162.65999999999,68467.15999999999,68107.63999999998,68452.63999999998,1407
2026-07-09T01:10:00+00:00,68452.63999999998,68482.65,68352.63999999998,68352.63999999998,1118
2026-07-09T01:15:00+00:00,68352.63999999998,68527.13999999998,68337.65,68397.65,962
2026-07-09T01:20:00+00:00,68397.65,68442.65999999999,68137.65,68157.63999999998,819
2026-07-09T01:25:00+00:00,68157.63999999998,68232.15999999999,68067.63999999998,68212.15999999999,1023
2026-07-09T01:30:00+00:00,68212.15999999999,68284.65999999999,68142.65,68167.63999999998,1456
2026-07-09T01:35:00+00:00,68167.63999999998,68232.15999999999,68122.63999999998,68187.65,1140
2026-07-09T01:40:00+00:00,68187.65,68319.65999999999,68112.65999999999,68302.65999999999,1055
2026-07-09T01:45:00+00:00,68302.65999999999,68322.15,68167.63999999998,68262.65999999999,865
2026-07-09T01:50:00+00:00,68262.65999999999,68302.13999999998,67987.63999999998,67987.65999999999,995
2026-07-09T01:55:00+00:00,67987.65999999999,68052.15999999999,67902.65999999999,67937.65999999999,1965
2026-07-09T02:00:00+00:00,67937.65999999999,68022.15999999999,67817.65,67982.13999999998,1835
2026-07-09T02:05:00+00:00,67982.13999999998,68262.13999999998,67942.63999999998,68257.13999999998,1456
2026-07-09T02:10:00+00:00,68257.13999999998,68382.15,68212.65,68362.65999999999,1200
2026-07-09T02:15:00+00:00,68362.65999999999,68562.15999999999,68342.63999999998,68537.65999999999,811
2026-07-09T02:20:00+00:00,68537.65999999999,68592.15,68337.63999999998,68337.63999999998,1000
2026-07-09T02:25:00+00:00,68337.63999999998,68417.15,68267.63999999998,68392.13999999998,803
2026-07-09T02:30:00+00:00,68392.13999999998,68394.65,68247.63999999998,68257.65,799
2026-07-09T02:35:00+00:00,68257.65,68297.13999999998,68147.63999999998,68247.65999999999,733
2026-07-09T02:40:00+00:00,68247.65999999999,68287.13999999998,68112.63999999998,68112.65999999999,510
2026-07-09T02:45:00+00:00,68112.65999999999,68132.15999999999,68027.63999999998,68067.15999999999,671
2026-07-09T02:50:00+00:00,68067.15999999999,68067.15999999999,67902.63999999998,67957.65,710
2026-07-09T02:55:00+00:00,67957.65,68002.15999999999,67867.63999999998,67904.63999999998,604
2026-07-09T03:00:00+00:00,67904.63999999998,67922.15999999999,67752.63999999998,67777.63999999998,887
2026-07-09T03:05:00+00:00,67777.63999999998,67892.15,67777.63999999998,67857.15,906
2026-07-09T03:10:00+00:00,67857.15,67867.15999999999,67707.65,67747.63999999998,768
2026-07-09T03:15:00+00:00,67747.63999999998,67792.15999999999,67627.63999999998,67727.65999999999,1012
2026-07-09T03:20:00+00:00,67727.65999999999,67897.15999999999,67727.65999999999,67889.63999999998,1076
2026-07-09T03:25:00+00:00,67889.63999999998,68067.15,67867.65999999999,68052.65999999999,638
2026-07-09T03:30:00+00:00,68052.65999999999,68187.15999999999,67972.63999999998,68127.63999999998,1481
2026-07-09T03:35:00+00:00,68127.63999999998,68167.15999999999,68077.63999999998,68112.65,1135
2026-07-09T03:40:00+00:00,68112.65,68139.65999999999,67987.63999999998,68087.13999999998,1214
2026-07-09T03:45:00+00:00,68087.13999999998,68237.13999999998,68077.63999999998,68172.63999999998,837
2026-07-09T03:50:00+00:00,68172.63999999998,68214.65999999999,68072.63999999998,68102.65999999999,838
2026-07-09T03:55:00+00:00,68102.65999999999,68177.15999999999,68072.63999999998,68102.63999999998,728
2026-07-09T04:00:00+00:00,68102.63999999998,68199.63999999998,68082.63999999998,68167.63999999998,740
2026-07-09T04:05:00+00:00,68167.63999999998,68197.15999999999,68077.65,68137.63999999998,748
2026-07-09T04:10:00+00:00,68137.63999999998,68142.13999999998,68027.63999999998,68092.65,595
2026-07-09T04:15:00+00:00,68092.65,68172.15999999999,67987.65,67992.63999999998,714
2026-07-09T04:20:00+00:00,67992.63999999998,68007.15,67807.63999999998,67812.15,532
2026-07-09T04:25:00+00:00,67812.15,67912.15,67762.63999999998,67862.65,993
2026-07-09T04:30:00+00:00,67862.65,68057.15,67862.63999999998,67962.65999999999,732
2026-07-09T04:35:00+00:00,67962.65999999999,68057.63999999998,67922.63999999998,68032.65999999999,626
2026-07-09T04:40:00+00:00,68032.65999999999,68102.13999999998,67997.63999999998,68047.63999999998,537
2026-07-09T04:45:00+00:00,68047.63999999998,68052.65999999999,67947.63999999998,67967.65,746
2026-07-09T04:50:00+00:00,67967.65,68067.15999999999,67962.63999999998,68057.15999999999,529
2026-07-09T04:55:00+00:00,68057.15999999999,68102.15,67972.63999999998,67972.63999999998,546
2026-07-09T05:00:00+00:00,67972.63999999998,68057.15999999999,67867.15999999999,67892.65,708
2026-07-09T05:05:00+00:00,67892.65,67912.15,67747.63999999998,67862.65,642
2026-07-09T05:10:00+00:00,67862.65,68192.15999999999,67862.65,67987.65,1701
2026-07-09T05:15:00+00:00,67987.65,68022.15,67732.63999999998,67752.63999999998,1036
2026-07-09T05:20:00+00:00,67752.63999999998,67812.15999999999,67687.65,67762.65999999999,1019
2026-07-09T05:25:00+00:00,67762.65999999999,67857.15999999999,67737.63999999998,67747.65999999999,865
2026-07-09T05:30:00+00:00,67747.65999999999,67797.15999999999,67577.65,67792.65999999999,918
2026-07-09T05:35:00+00:00,67792.65999999999,67882.15,67757.65,67842.63999999998,923
2026-07-09T05:40:00+00:00,67842.63999999998,67927.15999999999,67792.63999999998,67922.63999999998,719
2026-07-09T05:45:00+00:00,67922.63999999998,67959.65999999999,67872.65,67957.63999999998,554
2026-07-09T05:50:00+00:00,67957.63999999998,68112.15999999999,67932.63999999998,68092.15,583
2026-07-09T05:55:00+00:00,68092.15,68227.15,68072.63999999998,68212.65999999999,593
2026-07-09T06:00:00+00:00,68212.65999999999,68272.65,68102.65,68142.15999999999,758
2026-07-09T06:05:00+00:00,68142.15999999999,68157.15,68052.63999999998,68082.15,558
2026-07-09T06:10:00+00:00,68082.15,68084.65999999999,67972.13999999998,68012.13999999998,305
2026-07-09T06:15:00+00:00,68012.13999999998,68029.65,67914.65,67917.13999999998,444
2026-07-09T06:20:00+00:00,67917.13999999998,67987.15999999999,67877.15,67922.15,719
2026-07-09T06:25:00+00:00,67922.15,68069.65,67907.15,68039.63999999998,701
2026-07-09T06:30:00+00:00,68039.63999999998,68087.15999999999,67829.63999999998,67987.13999999998,1303
2026-07-09T06:35:00+00:00,67987.13999999998,68027.15999999999,67817.65,67892.15,623
2026-07-09T06:40:00+00:00,67892.15,67957.13999999998,67884.63999999998,67912.15999999999,131
2026-07-09T06:45:00+00:00,67912.15999999999,67912.15999999999,67827.65,67857.15999999999,112
2026-07-09T06:50:00+00:00,67857.15999999999,67947.15999999999,67857.15999999999,67932.13999999998,62
2026-07-09T06:55:00+00:00,67932.13999999998,67932.13999999998,67847.63999999998,67872.15,99
2026-07-09T07:00:00+00:00,67872.15,67962.15,67867.63999999998,67907.13999999998,242
2026-07-09T07:05:00+00:00,67907.13999999998,67917.15999999999,67847.63999999998,67877.15,221
2026-07-09T07:10:00+00:00,67877.15,67932.15,67837.13999999998,67932.15,167
2026-07-09T07:15:00+00:00,67932.15,67974.65,67917.65999999999,67954.65,142
2026-07-09T07:20:00+00:00,67954.65,67957.15999999999,67872.15,67957.15999999999,191
2026-07-09T07:25:00+00:00,67957.15999999999,67972.15,67897.13999999998,67904.63999999998,164
2026-07-09T07:30:00+00:00,67904.63999999998,67934.65,67869.63999999998,67877.13999999998,182
2026-07-09T07:35:00+00:00,67877.13999999998,67914.65,67857.13999999998,67904.65999999999,161
2026-07-09T07:40:00+00:00,67904.65999999999,68022.15999999999,67872.13999999998,68019.65999999999,118
2026-07-09T07:45:00+00:00,68019.65999999999,68044.65999999999,67987.65,68022.13999999998,157
2026-07-09T07:50:00+00:00,68022.13999999998,68067.15999999999,68002.65,68012.15999999999,126
2026-07-09T07:55:00+00:00,68012.15999999999,68014.65999999999,67952.13999999998,67977.15999999999,236
2026-07-09T08:00:00+00:00,67977.15999999999,67979.65999999999,67824.65,67942.15999999999,940
2026-07-09T08:05:00+00:00,67942.15999999999,68042.15,67934.63999999998,68007.15999999999,616
2026-07-09T08:10:00+00:00,68007.15999999999,68052.13999999998,67962.13999999998,67982.15,440
2026-07-09T08:15:00+00:00,67982.15,68149.65,67977.15,68089.65999999999,477
2026-07-09T08:20:00+00:00,68089.65999999999,68099.65,68029.65999999999,68097.15999999999,398
2026-07-09T08:25:00+00:00,68097.15999999999,68162.15999999999,68084.65,68157.15,446
2026-07-09T08:30:00+00:00,68157.15,68189.65999999999,67959.63999999998,67962.13999999998,566
2026-07-09T08:35:00+00:00,67962.13999999998,67979.65999999999,67882.15999999999,67887.15999999999,532
2026-07-09T08:40:00+00:00,67887.15999999999,67932.15999999999,67852.13999999998,67892.15,413
2026-07-09T08:45:00+00:00,67892.15,67907.13999999998,67789.65999999999,67824.65999999999,391
2026-07-09T08:50:00+00:00,67824.65999999999,67894.63999999998,67819.65,67882.15,411
2026-07-09T08:55:00+00:00,67882.15,67932.15999999999,67849.63999999998,67877.13999999998,306
2026-07-09T09:00:00+00:00,67877.13999999998,67922.15,67799.65,67819.65999999999,497
2026-07-09T09:05:00+00:00,67819.65999999999,67869.65999999999,67772.15,67817.13999999998,384
2026-07-09T09:10:00+00:00,67817.13999999998,67829.65999999999,67764.63999999998,67794.63999999998,366
2026-07-09T09:15:00+00:00,67794.63999999998,67814.65999999999,67734.65,67747.15,426
2026-07-09T09:20:00+00:00,67747.15,67779.65999999999,67729.65999999999,67747.13999999998,376
2026-07-09T09:25:00+00:00,67747.13999999998,67797.15999999999,67712.13999999998,67757.15,351
2026-07-09T09:30:00+00:00,67757.15,67789.65,67699.65999999999,67734.65,471
2026-07-09T09:35:00+00:00,67734.65,67772.15,67699.63999999998,67727.13999999998,367
2026-07-09T09:40:00+00:00,67727.13999999998,67747.15999999999,67612.65,67642.15999999999,605
2026-07-09T09:45:00+00:00,67642.15999999999,67714.63999999998,67642.15,67692.15,355
2026-07-09T09:50:00+00:00,67692.15,67764.63999999998,67682.13999999998,67747.15999999999,261
2026-07-09T09:55:00+00:00,67747.15999999999,67772.15999999999,67729.63999999998,67754.65,243
2026-07-09T10:00:00+00:00,67754.65,67762.15,67694.65,67732.13999999998,269
2026-07-09T10:05:00+00:00,67732.13999999998,67757.15999999999,67687.13999999998,67714.63999999998,291
2026-07-09T10:10:00+00:00,67714.63999999998,67779.65999999999,67714.63999999998,67752.15999999999,260
2026-07-09T10:15:00+00:00,67752.15999999999,67827.15999999999,67744.63999999998,67807.13999999998,224
2026-07-09T10:20:00+00:00,67807.13999999998,67819.65999999999,67754.65999999999,67762.15,160
2026-07-09T10:25:00+00:00,67762.15,67762.15,67697.13999999998,67744.63999999998,339
2026-07-09T10:30:00+00:00,67744.63999999998,67754.65,67647.15,67697.15999999999,348
2026-07-09T10:35:00+00:00,67697.15999999999,67749.65999999999,67682.13999999998,67717.13999999998,273
2026-07-09T10:40:00+00:00,67717.13999999998,67749.65999999999,67687.13999999998,67737.15,325
2026-07-09T10:45:00+00:00,67737.15,67749.65999999999,67597.15999999999,67599.65,555
2026-07-09T10:50:00+00:00,67599.65,67624.65,67464.63999999998,67534.63999999998,804
2026-07-09T10:55:00+00:00,67534.63999999998,67632.15999999999,67482.13999999998,67627.13999999998,641
2026-07-09T11:00:00+00:00,67627.13999999998,67727.15999999999,67627.13999999998,67709.63999999998,325
2026-07-09T11:05:00+00:00,67709.63999999998,67727.15,67584.63999999998,67652.15,445
2026-07-09T11:10:00+00:00,67652.15,67727.15999999999,67639.65999999999,67714.65,292
2026-07-09T11:15:00+00:00,67714.65,67714.65999999999,67647.65,67654.65,202
2026-07-09T11:20:00+00:00,67654.65,67734.65,67639.65999999999,67699.65,488
2026-07-09T11:25:00+00:00,67699.65,67762.15999999999,67699.65,67737.15999999999,237
2026-07-09T11:30:00+00:00,67737.15999999999,67859.65,67699.63999999998,67852.13999999998,377
2026-07-09T11:35:00+00:00,67852.13999999998,67897.13999999998,67827.13999999998,67877.13999999998,241
2026-07-09T11:40:00+00:00,67877.13999999998,67927.15,67847.15999999999,67917.13999999998,317
2026-07-09T11:45:00+00:00,67917.13999999998,67984.65999999999,67907.13999999998,67972.15999999999,434
2026-07-09T11:50:00+00:00,67972.15999999999,68059.65999999999,67959.65,67992.13999999998,391
2026-07-09T11:55:00+00:00,67992.13999999998,68042.13999999998,67989.65999999999,68004.65,271
2026-07-09T12:00:00+00:00,68004.65,68029.65999999999,67952.63999999998,67992.15,320
2026-07-09T12:05:00+00:00,67992.15,68104.65,67957.13999999998,68082.13999999998,316
2026-07-09T12:10:00+00:00,68082.13999999998,68109.65999999999,68052.15,68067.15999999999,286
2026-07-09T12:15:00+00:00,68067.15999999999,68107.13999999998,68047.65,68084.65,260
2026-07-09T12:20:00+00:00,68084.65,68109.65999999999,68067.15999999999,68109.65999999999,284
2026-07-09T12:25:00+00:00,68109.65999999999,68152.15,68092.65999999999,68147.65,240
2026-07-09T12:30:00+00:00,68147.65,68242.15999999999,68132.13999999998,68224.65999999999,348
2026-07-09T12:35:00+00:00,68224.65999999999,68319.65999999999,68217.63999999998,68317.15999999999,282
2026-07-09T12:40:00+00:00,68317.15999999999,68327.15999999999,68194.63999999998,68207.13999999998,307
2026-07-09T12:45:00+00:00,68207.13999999998,68207.15999999999,68129.65,68199.65,395
2026-07-09T12:50:00+00:00,68199.65,68264.65999999999,68194.63999999998,68252.15999999999,325
2026-07-09T12:55:00+00:00,68252.15999999999,68267.15,68227.15999999999,68257.15999999999,221
2026-07-09T13:00:00+00:00,68257.15999999999,68392.15999999999,68247.13999999998,68377.13999999998,416
2026-07-09T13:05:00+00:00,68377.13999999998,68409.65999999999,68304.63999999998,68409.65999999999,291
2026-07-09T13:10:00+00:00,68409.65999999999,68427.15999999999,68347.65,68407.15,265
2026-07-09T13:15:00+00:00,68407.15,68414.65999999999,68362.63999999998,68374.65,358
2026-07-09T13:20:00+00:00,68374.65,68462.15999999999,68352.63999999998,68452.63999999998,276
2026-07-09T13:25:00+00:00,68452.63999999998,68502.13999999998,68427.63999999998,68482.15,352
2026-07-09T13:30:00+00:00,68482.15,68672.15999999999,68412.63999999998,68642.15999999999,1954
2026-07-09T13:35:00+00:00,68642.15999999999,68832.13999999998,68632.63999999998,68807.15,1067
2026-07-09T13:40:00+00:00,68807.15,68877.13999999998,68737.65,68862.15999999999,737
2026-07-09T13:45:00+00:00,68862.15999999999,68877.13999999998,68689.63999999998,68764.65,1073
2026-07-09T13:50:00+00:00,68764.65,68887.13999999998,68712.13999999998,68852.15999999999,916
2026-07-09T13:55:00+00:00,68852.15999999999,68937.15,68849.65,68887.15,637
2026-07-09T14:00:00+00:00,68887.15,68929.63999999998,68804.63999999998,68824.63999999998,828
2026-07-09T14:05:00+00:00,68824.63999999998,68879.65,68749.63999999998,68754.63999999998,841
2026-07-09T14:10:00+00:00,68754.63999999998,68757.15,68659.63999999998,68737.15999999999,1082
2026-07-09T14:15:00+00:00,68737.15999999999,68737.15999999999,68522.63999999998,68562.15,1644
2026-07-09T14:20:00+00:00,68562.15,68582.13999999998,68414.63999999998,68572.15,1497
2026-07-09T14:25:00+00:00,68572.15,68672.15999999999,68542.65,68647.15999999999,824
2026-07-09T14:30:00+00:00,68647.15999999999,68664.65999999999,68542.13999999998,68654.65999999999,1034
2026-07-09T14:35:00+00:00,68654.65999999999,68717.15,68612.63999999998,68707.15999999999,498
2026-07-09T14:40:00+00:00,68707.15999999999,68762.15999999999,68677.63999999998,68702.65999999999,379
2026-07-09T14:45:00+00:00,68702.65999999999,68837.15999999999,68702.63999999998,68812.15,354
2026-07-09T14:50:00+00:00,68812.15,68812.15,68632.65,68707.15999999999,769
2026-07-09T14:55:00+00:00,68707.15999999999,68789.65999999999,68697.63999999998,68737.15,453
2026-07-09T15:00:00+00:00,68737.15,68792.15999999999,68707.63999999998,68792.15999999999,401
2026-07-09T15:05:00+00:00,68792.15999999999,68882.15,68782.63999999998,68857.63999999998,288
2026-07-09T15:10:00+00:00,68857.63999999998,68877.15,68832.65999999999,68862.13999999998,217
2026-07-09T15:15:00+00:00,68862.13999999998,68922.15999999999,68787.65,68802.15,300
2026-07-09T15:20:00+00:00,68802.15,68882.15999999999,68787.63999999998,68867.15,215
2026-07-09T15:25:00+00:00,68867.15,68887.15999999999,68832.65,68842.63999999998,218
2026-07-09T15:30:00+00:00,68842.63999999998,68917.15999999999,68827.63999999998,68897.13999999998,425
2026-07-09T15:35:00+00:00,68897.13999999998,68927.15,68867.13999999998,68927.15,312
2026-07-09T15:40:00+00:00,68927.15,68967.15,68902.15,68902.15,252
2026-07-09T15:45:00+00:00,68902.15,68922.15999999999,68867.63999999998,68922.13999999998,151
2026-07-09T15:50:00+00:00,68922.13999999998,68962.15,68907.63999999998,68924.65999999999,128
2026-07-09T15:55:00+00:00,68924.65999999999,68927.13999999998,68862.65999999999,68867.13999999998,142
2026-07-09T16:00:00+00:00,68867.13999999998,68962.15999999999,68867.13999999998,68942.13999999998,134
2026-07-09T16:05:00+00:00,68942.13999999998,68997.13999999998,68937.15999999999,68962.63999999998,138
2026-07-09T16:10:00+00:00,68962.63999999998,68969.65999999999,68927.63999999998,68932.65999999999,117
2026-07-09T16:15:00+00:00,68932.65999999999,68954.65999999999,68887.63999999998,68907.15,149
2026-07-09T16:20:00+00:00,68907.15,68927.15999999999,68872.65,68894.65,253
2026-07-09T16:25:00+00:00,68894.65,68924.65,68872.63999999998,68889.63999999998,242
2026-07-09T16:30:00+00:00,68889.63999999998,68909.63999999998,68832.65,68837.13999999998,182
2026-07-09T16:35:00+00:00,68837.13999999998,68874.63999999998,68822.63999999998,68867.15999999999,210
2026-07-09T16:40:00+00:00,68867.15999999999,68909.65,68867.15999999999,68897.13999999998,102
2026-07-09T16:45:00+00:00,68897.13999999998,68912.15999999999,68882.63999999998,68892.15,155
2026-07-09T16:50:00+00:00,68892.15,68927.15,68892.15,68917.15999999999,78
2026-07-09T16:55:00+00:00,68917.15999999999,68917.15999999999,68872.63999999998,68892.65999999999,111
2026-07-09T17:00:00+00:00,68892.65999999999,68942.15,68892.65,68909.65,89
2026-07-09T17:05:00+00:00,68909.65,68967.15,68892.65999999999,68952.15,79
2026-07-09T17:10:00+00:00,68952.15,68997.15999999999,68947.63999999998,68967.15,87
2026-07-09T17:15:00+00:00,68967.15,68972.15,68937.63999999998,68964.65,50
2026-07-09T17:20:00+00:00,68964.65,68977.13999999998,68947.15999999999,68969.63999999998,78
2026-07-09T17:25:00+00:00,68969.63999999998,68974.65999999999,68952.15,68962.13999999998,59
2026-07-09T17:30:00+00:00,68962.13999999998,68987.15999999999,68927.63999999998,68959.65999999999,103
2026-07-09T17:35:00+00:00,68959.65999999999,68994.65999999999,68954.65999999999,68987.15,67
2026-07-09T17:40:00+00:00,68987.15,68989.63999999998,68967.13999999998,68979.65999999999,47
2026-07-09T17:45:00+00:00,68979.65999999999,69022.15999999999,68967.15999999999,69002.15,68
2026-07-09T17:50:00+00:00,69002.15,69024.63999999998,68987.15999999999,68989.65,74
2026-07-09T17:55:00+00:00,68989.65,68989.65,68922.13999999998,68984.63999999998,108
2026-07-09T18:00:00+00:00,68984.63999999998,69019.63999999998,68977.15,68982.13999999998,130
2026-07-09T18:05:00+00:00,68982.13999999998,69069.63999999998,68982.13999999998,69067.15999999999,133
2026-07-09T18:10:00+00:00,69067.15999999999,69074.65999999999,69049.65,69052.15999999999,87
2026-07-09T18:15:00+00:00,69052.15999999999,69057.13999999998,69002.65,69007.15999999999,73
2026-07-09T18:20:00+00:00,69007.15999999999,69007.15999999999,68947.15999999999,68947.15999999999,111
2026-07-09T18:25:00+00:00,68947.15999999999,68957.15999999999,68917.65999999999,68947.15,107
2026-07-09T18:30:00+00:00,68947.15,68957.15,68917.63999999998,68922.13999999998,70
2026-07-09T18:35:00+00:00,68922.13999999998,68957.15999999999,68902.63999999998,68942.15,162
2026-07-09T18:40:00+00:00,68942.15,68989.65999999999,68942.13999999998,68982.15999999999,136
2026-07-09T18:45:00+00:00,68982.15999999999,68989.65999999999,68952.63999999998,68962.15999999999,85
2026-07-09T18:50:00+00:00,68962.15999999999,68979.65999999999,68947.63999999998,68967.13999999998,100
2026-07-09T18:55:00+00:00,68967.13999999998,68992.15,68942.65,68982.15,106
2026-07-09T19:00:00+00:00,68982.15,68987.15,68892.63999999998,68892.63999999998,186
2026-07-09T19:05:00+00:00,68892.63999999998,68954.65999999999,68887.63999999998,68927.63999999998,185
2026-07-09T19:10:00+00:00,68927.63999999998,68952.15999999999,68917.63999999998,68927.15999999999,93
2026-07-09T19:15:00+00:00,68927.15999999999,68989.65,68907.65999999999,68987.15999999999,100
2026-07-09T19:20:00+00:00,68987.15999999999,69002.13999999998,68967.15999999999,68982.13999999998,74
2026-07-09T19:25:00+00:00,68982.13999999998,68987.15999999999,68952.63999999998,68982.13999999998,90
2026-07-09T19:30:00+00:00,68982.13999999998,68982.13999999998,68912.63999999998,68937.15999999999,138
2026-07-09T19:35:00+00:00,68937.15999999999,68972.15999999999,68922.65,68947.63999999998,87
2026-07-09T19:40:00+00:00,68947.63999999998,68972.15999999999,68937.63999999998,68967.13999999998,84
2026-07-09T19:45:00+00:00,68967.13999999998,69002.15999999999,68964.65999999999,68987.15999999999,81
2026-07-09T19:50:00+00:00,68987.15999999999,68999.65999999999,68912.15,68912.15,263
2026-07-09T19:55:00+00:00,68912.15,69032.15999999999,68912.15,69012.13999999998,432
2026-07-09T20:00:00+00:00,69012.13999999998,69027.13999999998,68972.13999999998,69012.15,100
2026-07-09T20:05:00+00:00,69012.15,69052.15999999999,69002.65,69049.63999999998,46
2026-07-09T20:10:00+00:00,69049.63999999998,69049.63999999998,69017.65,69022.13999999998,34
2026-07-09T20:15:00+00:00,69022.13999999998,69039.63999999998,69012.63999999998,69032.15999999999,20
2026-07-09T20:20:00+00:00,69032.15999999999,69032.15999999999,68997.63999999998,69002.15,18
2026-07-09T20:25:00+00:00,69002.15,69009.65999999999,68987.65,68997.65999999999,17
2026-07-09T20:30:00+00:00,68997.65999999999,69042.13999999998,68987.65999999999,69042.13999999998,24
2026-07-09T20:35:00+00:00,69042.13999999998,69057.13999999998,69027.63999999998,69042.13999999998,25
2026-07-09T20:40:00+00:00,69042.13999999998,69047.15,69024.63999999998,69037.13999999998,29
2026-07-09T20:45:00+00:00,69037.13999999998,69037.15999999999,69017.63999999998,69017.63999999998,23
2026-07-09T20:50:00+00:00,69017.63999999998,69027.15,69002.63999999998,69012.13999999998,35
2026-07-09T20:55:00+00:00,69012.13999999998,69039.65999999999,69012.13999999998,69039.65999999999,50
2026-07-09T22:05:00+00:00,69037.67,69062.88,68985.87,69015.87,28
2026-07-09T22:10:00+00:00,69015.87,69015.87,68985.87,68985.89,13
2026-07-09T22:15:00+00:00,68985.89,68990.89,68950.88,68950.88,28
2026-07-09T22:20:00+00:00,68950.88,68965.38,68940.88,68960.89,14
2026-07-09T22:25:00+00:00,68960.89,68970.37,68840.87,68840.89,39
2026-07-09T22:30:00+00:00,68840.89,68850.88,68805.87,68835.88,22
2026-07-09T22:35:00+00:00,68835.88,68850.89,68835.87,68835.88,14
2026-07-09T22:40:00+00:00,68835.88,68875.39,68835.87,68860.88,15
2026-07-09T22:45:00+00:00,68860.88,68900.39,68860.87,68885.87,22
2026-07-09T22:50:00+00:00,68885.87,68925.37,68855.89,68855.89,36
2026-07-09T22:55:00+00:00,68855.89,68882.88,68845.88,68865.89,20
2026-07-09T23:00:00+00:00,68865.89,68890.87,68825.87,68890.87,35
2026-07-09T23:05:00+00:00,68890.87,68910.37,68870.87,68895.88,26
2026-07-09T23:10:00+00:00,68895.88,68910.37,68848.39,68848.39,20.669949222957378
2026-07-09T23:15:00+00:00,68848.39,68893.38,68838.38,68893.38,21
2026-07-09T23:20:00+00:00,68893.38,68942.87,68893.38,68933.39,39
2026-07-09T23:25:00+00:00,68933.39,69017.89,68933.38,68988.39,46
2026-07-09T23:30:00+00:00,68988.39,69008.39,68933.37,68967.88,74
2026-07-09T23:35:00+00:00,68967.88,68992.88,68918.37,68953.38,32
2026-07-09T23:40:00+00:00,68953.38,69002.89,68918.39,68952.87,134
2026-07-09T23:45:00+00:00,68952.87,69098.39,68893.37,69038.37,559
2026-07-09T23:50:00+00:00,69038.37,69198.37,69038.37,69138.37,181
2026-07-09T23:55:00+00:00,69138.37,69290.37,69078.37,69178.39,290
2026-07-10T00:00:00+00:00,69178.39,69298.39,68788.39,68828.39,1245
2026-07-10T00:05:00+00:00,68828.39,68897.89,68653.37,68723.38,1022
2026-07-10T00:10:00+00:00,68723.38,68872.87,68603.39,68858.37,979
2026-07-10T00:15:00+00:00,68858.37,69027.89,68798.37,68988.38,1682
2026-07-10T00:20:00+00:00,68988.38,69092.88,68738.37,68813.37,1639
2026-07-10T00:25:00+00:00,68813.37,68912.89,68628.37,68718.37,1479
2026-07-10T00:30:00+00:00,68718.37,68887.89,68593.39,68663.37,1317
2026-07-10T00:35:00+00:00,68663.37,68842.89,68628.38,68723.38,1467
2026-07-10T00:40:00+00:00,68723.38,68902.89,68693.37,68818.38,1131
2026-07-10T00:45:00+00:00,68818.38,68937.89,68778.37,68868.38,1091
2026-07-10T00:50:00+00:00,68868.38,68993.39,68818.38,68983.38,807
2026-07-10T00:55:00+00:00,68983.38,69237.87,68983.38,69237.87,707
2026-07-10T01:00:00+00:00,69237.87,69297.89,69063.39,69073.39,1022
2026-07-10T01:05:00+00:00,69073.39,69163.38,69070.37,69098.38,988
2026-07-10T01:10:00+00:00,69098.38,69122.89,68978.37,69048.39,666
2026-07-10T01:15:00+00:00,69048.39,69102.88,68953.37,69003.37,567
2026-07-10T01:20:00+00:00,69003.37,69107.88,68888.37,69090.39,387
2026-07-10T01:25:00+00:00,69090.39,69247.89,69013.37,69247.89,480
2026-07-10T01:30:00+00:00,69247.89,69422.88,69193.39,69355.37,733
2026-07-10T01:35:00+00:00,69355.37,69367.89,69218.38,69318.37,866
2026-07-10T01:40:00+00:00,69318.37,69362.88,69193.38,69297.87,644
2026-07-10T01:45:00+00:00,69297.87,69482.89,69268.37,69433.38,483
2026-07-10T01:50:00+00:00,69433.38,69455.39,69348.38,69382.88,532
2026-07-10T01:55:00+00:00,69382.88,69430.37,69318.37,69333.38,461
2026-07-10T02:00:00+00:00,69333.38,69362.89,69148.37,69242.89,705
2026-07-10T02:05:00+00:00,69242.89,69267.89,69123.38,69213.39,529
2026-07-10T02:10:00+00:00,69213.39,69222.89,69013.37,69083.38,461
2026-07-10T02:15:00+00:00,69083.38,69107.89,68953.37,69002.87,594
2026-07-10T02:20:00+00:00,69002.87,69027.89,68848.39,68947.89,731
2026-07-10T02:25:00+00:00,68947.89,69052.88,68943.37,69052.88,626
2026-07-10T02:30:00+00:00,69052.88,69178.38,69013.37,69173.39,424
2026-07-10T02:35:00+00:00,69173.39,69187.87,69108.38,69173.37,293
2026-07-10T02:40:00+00:00,69173.37,69197.89,69158.38,69178.38,211
2026-07-10T02:45:00+00:00,69178.38,69210.39,69133.37,69183.37,197
2026-07-10T02:50:00+00:00,69183.37,69277.88,69183.37,69238.37,151
2026-07-10T02:55:00+00:00,69238.37,69297.89,69238.37,69263.37,153
2026-07-10T03:00:00+00:00,69263.37,69282.88,69218.39,69262.88,128
2026-07-10T03:05:00+00:00,69262.88,69312.89,69233.37,69273.38,115
2026-07-10T03:10:00+00:00,69273.38,69287.89,69248.37,69277.89,77
2026-07-10T03:15:00+00:00,69277.89,69287.89,69248.37,69257.88,105
2026-07-10T03:20:00+00:00,69257.88,69285.39,69218.37,69232.88,110
2026-07-10T03:25:00+00:00,69232.88,69237.89,69118.37,69137.88,169
2026-07-10T03:30:00+00:00,69137.88,69237.89,69108.37,69148.37,639
2026-07-10T03:35:00+00:00,69148.37,69172.87,69063.37,69123.37,339
2026-07-10T03:40:00+00:00,69123.37,69207.89,69058.38,69068.39,275
2026-07-10T03:45:00+00:00,69068.39,69102.89,68988.38,69063.38,264
2026-07-10T03:50:00+00:00,69063.38,69082.89,68973.39,69013.38,279
2026-07-10T03:55:00+00:00,69013.38,69132.87,69008.37,69083.39,302
2026-07-10T04:00:00+00:00,69083.39,69142.89,69028.39,69122.88,399
2026-07-10T04:05:00+00:00,69122.88,69172.87,69073.37,69077.87,347
2026-07-10T04:10:00+00:00,69077.87,69112.87,69048.38,69063.38,278
2026-07-10T04:15:00+00:00,69063.38,69152.88,69018.38,69143.38,201
2026-07-10T04:20:00+00:00,69143.38,69167.89,69053.38,69073.39,177
2026-07-10T04:25:00+00:00,69073.39,69142.88,69033.38,69088.38,154
2026-07-10T04:30:00+00:00,69088.38,69137.89,69003.37,69003.39,287
2026-07-10T04:35:00+00:00,69003.39,69077.89,69003.37,69043.39,160
2026-07-10T04:40:00+00:00,69043.39,69072.89,69003.37,69058.37,118
2026-07-10T04:45:00+00:00,69058.37,69072.89,68993.37,68993.37,139
2026-07-10T04:50:00+00:00,68993.37,69002.87,68853.37,68893.39,267
2026-07-10T04:55:00+00:00,68893.39,68947.89,68788.38,68853.38,428
2026-07-10T05:00:00+00:00,68853.38,68907.88,68768.37,68800.37,403
2026-07-10T05:05:00+00:00,68800.37,68907.89,68748.39,68753.38,285
2026-07-10T05:10:00+00:00,68753.38,68857.89,68733.38,68833.39,413
2026-07-10T05:15:00+00:00,68833.39,68882.88,68788.37,68853.39,350
2026-07-10T05:20:00+00:00,68853.39,68877.88,68823.37,68838.38,227
2026-07-10T05:25:00+00:00,68838.38,68892.89,68808.37,68868.38,233
2026-07-10T05:30:00+00:00,68868.38,68928.37,68833.37,68928.37,359
2026-07-10T05:35:00+00:00,68928.37,68977.89,68838.37,68857.88,167
2026-07-10T05:40:00+00:00,68857.88,68903.38,68793.38,68903.38,340
2026-07-10T05:45:00+00:00,68903.38,68952.89,68888.37,68902.88,207
2026-07-10T05:50:00+00:00,68902.88,68958.37,68828.38,68828.38,194
2026-07-10T05:55:00+00:00,68828.38,68843.38,68738.37,68768.39,292
2026-07-10T06:00:00+00:00,68768.39,68842.87,68708.37,68795.39,347
2026-07-10T06:05:00+00:00,68795.39,68822.89,68673.38,68752.87,438
2026-07-10T06:10:00+00:00,68752.87,68792.89,68668.37,68747.87,275
2026-07-10T06:15:00+00:00,68747.87,68767.89,68673.37,68707.88,304
2026-07-10T06:20:00+00:00,68707.88,68712.89,68558.37,68580.37,423
2026-07-10T06:25:00+00:00,68580.37,68792.88,68553.39,68757.88,642
2026-07-10T06:30:00+00:00,68757.88,68905.39,68695.37,68845.39,755
2026-07-10T06:35:00+00:00,68845.39,68862.88,68765.39,68780.38,330
2026-07-10T06:40:00+00:00,68780.38,68805.38,68693.38,68767.88,208
2026-07-10T06:45:00+00:00,68767.88,68805.39,68740.37,68777.87,106
2026-07-10T06:50:00+00:00,68777.87,68857.88,68777.87,68845.38,119
2026-07-10T06:55:00+00:00,68845.38,68845.38,68792.88,68797.88,52
2026-07-10T07:00:00+00:00,68797.88,68812.89,68732.89,68805.37,162
2026-07-10T07:05:00+00:00,68805.37,68850.38,68790.39,68817.88,137
2026-07-10T07:10:00+00:00,68817.88,68827.88,68782.87,68827.88,137
2026-07-10T07:15:00+00:00,68827.88,68845.37,68767.87,68795.37,163
2026-07-10T07:20:00+00:00,68795.37,68815.38,68767.89,68812.88,116
2026-07-10T07:25:00+00:00,68812.88,68872.89,68772.88,68867.88,151
2026-07-10T07:30:00+00:00,68867.88,68907.89,68862.87,68902.87,133
2026-07-10T07:35:00+00:00,68902.87,68912.87,68873.38,68882.89,82
2026-07-10T07:40:00+00:00,68882.89,68890.39,68830.39,68837.87,125
2026-07-10T07:45:00+00:00,68837.87,68867.89,68737.88,68747.88,169
2026-07-10T07:50:00+00:00,68747.88,68760.39,68702.87,68725.39,196
2026-07-10T07:55:00+00:00,68725.39,68760.38,68702.87,68742.88,164
2026-07-10T08:00:00+00:00,68742.88,68747.88,68470.37,68475.37,1063
2026-07-10T08:05:00+00:00,68475.37,68597.87,68470.37,68585.39,605
2026-07-10T08:10:00+00:00,68585.39,68657.89,68567.87,68647.88,348
2026-07-10T08:15:00+00:00,68647.88,68722.89,68645.39,68665.38,369
2026-07-10T08:20:00+00:00,68665.38,68687.89,68625.37,68675.37,300
2026-07-10T08:25:00+00:00,68675.37,68712.89,68660.38,68667.88,281
2026-07-10T08:30:00+00:00,68667.88,68687.88,68550.38,68602.87,603
2026-07-10T08:35:00+00:00,68602.87,68615.38,68567.87,68582.89,356
2026-07-10T08:40:00+00:00,68582.89,68697.89,68537.87,68695.38,284
2026-07-10T08:45:00+00:00,68695.38,68755.39,68688.38,68722.88,275
2026-07-10T08:50:00+00:00,68722.88,68825.37,68710.38,68772.88,281
2026-07-10T08:55:00+00:00,68772.88,68802.87,68710.38,68710.38,295
2026-07-10T09:00:00+00:00,68710.38,68750.37,68617.88,68740.38,598
2026-07-10T09:05:00+00:00,68740.38,68760.38,68695.37,68750.39,230
2026-07-10T09:10:00+00:00,68750.39,68797.88,68745.37,68782.88,202
2026-07-10T09:15:00+00:00,68782.88,68867.87,68782.88,68855.39,224
2026-07-10T09:20:00+00:00,68855.39,68860.39,68775.37,68785.38,179
2026-07-10T09:25:00+00:00,68785.38,68792.88,68737.88,68772.89,177
2026-07-10T09:30:00+00:00,68772.89,68825.37,68747.87,68822.88,194
2026-07-10T09:35:00+00:00,68822.88,68837.87,68790.37,68825.38,223
2026-07-10T09:40:00+00:00,68825.38,68825.38,68750.37,68792.87,164
2026-07-10T09:45:00+00:00,68792.87,68840.38,68790.37,68812.88,214
2026-07-10T09:50:00+00:00,68812.88,68880.39,68810.38,68860.38,209
2026-07-10T09:55:00+00:00,68860.38,68860.39,68817.87,68817.87,208
2026-07-10T10:00:00+00:00,68817.87,68877.87,68815.38,68872.87,216
2026-07-10T10:05:00+00:00,68872.87,68905.39,68870.39,68885.39,142
2026-07-10T10:10:00+00:00,68885.39,68907.89,68877.88,68897.88,127
2026-07-10T10:15:00+00:00,68897.88,68927.88,68897.88,68912.89,89
2026-07-10T10:20:00+00:00,68912.89,68952.89,68870.37,68897.87,307
2026-07-10T10:25:00+00:00,68897.87,68957.89,68862.89,68952.87,164
2026-07-10T10:30:00+00:00,68952.87,69005.39,68952.87,68980.38,142
2026-07-10T10:35:00+00:00,68980.38,68985.39,68942.89,68965.39,95
2026-07-10T10:40:00+00:00,68965.39,69017.88,68962.87,69017.88,115
2026-07-10T10:45:00+00:00,69017.88,69020.39,68975.38,68997.88,116
2026-07-10T10:50:00+00:00,68997.88,68997.88,68952.88,68952.88,138
2026-07-10T10:55:00+00:00,68952.88,68980.37,68947.88,68962.88,148
2026-07-10T11:00:00+00:00,68962.88,69027.89,68960.37,69017.87,218
2026-07-10T11:05:00+00:00,69017.87,69035.37,68987.87,68987.88,118
2026-07-10T11:10:00+00:00,68987.88,69040.39,68987.88,69020.39,173
2026-07-10T11:15:00+00:00,69020.39,69067.89,69020.38,69032.89,96
2026-07-10T11:20:00+00:00,69032.89,69045.39,69012.89,69040.38,90
2026-07-10T11:25:00+00:00,69040.38,69040.38,68957.87,68957.87,240
2026-07-10T11:30:00+00:00,68957.87,68957.87,68885.37,68917.89,267
2026-07-10T11:35:00+00:00,68917.89,68927.89,68860.38,68875.38,274
2026-07-10T11:40:00+00:00,68875.38,68955.37,68875.37,68935.39,160
2026-07-10T11:45:00+00:00,68935.39,68950.38,68912.87,68917.88,156
2026-07-10T11:50:00+00:00,68917.88,68940.38,68875.39,68875.39,156
2026-07-10T11:55:00+00:00,68875.39,68895.38,68840.37,68895.38,224
2026-07-10T12:00:00+00:00,68895.38,68910.39,68760.37,68770.37,337
2026-07-10T12:05:00+00:00,68770.37,68797.88,68710.38,68790.37,473
2026-07-10T12:10:00+00:00,68790.37,69098.39,68743.39,68942.88,1344
2026-07-10T12:15:00+00:00,68942.88,68962.88,68843.38,68870.39,507
2026-07-10T12:20:00+00:00,68870.39,68912.89,68843.39,68877.89,257
2026-07-10T12:25:00+00:00,68877.89,68902.89,68843.37,68857.89,161
2026-07-10T12:30:00+00:00,68857.89,68862.88,68803.39,68837.88,224
2026-07-10T12:35:00+00:00,68837.88,68897.89,68783.38,68892.87,218
2026-07-10T12:40:00+00:00,68892.87,68907.88,68783.37,68790.37,205
2026-07-10T12:45:00+00:00,68790.37,68815.39,68757.88,68782.88,152
2026-07-10T12:50:00+00:00,68782.88,68810.39,68767.87,68770.37,131
2026-07-10T12:55:00+00:00,68770.37,68807.89,68735.38,68737.89,229
2026-07-10T13:00:00+00:00,68737.89,68787.89,68668.38,68735.38,323
2026-07-10T13:05:00+00:00,68735.38,68780.38,68722.88,68745.37,180
2026-07-10T13:10:00+00:00,68745.37,68765.38,68712.89,68755.37,187
2026-07-10T13:15:00+00:00,68755.37,68767.88,68702.88,68727.89,159
2026-07-10T13:20:00+00:00,68727.89,68767.87,68707.87,68712.89,132
2026-07-10T13:25:00+00:00,68712.89,68760.39,68638.39,68662.87,429
2026-07-10T13:30:00+00:00,68662.87,68767.87,68600.38,68665.38,1596
2026-07-10T13:35:00+00:00,68665.38,68690.39,68553.38,68575.38,1534
2026-07-10T13:40:00+00:00,68575.38,68667.89,68435.37,68607.87,1861
2026-07-10T13:45:00+00:00,68607.87,68835.39,68603.37,68802.87,1762
2026-07-10T13:50:00+00:00,68802.87,68885.39,68748.39,68822.89,1416
2026-07-10T13:55:00+00:00,68822.89,68827.87,68687.89,68737.89,1582
2026-07-10T14:00:00+00:00,68737.89,68810.39,68700.38,68777.88,1252
2026-07-10T14:05:00+00:00,68777.88,68832.89,68715.38,68825.37,1061
2026-07-10T14:10:00+00:00,68825.37,68837.89,68732.88,68790.39,964
2026-07-10T14:15:00+00:00,68790.39,68825.39,68715.37,68767.89,1099
2026-07-10T14:20:00+00:00,68767.89,68807.89,68665.38,68787.89,1133
2026-07-10T14:25:00+00:00,68787.89,68950.38,68750.37,68867.87,1019
2026-07-10T14:30:00+00:00,68867.87,69015.39,68198.37,68743.39,2519
2026-07-10T14:35:00+00:00,68743.39,68847.89,68688.37,68773.37,1114
2026-07-10T14:40:00+00:00,68773.37,68887.88,68718.37,68858.39,923
2026-07-10T14:45:00+00:00,68858.39,68922.87,68803.38,68908.39,949
2026-07-10T14:50:00+00:00,68908.39,68942.89,68858.37,68883.37,743
2026-07-10T14:55:00+00:00,68883.37,68912.89,68803.37,68827.87,986
2026-07-10T15:00:00+00:00,68827.87,68855.38,68728.37,68753.39,1165
2026-07-10T15:05:00+00:00,68753.39,68872.88,68723.37,68872.88,785
2026-07-10T15:10:00+00:00,68872.88,68930.38,68863.37,68907.89,645
2026-07-10T15:15:00+00:00,68907.89,69117.88,68907.89,69057.87,850
2026-07-10T15:20:00+00:00,69057.87,69117.89,69033.37,69043.39,713
2026-07-10T15:25:00+00:00,69043.39,69132.88,69043.38,69110.37,477
2026-07-10T15:30:00+00:00,69110.37,69117.89,69033.39,69063.37,568
2026-07-10T15:35:00+00:00,69063.37,69067.89,68933.37,68938.38,565
2026-07-10T15:40:00+00:00,68938.38,68957.89,68753.38,68827.88,1134
2026-07-10T15:45:00+00:00,68827.88,68872.87,68768.37,68847.88,1005
2026-07-10T15:50:00+00:00,68847.88,68952.89,68838.37,68937.89,367
2026-07-10T15:55:00+00:00,68937.89,68977.89,68893.37,68963.38,333
2026-07-10T16:00:00+00:00,68963.38,69057.89,68963.38,69057.88,417
2026-07-10T16:05:00+00:00,69057.88,69122.88,69038.39,69072.88,234
2026-07-10T16:10:00+00:00,69072.88,69102.89,69033.37,69070.38,305
2026-07-10T16:15:00+00:00,69070.38,69150.38,69068.39,69147.89,240
2026-07-10T16:20:00+00:00,69147.89,69172.89,69118.38,69137.87,211
2026-07-10T16:25:00+00:00,69137.87,69182.89,69107.88,69148.38,117
2026-07-10T16:30:00+00:00,69148.38,69182.89,69143.37,69182.87,163
2026-07-10T16:35:00+00:00,69182.87,69205.39,69135.39,69162.87,253
2026-07-10T16:40:00+00:00,69162.87,69192.89,69150.37,69160.38,176
2026-07-10T16:45:00+00:00,69160.38,69190.39,69158.39,69177.87,216
2026-07-10T16:50:00+00:00,69177.87,69212.89,69162.89,69185.37,109
2026-07-10T16:55:00+00:00,69185.37,69185.37,69150.38,69167.88,73
2026-07-10T17:00:00+00:00,69167.88,69197.87,69132.88,69147.89,165
2026-07-10T17:05:00+00:00,69147.89,69197.88,69143.39,69157.87,103
2026-07-10T17:10:00+00:00,69157.87,69217.88,69153.37,69217.88,83
2026-07-10T17:15:00+00:00,69217.88,69237.88,69200.38,69222.88,132
2026-07-10T17:20:00+00:00,69222.88,69270.39,69212.87,69267.89,79
2026-07-10T17:25:00+00:00,69267.89,69280.38,69243.38,69270.39,171
2026-07-10T17:30:00+00:00,69270.39,69287.87,69238.37,69260.37,95
2026-07-10T17:35:00+00:00,69260.37,69287.87,69252.89,69275.37,102.59942363112393
2026-07-10T17:40:00+00:00,69275.37,69325.37,69265.89,69320.39,99
2026-07-10T17:45:00+00:00,69320.39,69347.87,69320.38,69337.89,97
2026-07-10T17:50:00+00:00,69337.89,69350.39,69300.39,69300.89,99
2026-07-10T17:55:00+00:00,69300.89,69305.38,69240.87,69250.38,83
2026-07-10T18:00:00+00:00,69250.38,69297.88,69225.39,69230.39,169
2026-07-10T18:05:00+00:00,69230.39,69260.39,69200.87,69260.39,145
2026-07-10T18:10:00+00:00,69260.39,69322.87,69255.87,69272.87,297
2026-07-10T18:15:00+00:00,69272.87,69275.39,69215.87,69245.37,189
2026-07-10T18:20:00+00:00,69245.37,69250.38,69205.87,69222.88,168
2026-07-10T18:25:00+00:00,69222.88,69265.39,69215.87,69225.38,185
2026-07-10T18:30:00+00:00,69225.38,69235.39,69205.87,69220.88,117
2026-07-10T18:35:00+00:00,69220.88,69230.38,69165.89,69180.39,110
2026-07-10T18:40:00+00:00,69180.39,69210.39,69175.88,69200.37,77
2026-07-10T18:45:00+00:00,69200.37,69205.39,69165.88,69175.39,54
2026-07-10T18:50:00+00:00,69175.39,69210.39,69172.87,69195.39,82
2026-07-10T18:55:00+00:00,69195.39,69202.89,69185.87,69190.89,59
2026-07-10T19:00:00+00:00,69190.89,69252.89,69190.88,69247.88,95
2026-07-10T19:05:00+00:00,69247.88,69252.88,69215.88,69225.37,103
2026-07-10T19:10:00+00:00,69225.37,69240.39,69210.39,69220.37,93
2026-07-10T19:15:00+00:00,69220.37,69257.89,69200.39,69247.87,83
2026-07-10T19:20:00+00:00,69247.87,69252.89,69220.87,69225.39,72
2026-07-10T19:25:00+00:00,69225.39,69247.89,69210.87,69240.38,61
2026-07-10T19:30:00+00:00,69240.38,69290.38,69235.88,69245.37,111
2026-07-10T19:35:00+00:00,69245.37,69270.37,69215.87,69257.88,65
2026-07-10T19:40:00+00:00,69257.88,69270.38,69230.37,69235.37,54
2026-07-10T19:45:00+00:00,69235.37,69257.87,69220.89,69252.88,94
2026-07-10T19:50:00+00:00,69252.88,69275.39,69245.87,69255.37,130
2026-07-10T19:55:00+00:00,69255.37,69265.37,69205.38,69247.88,153
2026-07-10T20:00:00+00:00,69247.88,69272.87,69245.38,69255.39,97.1134572072072
2026-07-10T20:05:00+00:00,69255.39,69255.39,69240.38,69255.38,22
2026-07-10T20:10:00+00:00,69255.38,69275.38,69255.38,69275.38,31.280395578824898
2026-07-10T20:15:00+00:00,69275.38,69282.87,69260.87,69275.37,17
2026-07-10T20:20:00+00:00,69275.37,69300.39,69275.37,69295.37,16.66305882352941
2026-07-10T20:25:00+00:00,69295.37,69300.38,69265.39,69300.37,19
2026-07-10T20:30:00+00:00,69300.37,69300.38,69285.88,69285.88,9.678023096721585
2026-07-10T20:35:00+00:00,69285.88,69295.39,69285.88,69285.88,9
2026-07-10T20:40:00+00:00,69285.88,69290.39,69275.87,69280.38,23.387039971826027
2026-07-12T22:00:00+00:00,69285.38,69285.38,68745.1,68745.1,31
2026-07-12T22:05:00+00:00,68745.1,68755.11,68580.11,68584.59,93
2026-07-12T22:10:00+00:00,68584.59,68714.6,68575.11,68650.09,151
2026-07-12T22:15:00+00:00,68650.09,68745.1,68600.09,68620.11,78
2026-07-12T22:20:00+00:00,68620.11,68804.59,68620.11,68755.1,88
2026-07-12T22:25:00+00:00,68755.1,68790.11,68750.09,68790.1,32
2026-07-12T22:30:00+00:00,68790.1,68840.11,68790.1,68815.1,54
2026-07-12T22:35:00+00:00,68815.1,68835.11,68740.09,68740.09,69
2026-07-12T22:40:00+00:00,68740.09,68740.11,68680.09,68710.1,39
2026-07-12T22:45:00+00:00,68710.1,68719.61,68675.09,68675.1,45
2026-07-12T22:50:00+00:00,68675.1,68720.09,68675.09,68685.1,27
2026-07-12T22:55:00+00:00,68685.1,68844.59,68675.09,68830.09,61
2026-07-12T23:00:00+00:00,68830.09,68879.61,68795.09,68840.1,68
2026-07-12T23:05:00+00:00,68840.1,68909.61,68840.1,68894.61,31
2026-07-12T23:10:00+00:00,68894.61,68904.61,68865.09,68895.11,22
2026-07-12T23:15:00+00:00,68895.11,68919.6,68845.09,68870.09,55
2026-07-12T23:20:00+00:00,68870.09,68919.6,68865.11,68880.1,55
2026-07-12T23:25:00+00:00,68880.1,68885.11,68860.09,68880.1,20
2026-07-12T23:30:00+00:00,68880.1,68880.1,68825.09,68845.09,39.8007614213198
2026-07-12T23:35:00+00:00,68845.09,68870.09,68790.1,68855.1,65
2026-07-12T23:40:00+00:00,68855.1,68980.1,68855.1,68945.09,60
2026-07-12T23:45:00+00:00,68945.09,68945.09,68470.09,68550.11,646
2026-07-12T23:50:00+00:00,68550.11,68805.1,68530.1,68670.11,362
2026-07-12T23:55:00+00:00,68670.11,68720.11,68485.09,68569.61,399
2026-07-13T00:00:00+00:00,68569.61,68895.11,68340.1,68865.11,2021
2026-07-13T00:05:00+00:00,68865.11,69020.09,68740.09,68900.09,1482
2026-07-13T00:10:00+00:00,68900.09,69080.09,68900.09,69065.09,983
2026-07-13T00:15:00+00:00,69065.09,69175.11,68770.09,68875.09,1961
2026-07-13T00:20:00+00:00,68875.09,69090.11,68750.09,68825.1,2275
2026-07-13T00:25:00+00:00,68825.1,69080.11,68790.11,69005.1,1896
2026-07-13T00:30:00+00:00,69005.1,69020.1,68715.09,68720.09,1904
2026-07-13T00:35:00+00:00,68720.09,68859.61,68565.1,68610.09,1871
2026-07-13T00:40:00+00:00,68610.09,68667.09,68400.09,68440.09,1748
2026-07-13T00:45:00+00:00,68440.09,68605.1,68365.09,68365.11,1651
2026-07-13T00:50:00+00:00,68365.11,68449.61,68200.09,68235.1,1749
2026-07-13T00:55:00+00:00,68235.1,68294.61,68025.1,68160.1,1485
2026-07-13T01:00:00+00:00,68160.1,68319.6,68055.09,68110.11,2116
2026-07-13T01:05:00+00:00,68110.11,68129.6,67925.11,67925.11,1819
2026-07-13T01:10:00+00:00,67925.11,68100.11,67905.09,67965.09,1837
2026-07-13T01:15:00+00:00,67965.09,68114.61,67835.09,67885.1,1730
2026-07-13T01:20:00+00:00,67885.1,67965.09,67790.09,67835.09,1651
2026-07-13T01:25:00+00:00,67835.09,67880.11,67750.09,67809.59,1256
2026-07-13T01:30:00+00:00,67809.59,67809.59,67600.09,67700.11,1655
2026-07-13T01:35:00+00:00,67700.11,67880.11,67645.09,67805.09,2098
2026-07-13T01:40:00+00:00,67805.09,67830.09,67555.09,67620.1,1724
2026-07-13T01:45:00+00:00,67620.1,67634.6,67425.1,67429.61,1607
2026-07-13T01:50:00+00:00,67429.61,67480.1,67345.09,67455.09,1652
2026-07-13T01:55:00+00:00,67455.09,67535.11,67345.09,67515.09,1873
2026-07-13T02:00:00+00:00,67515.09,67584.61,67335.11,67355.1,1895
2026-07-13T02:05:00+00:00,67355.1,67505.1,67330.09,67460.11,1477
2026-07-13T02:10:00+00:00,67460.11,67664.61,67455.09,67535.11,1280
2026-07-13T02:15:00+00:00,67535.11,67639.61,67495.09,67620.1,1033
2026-07-13T02:20:00+00:00,67620.1,67834.61,67615.09,67799.61,771
2026-07-13T02:25:00+00:00,67799.61,67949.61,67780.09,67890.09,1059
2026-07-13T02:30:00+00:00,67890.09,67899.61,67680.11,67765.11,982
2026-07-13T02:35:00+00:00,67765.11,67790.11,67690.09,67705.11,644
2026-07-13T02:40:00+00:00,67705.11,67775.09,67635.1,67764.61,524
2026-07-13T02:45:00+00:00,67764.61,67774.61,67680.09,67740.09,427
2026-07-13T02:50:00+00:00,67740.09,67759.61,67650.09,67669.59,730
2026-07-13T02:55:00+00:00,67669.59,67704.61,67635.09,67645.11,380
2026-07-13T03:00:00+00:00,67645.11,67674.6,67580.09,67580.09,546
2026-07-13T03:05:00+00:00,67580.09,67634.61,67510.09,67529.59,495
2026-07-13T03:10:00+00:00,67529.59,67569.59,67480.09,67510.1,304
2026-07-13T03:15:00+00:00,67510.1,67564.61,67490.09,67559.61,312
2026-07-13T03:20:00+00:00,67559.61,67607.11,67515.09,67559.6,320
2026-07-13T03:25:00+00:00,67559.6,67639.61,67555.09,67589.61,253
2026-07-13T03:30:00+00:00,67589.61,67589.61,67405.09,67459.59,1114
2026-07-13T03:35:00+00:00,67459.59,67499.61,67335.1,67454.61,714
2026-07-13T03:40:00+00:00,67454.61,67554.6,67300.09,67334.61,750
2026-07-13T03:45:00+00:00,67334.61,67419.6,67315.09,67390.1,905
2026-07-13T03:50:00+00:00,67390.1,67434.61,67270.1,67319.61,536
2026-07-13T03:55:00+00:00,67319.61,67344.59,67205.09,67240.1,759
2026-07-13T04:00:00+00:00,67240.1,67249.61,67072.21,67082.2,735
2026-07-13T04:05:00+00:00,67082.2,67181.69,67037.2,67097.2,804
2026-07-13T04:10:00+00:00,67097.2,67141.71,67047.19,67097.21,724
2026-07-13T04:15:00+00:00,67097.21,67186.71,67057.19,67171.71,702
2026-07-13T04:20:00+00:00,67171.71,67252.19,67127.19,67212.19,665
2026-07-13T04:25:00+00:00,67212.19,67217.2,67082.19,67176.7,516
2026-07-13T04:30:00+00:00,67176.7,67246.7,67132.19,67146.7,502
2026-07-13T04:35:00+00:00,67146.7,67151.7,67072.19,67142.21,417
2026-07-13T04:40:00+00:00,67142.21,67156.71,67047.19,67071.71,279
2026-07-13T04:45:00+00:00,67071.71,67096.7,67017.19,67032.21,260
2026-07-13T04:50:00+00:00,67032.21,67032.21,66972.2,67021.69,256
2026-07-13T04:55:00+00:00,67021.69,67106.7,67007.19,67046.71,349
2026-07-13T05:00:00+00:00,67046.71,67136.71,66972.19,67082.21,1136
2026-07-13T05:05:00+00:00,67082.21,67272.2,67057.19,67271.71,1010
2026-07-13T05:10:00+00:00,67271.71,67321.71,67162.19,67202.2,1072
2026-07-13T05:15:00+00:00,67202.2,67211.71,67007.19,67017.2,1036
2026-07-13T05:20:00+00:00,67017.2,67056.71,66852.19,66852.19,692
2026-07-13T05:25:00+00:00,66852.19,66942.2,66852.19,66886.71,1023
2026-07-13T05:30:00+00:00,66886.71,67072.21,66727.2,67072.21,1160
2026-07-13T05:35:00+00:00,67072.21,67301.71,67062.21,67272.19,1212
2026-07-13T05:40:00+00:00,67272.19,67331.71,67132.19,67211.71,1220
2026-07-13T05:45:00+00:00,67211.71,67272.19,67132.19,67222.2,884
2026-07-13T05:50:00+00:00,67222.2,67391.69,67222.2,67296.71,1003
2026-07-13T05:55:00+00:00,67296.71,67401.7,67282.19,67387.21,864
2026-07-13T06:00:00+00:00,67387.21,67451.71,67317.19,67371.7,882
2026-07-13T06:05:00+00:00,67371.7,67409.19,67217.21,67291.7,666
2026-07-13T06:10:00+00:00,67291.7,67326.7,67166.71,67204.21,572
2026-07-13T06:15:00+00:00,67204.21,67269.19,67129.2,67142.19,590
2026-07-13T06:20:00+00:00,67142.19,67239.2,67124.19,67231.7,622
2026-07-13T06:25:00+00:00,67231.7,67311.71,67211.7,67291.69,803
2026-07-13T06:30:00+00:00,67291.69,67456.7,67262.19,67304.19,874
2026-07-13T06:35:00+00:00,67304.19,67311.7,67231.7,67259.21,444
2026-07-13T06:40:00+00:00,67259.21,67321.71,67192.19,67276.69,264
2026-07-13T06:45:00+00:00,67276.69,67326.71,67209.21,67326.7,187
2026-07-13T06:50:00+00:00,67326.7,67351.69,67202.19,67256.7,189
2026-07-13T06:55:00+00:00,67256.7,67316.69,67222.2,67302.19,84
2026-07-13T07:00:00+00:00,67302.19,67376.71,67262.2,67339.19,409
2026-07-13T07:05:00+00:00,67339.19,67374.19,67317.19,67369.21,180
2026-07-13T07:10:00+00:00,67369.21,67476.71,67337.21,67461.69,275
2026-07-13T07:15:00+00:00,67461.69,67476.69,67342.2,67361.71,241
2026-07-13T07:20:00+00:00,67361.71,67519.2,67351.71,67486.7,218
2026-07-13T07:25:00+00:00,67486.7,67486.71,67427.19,67471.7,173
2026-07-13T07:30:00+00:00,67471.7,67471.7,67351.7,67376.71,187
2026-07-13T07:35:00+00:00,67376.71,67431.71,67367.19,67407.19,170
2026-07-13T07:40:00+00:00,67407.19,67471.7,67407.19,67456.7,204
2026-07-13T07:45:00+00:00,67456.7,67476.69,67412.19,67422.21,140
2026-07-13T07:50:00+00:00,67422.21,67431.71,67384.19,67431.69,121
2026-07-13T07:55:00+00:00,67431.69,67446.7,67389.21,67416.7,151
2026-07-13T08:00:00+00:00,67416.7,67516.69,67411.71,67472.21,724
2026-07-13T08:05:00+00:00,67472.21,67586.69,67441.69,67559.2,657
2026-07-13T08:10:00+00:00,67559.2,67644.21,67534.19,67581.7,426
2026-07-13T08:15:00+00:00,67581.7,67669.21,67574.21,67601.69,353
2026-07-13T08:20:00+00:00,67601.69,67674.2,67581.7,67644.2,359
2026-07-13T08:25:00+00:00,67644.2,67716.71,67636.71,67656.69,344
2026-07-13T08:30:00+00:00,67656.69,67721.7,67649.19,67661.69,326
2026-07-13T08:35:00+00:00,67661.69,67701.7,67654.21,67674.2,228
2026-07-13T08:40:00+00:00,67674.2,67741.7,67667.19,67719.21,244
2026-07-13T08:45:00+00:00,67719.21,67736.71,67681.69,67709.21,236
2026-07-13T08:50:00+00:00,67709.21,67744.21,67684.2,67699.2,231
2026-07-13T08:55:00+00:00,67699.2,67746.69,67694.21,67731.69,196
2026-07-13T09:00:00+00:00,67731.69,67741.71,67666.7,67676.7,335
2026-07-13T09:05:00+00:00,67676.7,67686.69,67629.2,67679.21,262
2026-07-13T09:10:00+00:00,67679.21,67684.21,67619.2,67681.69,239
2026-07-13T09:15:00+00:00,67681.69,67754.21,67671.69,67726.69,213
2026-07-13T09:20:00+00:00,67726.69,67766.71,67719.2,67724.21,163
2026-07-13T09:25:00+00:00,67724.21,67806.71,67724.21,67784.19,223
2026-07-13T09:30:00+00:00,67784.19,67829.21,67776.69,67789.21,242
2026-07-13T09:35:00+00:00,67789.21,67806.71,67766.71,67794.2,120
2026-07-13T09:40:00+00:00,67794.2,67796.71,67736.7,67789.19,139
2026-07-13T09:45:00+00:00,67789.19,67794.19,67744.19,67774.21,122
2026-07-13T09:50:00+00:00,67774.21,67816.7,67737.2,67814.21,146
2026-07-13T09:55:00+00:00,67814.21,67831.69,67804.19,67821.7,120
2026-07-13T10:00:00+00:00,67821.7,67851.71,67779.21,67801.71,127
2026-07-13T10:05:00+00:00,67801.71,67806.7,67701.69,67746.71,238
2026-07-13T10:10:00+00:00,67746.71,67754.21,67716.69,67731.7,269
2026-07-13T10:15:00+00:00,67731.7,67749.2,67701.7,67731.71,243
2026-07-13T10:20:00+00:00,67731.71,67756.7,67704.19,67709.2,162
2026-07-13T10:25:00+00:00,67709.2,67714.19,67641.69,67646.69,199
2026-07-13T10:30:00+00:00,67646.69,67674.21,67604.19,67609.19,218
2026-07-13T10:35:00+00:00,67609.19,67669.21,67606.69,67661.69,135
2026-07-13T10:40:00+00:00,67661.69,67669.21,67599.19,67614.19,176
2026-07-13T10:45:00+00:00,67614.19,67771.69,67611.7,67741.69,265
2026-07-13T10:50:00+00:00,67741.69,67769.21,67719.19,67744.19,182
2026-07-13T10:55:00+00:00,67744.19,67749.21,67709.2,67739.2,233
2026-07-13T11:00:00+00:00,67739.2,67826.7,67726.7,67744.21,455
2026-07-13T11:05:00+00:00,67744.21,67806.71,67721.7,67739.2,434
2026-07-13T11:10:00+00:00,67739.2,67739.21,67641.7,67709.19,327
2026-07-13T11:15:00+00:00,67709.19,67734.19,67632.2,67639.19,199
2026-07-13T11:20:00+00:00,67639.19,67701.71,67601.69,67689.19,192
2026-07-13T11:25:00+00:00,67689.19,67756.71,67684.2,67739.19,202
2026-07-13T11:30:00+00:00,67739.19,67781.69,67724.2,67779.2,262
2026-07-13T11:35:00+00:00,67779.2,67791.7,67731.7,67759.2,221
2026-07-13T11:40:00+00:00,67759.2,67769.2,67724.19,67729.2,196
2026-07-13T11:45:00+00:00,67729.2,67739.21,67661.71,67694.19,270
2026-07-13T11:50:00+00:00,67694.19,67719.19,67649.21,67651.71,218
2026-07-13T11:55:00+00:00,67651.71,67679.2,67634.19,67651.69,210
2026-07-13T12:00:00+00:00,67651.69,67676.71,67616.69,67661.69,390
2026-07-13T12:05:00+00:00,67661.69,67691.71,67624.2,67684.19,323
2026-07-13T12:10:00+00:00,67684.19,67779.21,67556.71,67636.7,803
2026-07-13T12:15:00+00:00,67636.7,67726.71,67631.7,67716.69,423
2026-07-13T12:20:00+00:00,67716.69,67716.69,67624.2,67654.19,319
2026-07-13T12:25:00+00:00,67654.19,67656.71,67614.19,67626.7,236
2026-07-13T12:30:00+00:00,67626.7,67629.2,67584.19,67616.69,295
2026-07-13T12:35:00+00:00,67616.69,67634.21,67584.19,67624.2,246
2026-07-13T12:40:00+00:00,67624.2,67716.7,67624.2,67694.19,275
2026-07-13T12:45:00+00:00,67694.19,67746.71,67691.69,67741.69,184
2026-07-13T12:50:00+00:00,67741.69,67794.19,67736.69,67774.2,250
2026-07-13T12:55:00+00:00,67774.2,67824.2,67769.19,67799.2,220
2026-07-13T13:00:00+00:00,67799.2,67834.2,67784.19,67811.7,292
2026-07-13T13:05:00+00:00,67811.7,67844.2,67804.2,67841.71,256
2026-07-13T13:10:00+00:00,67841.71,67841.71,67789.19,67791.69,225
2026-07-13T13:15:00+00:00,67791.69,67801.71,67759.2,67759.2,227
2026-07-13T13:20:00+00:00,67759.2,67794.2,67744.19,67789.19,200
2026-07-13T13:25:00+00:00,67789.19,67869.21,67789.19,67856.71,336
2026-07-13T13:30:00+00:00,67856.71,67927.21,67691.69,67704.21,2028
2026-07-13T13:35:00+00:00,67704.21,67764.19,67606.7,67631.7,1411
2026-07-13T13:40:00+00:00,67631.7,67631.71,67517.21,67596.71,1269
2026-07-13T13:45:00+00:00,67596.71,67701.71,67521.71,67664.2,1830
2026-07-13T13:50:00+00:00,67664.2,67689.21,67546.7,67649.2,1988
2026-07-13T13:55:00+00:00,67649.2,67854.2,67616.7,67801.69,1834
2026-07-13T14:00:00+00:00,67801.69,67886.7,67662.19,67667.21,1474
2026-07-13T14:05:00+00:00,67667.21,67701.7,67577.2,67692.19,872
2026-07-13T14:10:00+00:00,67692.19,67771.69,67657.21,67746.69,676
2026-07-13T14:15:00+00:00,67746.69,67791.69,67302.21,67562.2,2137
2026-07-13T14:20:00+00:00,67562.2,67821.7,67517.21,67809.21,1247
2026-07-13T14:25:00+00:00,67809.21,67951.69,67784.19,67902.19,1265
2026-07-13T14:30:00+00:00,67902.19,67946.71,67797.2,67871.71,1069
2026-07-13T14:35:00+00:00,67871.71,67876.71,67787.19,67847.21,1032
2026-07-13T14:40:00+00:00,67847.21,67861.69,67742.2,67791.7,730
2026-07-13T14:45:00+00:00,67791.7,67961.69,67707.21,67937.19,733
2026-07-13T14:50:00+00:00,67937.19,67956.7,67797.19,67812.2,727
2026-07-13T14:55:00+00:00,67812.2,67987.21,67792.2,67986.7,688
2026-07-13T15:00:00+00:00,67986.7,68036.71,67917.19,67917.2,769
2026-07-13T15:05:00+00:00,67917.2,67971.69,67877.19,67897.19,674
2026-07-13T15:10:00+00:00,67897.19,67986.71,67887.19,67936.71,597
2026-07-13T15:15:00+00:00,67936.71,67979.21,67887.19,67979.21,584
2026-07-13T15:20:00+00:00,67979.21,68001.7,67927.2,67996.7,599
2026-07-13T15:25:00+00:00,67996.7,68031.69,67917.19,67976.71,452
2026-07-13T15:30:00+00:00,67976.71,68026.69,67912.19,67922.21,723
2026-07-13T15:35:00+00:00,67922.21,67956.71,67847.21,67856.71,567
2026-07-13T15:40:00+00:00,67856.71,67871.71,67817.19,67817.21,373
2026-07-13T15:45:00+00:00,67817.21,67861.71,67792.19,67856.7,493
2026-07-13T15:50:00+00:00,67856.7,67866.69,67747.19,67821.71,439
2026-07-13T15:55:00+00:00,67821.71,67826.71,67752.19,67777.19,448
2026-07-13T16:00:00+00:00,67777.19,67811.7,67737.19,67776.7,458
2026-07-13T16:05:00+00:00,67776.7,67831.71,67757.19,67821.69,328
2026-07-13T16:10:00+00:00,67821.69,67856.69,67742.19,67772.21,336
2026-07-13T16:15:00+00:00,67772.21,67781.71,67672.21,67702.21,308
2026-07-13T16:20:00+00:00,67702.21,67721.7,67637.21,67651.7,316
2026-07-13T16:25:00+00:00,67651.7,67666.71,67567.2,67622.19,504
2026-07-13T16:30:00+00:00,67622.19,67631.69,67502.19,67511.69,770
2026-07-13T16:35:00+00:00,67511.69,67591.69,67402.21,67552.2,1063
2026-07-13T16:40:00+00:00,67552.2,67616.7,67517.19,67596.71,675
2026-07-13T16:45:00+00:00,67596.71,67641.69,67552.2,67566.71,542
2026-07-13T16:50:00+00:00,67566.71,67566.71,67417.19,67486.69,772
2026-07-13T16:55:00+00:00,67486.69,67566.71,67452.19,67551.69,507
2026-07-13T17:00:00+00:00,67551.69,67606.71,67532.19,67552.21,437
2026-07-13T17:05:00+00:00,67552.21,67664.21,67547.2,67642.2,269
2026-07-13T17:10:00+00:00,67642.2,67676.71,67592.19,67607.19,283
2026-07-13T17:15:00+00:00,67607.19,67626.71,67557.19,67611.7,279
2026-07-13T17:20:00+00:00,67611.7,67631.71,67542.19,67551.7,259
2026-07-13T17:25:00+00:00,67551.7,67591.71,67537.21,67572.2,311
2026-07-13T17:30:00+00:00,67572.2,67621.71,67552.19,67611.7,300
2026-07-13T17:35:00+00:00,67611.7,67611.7,67522.19,67551.69,256
2026-07-13T17:40:00+00:00,67551.69,67586.71,67506.71,67567.2,407
2026-07-13T17:45:00+00:00,67567.2,67606.71,67497.2,67506.69,207
2026-07-13T17:50:00+00:00,67506.69,67511.71,67432.19,67457.21,325
2026-07-13T17:55:00+00:00,67457.21,67481.71,67416.7,67419.2,367
2026-07-13T18:00:00+00:00,67419.2,67514.2,67397.19,67451.7,542
2026-07-13T18:05:00+00:00,67451.7,67551.71,67442.21,67466.7,420
2026-07-13T18:10:00+00:00,67466.7,67481.7,67367.2,67476.7,424
2026-07-13T18:15:00+00:00,67476.7,67481.71,67352.21,67396.71,368
2026-07-13T18:20:00+00:00,67396.71,67416.71,67352.2,67416.71,348
2026-07-13T18:25:00+00:00,67416.71,67431.71,67347.2,67356.7,450
2026-07-13T18:30:00+00:00,67356.7,67401.7,67302.19,67354.2,333
2026-07-13T18:35:00+00:00,67354.2,67426.7,67342.2,67394.2,333
2026-07-13T18:40:00+00:00,67394.2,67426.71,67372.19,67392.21,310
2026-07-13T18:45:00+00:00,67392.21,67431.7,67362.21,67426.71,416
2026-07-13T18:50:00+00:00,67426.71,67471.71,67392.19,67416.71,226
2026-07-13T18:55:00+00:00,67416.71,67431.7,67382.2,67392.2,178
2026-07-13T19:00:00+00:00,67392.2,67436.69,67347.2,67436.69,338
2026-07-13T19:05:00+00:00,67436.69,67451.7,67332.2,67336.71,289
2026-07-13T19:10:00+00:00,67336.71,67341.71,67272.19,67317.21,398
2026-07-13T19:15:00+00:00,67317.21,67331.69,67282.19,67304.19,365
2026-07-13T19:20:00+00:00,67304.19,67306.7,67217.21,67252.19,465
2026-07-13T19:25:00+00:00,67252.19,67261.7,67182.19,67211.69,329
2026-07-13T19:30:00+00:00,67211.69,67281.71,67197.19,67251.69,523
2026-07-13T19:35:00+00:00,67251.69,67251.69,67157.21,67169.2,311
2026-07-13T19:40:00+00:00,67169.2,67296.71,67142.2,67286.71,348
2026-07-13T19:45:00+00:00,67286.71,67326.7,67252.19,67321.7,246
2026-07-13T19:50:00+00:00,67321.7,67374.2,67302.19,67326.71,552
2026-07-13T19:55:00+00:00,67326.71,67386.7,67312.19,67341.71,373
2026-07-13T20:00:00+00:00,67341.71,67346.71,67276.7,67312.21,197
2026-07-13T20:05:00+00:00,67312.21,67321.71,67267.21,67272.19,94
2026-07-13T20:10:00+00:00,67272.19,67286.7,67217.2,67242.21,151
2026-07-13T20:15:00+00:00,67242.21,67242.21,67097.21,67142.2,256
2026-07-13T20:20:00+00:00,67142.2,67177.21,67132.2,67167.19,66
2026-07-13T20:25:00+00:00,67167.19,67182.2,67147.19,67177.2,81
2026-07-13T20:30:00+00:00,67177.2,67191.71,67137.19,67137.21,100
2026-07-13T20:35:00+00:00,67137.21,67151.71,67112.2,67137.19,57
2026-07-13T20:40:00+00:00,67137.19,67141.7,67097.19,67132.19,103
2026-07-13T20:45:00+00:00,67132.19,67144.21,67062.2,67071.7,101
2026-07-13T20:50:00+00:00,67071.7,67086.7,67052.19,67076.71,31
2026-07-13T20:55:00+00:00,67076.71,67121.7,67052.21,67079.19,119
2026-07-13T22:00:00+00:00,67079.19,67143.97,67068.95,67088.97,39
2026-07-13T22:05:00+00:00,67088.97,67153.97,67088.97,67133.95,23
2026-07-13T22:10:00+00:00,67133.95,67143.95,67130.97,67130.97,2
2026-07-13T22:15:00+00:00,67130.97,67130.97,67073.96,67088.97,8
2026-07-13T22:20:00+00:00,67088.97,67113.96,67088.96,67088.96,17
2026-07-13T22:25:00+00:00,67088.96,67113.96,67078.95,67078.95,10
2026-07-13T22:30:00+00:00,67078.95,67080.97,67028.97,67038.95,19
2026-07-13T22:35:00+00:00,67038.95,67050.96,67008.95,67013.95,25
2026-07-13T22:40:00+00:00,67013.95,67163.97,67013.95,67123.95,37
2026-07-13T22:45:00+00:00,67123.95,67133.46,67083.95,67083.96,19
2026-07-13T22:50:00+00:00,67083.96,67083.96,67013.97,67013.97,26
2026-07-13T22:55:00+00:00,67013.97,67013.97,66993.95,66998.96,26
2026-07-13T23:00:00+00:00,66998.96,67028.47,66928.95,66928.95,63
2026-07-13T23:05:00+00:00,66928.95,66993.45,66928.95,66983.95,65
2026-07-13T23:10:00+00:00,66983.95,66983.97,66928.97,66973.96,49
2026-07-13T23:15:00+00:00,66973.96,67013.47,66973.96,67003.96,23
2026-07-13T23:20:00+00:00,67003.96,67028.45,66978.95,66988.96,38
2026-07-13T23:25:00+00:00,66988.96,66993.45,66928.95,66933.97,40
2026-07-13T23:30:00+00:00,66933.97,66958.47,66863.95,66868.96,105
2026-07-13T23:35:00+00:00,66868.96,66883.97,66798.96,66798.97,72
2026-07-13T23:40:00+00:00,66798.97,66863.97,66733.95,66768.96,93
2026-07-13T23:45:00+00:00,66768.96,66868.46,66543.96,66583.95,620
2026-07-13T23:50:00+00:00,66583.95,66868.47,66458.95,66793.96,827
2026-07-13T23:55:00+00:00,66793.96,66918.96,66738.95,66883.97,705
2026-07-14T00:00:00+00:00,66883.97,67108.96,66538.95,66638.95,2282
2026-07-14T00:05:00+00:00,66638.95,66793.97,66338.95,66593.97,2181
2026-07-14T00:10:00+00:00,66593.97,67238.97,66593.97,67193.95,2025
2026-07-14T00:15:00+00:00,67193.95,67248.47,66668.95,66668.97,3390
2026-07-14T00:20:00+00:00,66668.97,67028.97,66523.95,67013.97,3720
2026-07-14T00:25:00+00:00,67013.97,67018.97,66678.95,66823.97,3405
2026-07-14T00:30:00+00:00,66823.97,67103.97,66768.95,66988.95,3346
2026-07-14T00:35:00+00:00,66988.95,67168.97,66833.96,66903.97,2636
2026-07-14T00:40:00+00:00,66903.97,67045.95,66643.95,66683.97,2347
2026-07-14T00:45:00+00:00,66683.97,67013.47,66678.95,66973.96,2811
2026-07-14T00:50:00+00:00,66973.96,67218.46,66973.95,67173.97,1914
2026-07-14T00:55:00+00:00,67173.97,67478.97,67158.95,67418.96,1683
2026-07-14T01:00:00+00:00,67418.96,67523.96,67378.95,67483.95,2027
2026-07-14T01:05:00+00:00,67483.95,67563.47,67383.95,67408.95,1804
2026-07-14T01:10:00+00:00,67408.95,67428.97,67213.95,67243.45,1687
2026-07-14T01:15:00+00:00,67243.45,67493.97,67203.95,67448.96,1805
2026-07-14T01:20:00+00:00,67448.96,67463.47,67288.95,67403.95,1543
2026-07-14T01:25:00+00:00,67403.95,67613.47,67383.95,67558.96,1065
2026-07-14T01:30:00+00:00,67558.96,67593.47,67343.95,67348.96,1909
2026-07-14T01:35:00+00:00,67348.96,67393.97,67233.95,67363.47,1389
2026-07-14T01:40:00+00:00,67363.47,67453.97,67218.95,67403.97,1238
2026-07-14T01:45:00+00:00,67403.97,67498.47,67343.95,67448.97,1008
2026-07-14T01:50:00+00:00,67448.97,67488.95,67263.95,67293.96,1087
2026-07-14T01:55:00+00:00,67293.96,67313.46,67013.95,67078.45,1232
2026-07-14T02:00:00+00:00,67078.45,67213.46,67013.95,67118.97,1146
2026-07-14T02:05:00+00:00,67118.97,67188.46,67038.96,67043.96,1337
2026-07-14T02:10:00+00:00,67043.96,67048.46,66823.95,66823.95,939
2026-07-14T02:15:00+00:00,66823.95,66953.46,66753.47,66753.47,1116
2026-07-14T02:20:00+00:00,66753.47,66843.47,66688.95,66703.96,1023
2026-07-14T02:25:00+00:00,66703.96,66783.45,66628.95,66768.95,833
2026-07-14T02:30:00+00:00,66768.95,66883.47,66683.97,66728.46,1081
2026-07-14T02:35:00+00:00,66728.46,67035.96,66698.95,67023.45,903
2026-07-14T02:40:00+00:00,67023.45,67143.46,66978.95,67088.95,963
2026-07-14T02:45:00+00:00,67088.95,67158.46,67038.95,67123.45,904
2026-07-14T02:50:00+00:00,67123.45,67125.97,66923.95,66948.96,621
2026-07-14T02:55:00+00:00,66948.96,66988.46,66908.95,66928.96,674
2026-07-14T03:00:00+00:00,66928.96,66958.47,66763.95,66823.96,785
2026-07-14T03:05:00+00:00,66823.96,66833.46,66678.95,66713.47,724
2026-07-14T03:10:00+00:00,66713.47,66728.47,66573.95,66613.97,484
2026-07-14T03:15:00+00:00,66613.97,66658.47,66558.95,66640.97,582
2026-07-14T03:20:00+00:00,66640.97,66703.47,66498.95,66618.95,597
2026-07-14T03:25:00+00:00,66618.95,66830.97,66598.96,66818.97,885
2026-07-14T03:30:00+00:00,66818.97,66988.47,66768.95,66808.95,1763
2026-07-14T03:35:00+00:00,66808.95,67053.47,66803.95,67023.95,1469
2026-07-14T03:40:00+00:00,67023.95,67033.46,66783.95,66888.95,1475
2026-07-14T03:45:00+00:00,66888.95,67088.45,66833.96,66968.97,1216
2026-07-14T03:50:00+00:00,66968.97,67193.46,66963.96,67138.46,934
2026-07-14T03:55:00+00:00,67138.46,67203.47,67083.96,67133.96,929
2026-07-14T04:00:00+00:00,67133.96,67218.46,67053.95,67158.95,966
2026-07-14T04:05:00+00:00,67158.95,67220.95,66963.95,66978.96,1016
2026-07-14T04:10:00+00:00,66978.96,66983.47,66848.96,66913.96,894
2026-07-14T04:15:00+00:00,66913.96,66950.97,66853.95,66893.46,986
2026-07-14T04:20:00+00:00,66893.46,67040.97,66878.95,66983.96,901
2026-07-14T04:25:00+00:00,66983.96,67103.47,66963.96,67083.95,874
2026-07-14T04:30:00+00:00,67083.95,67178.47,67033.97,67168.96,747
2026-07-14T04:35:00+00:00,67168.96,67330.97,67168.95,67313.96,494
2026-07-14T04:40:00+00:00,67313.96,67383.45,67258.95,67303.97,702
2026-07-14T04:45:00+00:00,67303.97,67433.46,67293.95,67418.45,474
2026-07-14T04:50:00+00:00,67418.45,67453.47,67298.96,67423.97,595
2026-07-14T04:55:00+00:00,67423.97,67548.47,67423.97,67513.45,409
2026-07-14T05:00:00+00:00,67513.45,67538.96,67423.95,67518.97,754
2026-07-14T05:05:00+00:00,67518.97,67608.47,67508.95,67578.95,364
2026-07-14T05:10:00+00:00,67578.95,67703.47,67578.95,67683.96,396
2026-07-14T05:15:00+00:00,67683.96,67703.97,67593.96,67650.97,443
2026-07-14T05:20:00+00:00,67650.97,67783.96,67633.97,67768.97,507
2026-07-14T05:25:00+00:00,67768.97,67818.47,67748.95,67768.95,506
2026-07-14T05:30:00+00:00,67768.95,67893.46,67753.96,67753.96,549
2026-07-14T05:35:00+00:00,67753.96,67833.47,67703.95,67713.97,634
2026-07-14T05:40:00+00:00,67713.97,67733.95,67598.95,67728.95,739
2026-07-14T05:45:00+00:00,67728.95,67778.97,67688.95,67753.97,480
2026-07-14T05:50:00+00:00,67753.97,67768.46,67698.95,67768.46,517
2026-07-14T05:55:00+00:00,67768.46,67773.47,67688.95,67708.95,433
2026-07-14T06:00:00+00:00,67708.95,67763.47,67668.95,67718.96,620
2026-07-14T06:05:00+00:00,67718.96,67788.46,67703.45,67773.47,464
2026-07-14T06:10:00+00:00,67773.47,67808.47,67743.45,67773.47,353
2026-07-14T06:15:00+00:00,67773.47,67858.45,67763.45,67850.96,321
2026-07-14T06:20:00+00:00,67850.96,67850.97,67783.95,67800.97,307
2026-07-14T06:25:00+00:00,67800.97,67838.46,67743.95,67785.96,472
2026-07-14T06:30:00+00:00,67785.96,67885.96,67748.97,67868.46,719
2026-07-14T06:35:00+00:00,67868.46,67880.96,67738.95,67750.95,407
2026-07-14T06:40:00+00:00,67750.95,67793.46,67708.96,67743.46,169
2026-07-14T06:45:00+00:00,67743.46,67768.46,67683.96,67703.47,165
2026-07-14T06:50:00+00:00,67703.47,67718.46,67688.96,67690.95,86
2026-07-14T06:55:00+00:00,67690.95,67690.95,67618.96,67618.97,100
2026-07-14T07:00:00+00:00,67618.97,67688.45,67553.95,67688.45,339
2026-07-14T07:05:00+00:00,67688.45,67758.47,67673.95,67733.47,274
2026-07-14T07:10:00+00:00,67733.47,67738.47,67668.46,67713.45,236
2026-07-14T07:15:00+00:00,67713.45,67738.45,67633.96,67648.47,218
2026-07-14T07:20:00+00:00,67648.47,67678.47,67588.45,67638.46,271
2026-07-14T07:25:00+00:00,67638.46,67708.47,67625.96,67673.46,294
2026-07-14T07:30:00+00:00,67673.46,67678.46,67575.95,67653.45,364
2026-07-14T07:35:00+00:00,67653.45,67668.47,67588.96,67648.45,294
2026-07-14T07:40:00+00:00,67648.45,67648.45,67545.96,67568.45,308
2026-07-14T07:45:00+00:00,67568.45,67633.46,67488.97,67633.46,333
2026-07-14T07:50:00+00:00,67633.46,67658.47,67598.96,67623.95,290
2026-07-14T07:55:00+00:00,67623.95,67638.46,67568.95,67600.95,265
2026-07-14T08:00:00+00:00,67600.95,67788.47,67575.95,67693.47,1207
2026-07-14T08:05:00+00:00,67693.47,67710.96,67588.96,67653.47,680
2026-07-14T08:10:00+00:00,67653.47,67730.95,67628.45,67723.45,576
2026-07-14T08:15:00+00:00,67723.45,67818.47,67718.97,67803.47,467
2026-07-14T08:20:00+00:00,67803.47,67830.97,67738.45,67758.46,474
2026-07-14T08:25:00+00:00,67758.46,67883.46,67753.45,67855.95,451
2026-07-14T08:30:00+00:00,67855.95,67883.47,67813.47,67833.46,397
2026-07-14T08:35:00+00:00,67833.46,67855.97,67785.97,67805.96,455
2026-07-14T08:40:00+00:00,67805.96,67805.96,67728.46,67790.97,428
2026-07-14T08:45:00+00:00,67790.97,67803.47,67695.95,67703.46,385
2026-07-14T08:50:00+00:00,67703.46,67743.45,67658.47,67725.96,390
2026-07-14T08:55:00+00:00,67725.96,67740.96,67670.96,67685.96,443
2026-07-14T09:00:00+00:00,67685.96,67723.47,67620.97,67720.97,569
2026-07-14T09:05:00+00:00,67720.97,67778.46,67688.95,67765.96,442
2026-07-14T09:10:00+00:00,67765.96,67860.97,67750.95,67853.46,457
2026-07-14T09:15:00+00:00,67853.46,67868.45,67735.95,67765.96,491
2026-07-14T09:20:00+00:00,67765.96,67775.97,67725.95,67753.45,354
2026-07-14T09:25:00+00:00,67753.45,67765.97,67678.47,67690.95,305
2026-07-14T09:30:00+00:00,67690.95,67740.95,67688.47,67725.96,368
2026-07-14T09:35:00+00:00,67725.96,67768.46,67708.45,67768.45,295
2026-07-14T09:40:00+00:00,67768.45,67773.47,67733.46,67735.95,269
2026-07-14T09:45:00+00:00,67735.95,67843.45,67730.95,67835.97,270
2026-07-14T09:50:00+00:00,67835.97,67838.46,67768.46,67798.45,281
2026-07-14T09:55:00+00:00,67798.45,67803.45,67763.46,67783.45,156
2026-07-14T10:00:00+00:00,67783.45,67818.45,67755.96,67813.45,235
2026-07-14T10:05:00+00:00,67813.45,67818.46,67763.45,67783.45,164
2026-07-14T10:10:00+00:00,67783.45,67803.47,67735.95,67788.47,189
2026-07-14T10:15:00+00:00,67788.47,67818.47,67760.96,67783.45,225
2026-07-14T10:20:00+00:00,67783.45,67800.96,67758.45,67793.45,185
2026-07-14T10:25:00+00:00,67793.45,67798.47,67740.95,67783.47,239
2026-07-14T10:30:00+00:00,67783.47,67828.45,67733.47,67768.47,406
2026-07-14T10:35:00+00:00,67768.47,67930.97,67760.97,67865.96,520
2026-07-14T10:40:00+00:00,67865.96,67865.96,67768.45,67795.96,408
2026-07-14T10:45:00+00:00,67795.96,67835.96,67790.95,67830.97,280
2026-07-14T10:50:00+00:00,67830.97,67863.46,67763.47,67770.97,247
2026-07-14T10:55:00+00:00,67770.97,67833.47,67743.46,67828.46,241
2026-07-14T11:00:00+00:00,67828.46,67850.97,67685.95,67713.45,716
2026-07-14T11:05:00+00:00,67713.45,67775.97,67688.46,67755.97,541
2026-07-14T11:10:00+00:00,67755.97,67905.96,67713.45,67893.47,550
2026-07-14T11:15:00+00:00,67893.47,67970.96,67888.45,67963.47,773
2026-07-14T11:20:00+00:00,67963.47,68098.47,67958.45,68088.46,900
2026-07-14T11:25:00+00:00,68088.46,68118.46,68055.96,68060.97,771
2026-07-14T11:30:00+00:00,68060.97,68143.46,68033.45,68035.95,556
2026-07-14T11:35:00+00:00,68035.95,68050.97,67990.95,68013.47,352
2026-07-14T11:40:00+00:00,68013.47,68030.97,67975.96,68028.47,331
2026-07-14T11:45:00+00:00,68028.47,68118.47,68015.96,68078.46,329
2026-07-14T11:50:00+00:00,68078.46,68128.47,68073.45,68103.45,252
2026-07-14T11:55:00+00:00,68103.45,68130.95,68073.47,68098.45,218
2026-07-14T12:00:00+00:00,68098.45,68105.96,67993.45,68025.97,338
2026-07-14T12:05:00+00:00,68025.97,68030.97,67983.45,68008.46,314
2026-07-14T12:10:00+00:00,68008.46,68023.47,67918.45,67968.47,260
2026-07-14T12:15:00+00:00,67968.47,68010.96,67935.96,67985.95,329
2026-07-14T12:20:00+00:00,67985.95,68148.47,67973.46,68143.47,359
2026-07-14T12:25:00+00:00,68143.47,68180.97,68078.95,68168.97,433
2026-07-14T12:30:00+00:00,68168.97,68733.96,68168.97,68598.95,671
2026-07-14T12:35:00+00:00,68598.95,68608.97,68448.95,68513.45,1155
2026-07-14T12:40:00+00:00,68513.45,68548.47,68448.97,68483.97,644
2026-07-14T12:45:00+00:00,68483.97,68523.47,68408.95,68458.46,841
2026-07-14T12:50:00+00:00,68458.46,68458.47,68353.96,68398.47,557
2026-07-14T12:55:00+00:00,68398.47,68433.47,68370.96,68388.45,446
2026-07-14T13:00:00+00:00,68388.45,68433.46,68355.97,68415.97,804
2026-07-14T13:05:00+00:00,68415.97,68535.96,68413.46,68485.95,589
2026-07-14T13:10:00+00:00,68485.95,68543.47,68480.96,68535.96,565
2026-07-14T13:15:00+00:00,68535.96,68543.46,68470.95,68475.95,441
2026-07-14T13:20:00+00:00,68475.95,68585.97,68448.46,68575.95,515
2026-07-14T13:25:00+00:00,68575.95,68668.46,68573.45,68615.96,564
2026-07-14T13:30:00+00:00,68615.96,68643.47,68348.97,68373.47,2027
2026-07-14T13:35:00+00:00,68373.47,68605.97,68343.45,68583.46,1779
2026-07-14T13:40:00+00:00,68583.46,68605.95,68418.97,68533.45,1573
2026-07-14T13:45:00+00:00,68533.45,68630.95,68508.46,68598.46,1438
2026-07-14T13:50:00+00:00,68598.46,68648.46,68478.46,68540.95,1559
2026-07-14T13:55:00+00:00,68540.95,68585.95,68505.96,68555.96,1100
2026-07-14T14:00:00+00:00,68555.96,68620.97,68403.45,68438.46,1653
2026-07-14T14:05:00+00:00,68438.46,68485.96,68343.45,68390.97,1664
2026-07-14T14:10:00+00:00,68390.97,68443.46,68318.46,68333.45,1637
2026-07-14T14:15:00+00:00,68333.45,68333.45,68050.97,68245.95,2179
2026-07-14T14:20:00+00:00,68245.95,68398.46,68235.95,68258.45,1703
2026-07-14T14:25:00+00:00,68258.45,68343.47,68163.97,68268.47,1448
2026-07-14T14:30:00+00:00,68268.47,68578.96,68203.45,68428.95,1805
2026-07-14T14:35:00+00:00,68428.95,68458.45,68358.95,68393.47,871
2026-07-14T14:40:00+00:00,68393.47,68410.97,68283.47,68310.97,767
2026-07-14T14:45:00+00:00,68310.97,68330.97,68215.95,68235.96,813
2026-07-14T14:50:00+00:00,68235.96,68345.96,68198.45,68345.96,765
2026-07-14T14:55:00+00:00,68345.96,68403.47,68343.46,68383.46,572
2026-07-14T15:00:00+00:00,68383.46,68578.46,68325.95,68433.95,1461
2026-07-14T15:05:00+00:00,68433.95,68548.47,68408.95,68528.46,893
2026-07-14T15:10:00+00:00,68528.46,68548.47,68473.47,68488.47,480
2026-07-14T15:15:00+00:00,68488.47,68528.47,68420.95,68440.95,573
2026-07-14T15:20:00+00:00,68440.95,68478.46,68405.96,68458.45,509
2026-07-14T15:25:00+00:00,68458.45,68473.47,68400.95,68425.96,409
2026-07-14T15:30:00+00:00,68425.96,68460.95,68348.95,68390.95,899
2026-07-14T15:35:00+00:00,68390.95,68403.46,68340.95,68360.97,727
2026-07-14T15:40:00+00:00,68360.97,68360.97,68178.96,68303.45,683
2026-07-14T15:45:00+00:00,68303.45,68333.47,68283.45,68300.95,412
2026-07-14T15:50:00+00:00,68300.95,68315.96,68190.95,68205.95,485
2026-07-14T15:55:00+00:00,68205.95,68228.47,68148.95,68203.46,394
2026-07-14T16:00:00+00:00,68203.46,68218.47,68103.47,68133.45,641
2026-07-14T16:05:00+00:00,68133.45,68193.47,68090.96,68175.96,673
2026-07-14T16:10:00+00:00,68175.96,68198.47,68125.95,68168.47,788
2026-07-14T16:15:00+00:00,68168.47,68190.96,68115.95,68160.96,473
2026-07-14T16:20:00+00:00,68160.96,68165.95,68103.45,68153.47,475
2026-07-14T16:25:00+00:00,68153.47,68208.47,68140.95,68190.97,289
2026-07-14T16:30:00+00:00,68190.97,68220.97,68158.45,68195.96,341
2026-07-14T16:35:00+00:00,68195.96,68215.95,68170.97,68203.46,240
2026-07-14T16:40:00+00:00,68203.46,68248.47,68193.47,68220.95,199
2026-07-14T16:45:00+00:00,68220.95,68253.47,68123.45,68170.96,321
2026-07-14T16:50:00+00:00,68170.96,68195.95,68148.47,68178.47,199
2026-07-14T16:55:00+00:00,68178.47,68213.47,68173.47,68213.46,167
2026-07-14T17:00:00+00:00,68213.46,68240.95,68188.46,68193.46,232
2026-07-14T17:05:00+00:00,68193.46,68255.95,68190.95,68250.95,174
2026-07-14T17:10:00+00:00,68250.95,68265.96,68208.45,68208.45,147
2026-07-14T17:15:00+00:00,68208.45,68215.97,68153.45,68210.96,325
2026-07-14T17:20:00+00:00,68210.96,68260.96,68208.45,68245.96,192
2026-07-14T17:25:00+00:00,68245.96,68270.95,68238.46,68250.97,160
2026-07-14T17:30:00+00:00,68250.97,68268.46,68208.46,68210.96,153
2026-07-14T17:35:00+00:00,68210.96,68220.97,68180.97,68215.97,192
2026-07-14T17:40:00+00:00,68215.97,68225.97,68188.45,68190.96,182
2026-07-14T17:45:00+00:00,68190.96,68195.97,68135.97,68148.45,193
2026-07-14T17:50:00+00:00,68148.45,68183.46,68148.45,68163.45,154
2026-07-14T17:55:00+00:00,68163.45,68165.97,68135.95,68143.45,169
2026-07-14T18:00:00+00:00,68143.45,68165.96,68100.96,68160.96,251
2026-07-14T18:05:00+00:00,68160.96,68180.96,68133.45,68170.96,168
2026-07-14T18:10:00+00:00,68170.96,68180.97,68165.95,68173.45,136
2026-07-14T18:15:00+00:00,68173.45,68195.97,68150.97,68195.97,127
2026-07-14T18:20:00+00:00,68195.97,68200.97,68163.47,68165.96,158
2026-07-14T18:25:00+00:00,68165.96,68195.97,68158.45,68185.97,124
2026-07-14T18:30:00+00:00,68185.97,68195.96,68160.96,68188.46,133
2026-07-14T18:35:00+00:00,68188.46,68210.97,68135.95,68160.97,233
2026-07-14T18:40:00+00:00,68160.97,68160.97,68063.95,68093.46,395
2026-07-14T18:45:00+00:00,68093.46,68123.46,68080.95,68098.47,174
2026-07-14T18:50:00+00:00,68098.47,68148.47,68090.95,68133.46,132
2026-07-14T18:55:00+00:00,68133.46,68135.97,68108.45,68118.45,120
2026-07-14T19:00:00+00:00,68118.45,68135.96,68048.45,68058.47,255
2026-07-14T19:05:00+00:00,68058.47,68078.47,68025.96,68043.47,216
2026-07-14T19:10:00+00:00,68043.47,68095.96,68035.95,68080.95,143
2026-07-14T19:15:00+00:00,68080.95,68123.46,68073.47,68105.95,228
2026-07-14T19:20:00+00:00,68105.95,68155.97,68085.97,68148.46,225
2026-07-14T19:25:00+00:00,68148.46,68150.96,68083.45,68083.45,177
2026-07-14T19:30:00+00:00,68083.45,68120.97,68035.95,68113.45,634
2026-07-14T19:35:00+00:00,68113.45,68130.97,68085.95,68090.95,201
2026-07-14T19:40:00+00:00,68090.95,68148.45,68080.97,68135.97,194
2026-07-14T19:45:00+00:00,68135.97,68190.97,68135.97,68180.96,176
2026-07-14T19:50:00+00:00,68180.96,68220.97,68150.95,68190.97,497
2026-07-14T19:55:00+00:00,68190.97,68210.97,68148.95,68160.97,390
2026-07-14T20:00:00+00:00,68160.97,68170.97,68118.95,68158.95,125
2026-07-14T20:05:00+00:00,68158.95,68208.45,68153.97,68173.96,111
2026-07-14T20:10:00+00:00,68173.96,68173.96,68133.97,68148.96,52
2026-07-14T20:15:00+00:00,68148.96,68183.45,68148.96,68168.46,37
2026-07-14T20:20:00+00:00,68168.46,68168.46,68118.95,68148.46,29
2026-07-14T20:25:00+00:00,68148.46,68163.45,68123.95,68138.96,27
2026-07-14T20:30:00+00:00,68138.96,68143.47,68128.95,68128.96,13
2026-07-14T20:35:00+00:00,68128.96,68153.45,68128.96,68143.96,24.616130074297406
2026-07-14T20:40:00+00:00,68143.96,68153.95,68143.95,68153.95,15
2026-07-14T20:45:00+00:00,68153.95,68168.46,68128.95,68128.95,17
2026-07-14T20:50:00+00:00,68128.95,68173.46,68108.97,68173.46,38
2026-07-14T20:55:00+00:00,68173.46,68213.45,68163.95,68210.95,77
2026-07-14T22:05:00+00:00,68210.95,68259.46,68179.98,68249.96,10
2026-07-14T22:10:00+00:00,68249.96,68249.96,68134.97,68139.98,4
2026-07-14T22:15:00+00:00,68139.98,68234.98,68139.98,68234.96,17
2026-07-14T22:20:00+00:00,68234.96,68379.96,68234.96,68364.96,35
2026-07-14T22:25:00+00:00,68364.96,68374.98,68299.96,68324.97,24
2026-07-14T22:30:00+00:00,68324.97,68384.98,68324.97,68344.98,15
2026-07-14T22:35:00+00:00,68344.98,68349.98,68344.96,68349.98,9
2026-07-14T22:40:00+00:00,68349.98,68354.47,68329.97,68334.97,19
2026-07-14T22:45:00+00:00,68334.97,68334.97,68319.97,68319.97,11
2026-07-14T22:50:00+00:00,68319.97,68324.98,68294.96,68294.96,6
2026-07-14T22:55:00+00:00,68294.96,68294.96,68269.97,68284.48,9
2026-07-14T23:00:00+00:00,68284.48,68284.48,68244.96,68269.96,23
2026-07-14T23:05:00+00:00,68269.96,68279.98,68264.96,68269.96,17
2026-07-14T23:10:00+00:00,68269.96,68314.46,68269.96,68304.98,18
2026-07-14T23:15:00+00:00,68304.98,68304.98,68264.97,68269.96,30
2026-07-14T23:20:00+00:00,68269.96,68269.96,68209.96,68249.98,40
2026-07-14T23:25:00+00:00,68249.98,68354.96,68244.96,68319.96,86
2026-07-14T23:30:00+00:00,68319.96,68354.98,68269.98,68349.98,129
2026-07-14T23:35:00+00:00,68349.98,68389.47,68299.97,68339.96,77
2026-07-14T23:40:00+00:00,68339.96,68426.97,68339.46,68359.98,108
2026-07-14T23:45:00+00:00,68359.98,68519.97,68314.96,68384.96,557
2026-07-14T23:50:00+00:00,68384.96,68399.98,68319.97,68354.97,177
2026-07-14T23:55:00+00:00,68354.97,68461.96,68339.96,68354.96,210
2026-07-15T00:00:00+00:00,68354.96,68479.48,68119.98,68384.97,1368
2026-07-15T00:05:00+00:00,68384.97,68449.98,68244.97,68379.98,886
2026-07-15T00:10:00+00:00,68379.98,68724.48,68379.96,68719.97,539
2026-07-15T00:15:00+00:00,68719.97,68854.96,68699.96,68794.48,1285
2026-07-15T00:20:00+00:00,68794.48,68829.98,68634.96,68689.48,1106
2026-07-15T00:25:00+00:00,68689.48,68739.48,68594.96,68704.97,1127
2026-07-15T00:30:00+00:00,68704.97,68749.46,68509.96,68564.97,952
2026-07-15T00:35:00+00:00,68564.97,68569.48,68329.96,68439.48,1049
2026-07-15T00:40:00+00:00,68439.48,68484.47,68149.97,68216.96,1202
2026-07-15T00:45:00+00:00,68216.96,68369.48,68159.97,68279.47,795
2026-07-15T00:50:00+00:00,68279.47,68351.98,68244.97,68324.46,811
2026-07-15T00:55:00+00:00,68324.46,68424.48,68304.96,68309.98,664
2026-07-15T01:00:00+00:00,68309.98,68366.98,68094.96,68239.48,976
2026-07-15T01:05:00+00:00,68239.48,68259.47,68054.96,68099.98,614
2026-07-15T01:10:00+00:00,68099.98,68119.46,67964.96,68014.48,729
2026-07-15T01:15:00+00:00,68014.48,68134.48,67964.96,68059.46,852
2026-07-15T01:20:00+00:00,68059.46,68119.48,67979.97,68014.97,660
2026-07-15T01:25:00+00:00,68014.97,68154.47,67939.98,68064.96,923
2026-07-15T01:30:00+00:00,68064.96,68134.47,67894.97,67999.98,1104
2026-07-15T01:35:00+00:00,67999.98,68184.48,67954.96,68164.46,877
2026-07-15T01:40:00+00:00,68164.46,68164.46,67929.98,67934.97,696
2026-07-15T01:45:00+00:00,67934.97,68199.48,67934.96,68174.98,596
2026-07-15T01:50:00+00:00,68174.98,68274.47,68134.96,68269.98,542
2026-07-15T01:55:00+00:00,68269.98,68404.48,68244.96,68399.97,283
2026-07-15T02:00:00+00:00,68399.97,68454.47,68359.97,68404.97,426
2026-07-15T02:05:00+00:00,68404.97,68484.47,68359.96,68429.47,412
2026-07-15T02:10:00+00:00,68429.47,68449.48,68344.96,68424.96,330
2026-07-15T02:15:00+00:00,68424.96,68479.48,68404.96,68429.47,216
2026-07-15T02:20:00+00:00,68429.47,68494.96,68379.96,68409.46,204
2026-07-15T02:25:00+00:00,68409.46,68439.47,68374.97,68434.97,184
2026-07-15T02:30:00+00:00,68434.97,68514.46,68434.96,68489.98,144
2026-07-15T02:35:00+00:00,68489.98,68524.46,68474.97,68504.97,135
2026-07-15T02:40:00+00:00,68504.97,68539.47,68494.96,68529.97,118
2026-07-15T02:45:00+00:00,68529.97,68559.47,68499.98,68519.46,84
2026-07-15T02:50:00+00:00,68519.46,68524.48,68439.96,68469.48,153
2026-07-15T02:55:00+00:00,68469.48,68494.48,68449.96,68454.98,80
2026-07-15T03:00:00+00:00,68454.98,68529.47,68449.96,68526.97,125
2026-07-15T03:05:00+00:00,68526.97,68534.48,68489.96,68499.96,78
2026-07-15T03:10:00+00:00,68499.96,68519.47,68474.96,68509.47,106
2026-07-15T03:15:00+00:00,68509.47,68569.47,68499.96,68544.97,97
2026-07-15T03:20:00+00:00,68544.97,68559.48,68509.96,68516.98,126
2026-07-15T03:25:00+00:00,68516.98,68594.48,68514.97,68589.48,113
2026-07-15T03:30:00+00:00,68589.48,68684.48,68559.96,68581.97,401
2026-07-15T03:35:00+00:00,68581.97,68619.47,68539.96,68549.48,204
2026-07-15T03:40:00+00:00,68549.48,68589.48,68484.97,68489.47,226
2026-07-15T03:45:00+00:00,68489.47,68584.48,68479.97,68584.48,225
2026-07-15T03:50:00+00:00,68584.48,68644.48,68579.97,68634.47,144
2026-07-15T03:55:00+00:00,68634.47,68704.47,68629.97,68674.96,135
2026-07-15T04:00:00+00:00,68674.96,68749.48,68674.96,68729.47,236
2026-07-15T04:05:00+00:00,68729.47,68749.47,68599.96,68604.97,241
2026-07-15T04:10:00+00:00,68604.97,68664.48,68604.96,68639.98,159
2026-07-15T04:15:00+00:00,68639.98,68659.48,68609.96,68629.47,158
2026-07-15T04:20:00+00:00,68629.47,68674.47,68594.96,68659.46,129
2026-07-15T04:25:00+00:00,68659.46,68674.47,68569.98,68574.47,150
2026-07-15T04:30:00+00:00,68574.47,68621.96,68539.97,68564.48,158
2026-07-15T04:35:00+00:00,68564.48,68679.48,68559.96,68659.97,154
2026-07-15T04:40:00+00:00,68659.97,68686.97,68604.98,68634.48,140
2026-07-15T04:45:00+00:00,68634.48,68674.48,68614.97,68649.96,248
2026-07-15T04:50:00+00:00,68649.96,68659.48,68624.98,68639.46,224
2026-07-15T04:55:00+00:00,68639.46,68689.48,68609.96,68681.96,226
2026-07-15T05:00:00+00:00,68681.96,68889.48,68579.96,68634.97,1423
2026-07-15T05:05:00+00:00,68634.97,68709.47,68464.97,68709.47,576
2026-07-15T05:10:00+00:00,68709.47,68729.47,68524.96,68534.98,467
2026-07-15T05:15:00+00:00,68534.98,68639.47,68504.96,68609.47,383
2026-07-15T05:20:00+00:00,68609.47,68659.48,68559.96,68569.96,222
2026-07-15T05:25:00+00:00,68569.96,68579.48,68494.97,68514.98,259
2026-07-15T05:30:00+00:00,68514.98,68554.46,68464.97,68549.47,349
2026-07-15T05:35:00+00:00,68549.47,68609.96,68534.96,68609.96,356
2026-07-15T05:40:00+00:00,68609.96,68639.47,68564.96,68599.98,413
2026-07-15T05:45:00+00:00,68599.98,68739.48,68589.97,68699.48,281
2026-07-15T05:50:00+00:00,68699.48,68754.48,68654.96,68744.96,240
2026-07-15T05:55:00+00:00,68744.96,68804.47,68739.96,68804.47,171
2026-07-15T06:00:00+00:00,68804.47,68824.48,68779.96,68814.47,232
2026-07-15T06:05:00+00:00,68814.47,68839.47,68784.96,68804.48,252
2026-07-15T06:10:00+00:00,68804.48,68829.46,68764.96,68779.47,247
2026-07-15T06:15:00+00:00,68779.47,68779.47,68679.97,68754.46,238
2026-07-15T06:20:00+00:00,68754.46,68754.48,68704.47,68721.96,191
2026-07-15T06:25:00+00:00,68721.96,68799.48,68696.97,68759.46,424
2026-07-15T06:30:00+00:00,68759.46,68854.47,68759.46,68806.96,519
2026-07-15T06:35:00+00:00,68806.96,68864.48,68774.46,68779.47,438
2026-07-15T06:40:00+00:00,68779.47,68831.98,68766.96,68819.48,226
2026-07-15T06:45:00+00:00,68819.48,68881.96,68814.46,68879.47,111
2026-07-15T06:50:00+00:00,68879.47,68884.48,68851.97,68866.97,79
2026-07-15T06:55:00+00:00,68866.97,68869.48,68771.96,68774.48,106
2026-07-15T07:00:00+00:00,68774.48,68876.98,68751.98,68859.48,212
2026-07-15T07:05:00+00:00,68859.48,68904.48,68806.97,68829.47,180
2026-07-15T07:10:00+00:00,68829.47,68859.48,68806.97,68844.46,168
2026-07-15T07:15:00+00:00,68844.46,68869.47,68829.46,68839.48,122
2026-07-15T07:20:00+00:00,68839.48,68854.48,68756.96,68756.96,121
2026-07-15T07:25:00+00:00,68756.96,68756.98,68564.46,68649.48,382
2026-07-15T07:30:00+00:00,68649.48,68649.48,68559.96,68579.47,226
2026-07-15T07:35:00+00:00,68579.47,68634.48,68574.98,68634.46,133
2026-07-15T07:40:00+00:00,68634.46,68681.98,68624.46,68679.47,130
2026-07-15T07:45:00+00:00,68679.47,68714.48,68639.46,68711.96,137
2026-07-15T07:50:00+00:00,68711.96,68764.47,68704.48,68726.96,115
2026-07-15T07:55:00+00:00,68726.96,68749.47,68696.98,68721.96,166
2026-07-15T08:00:00+00:00,68721.96,68724.46,68519.46,68561.96,491
2026-07-15T08:05:00+00:00,68561.96,68574.48,68496.96,68501.96,276
2026-07-15T08:10:00+00:00,68501.96,68521.98,68419.98,68454.48,268
2026-07-15T08:15:00+00:00,68454.48,68474.46,68376.97,68399.46,318
2026-07-15T08:20:00+00:00,68399.46,68419.48,68274.96,68331.96,340
2026-07-15T08:25:00+00:00,68331.96,68439.47,68324.46,68439.47,323
2026-07-15T08:30:00+00:00,68439.47,68474.48,68406.96,68429.47,292
2026-07-15T08:35:00+00:00,68429.47,68431.98,68384.46,68421.98,222
2026-07-15T08:40:00+00:00,68421.98,68474.48,68419.48,68471.97,223
2026-07-15T08:45:00+00:00,68471.97,68519.48,68471.96,68504.46,200
2026-07-15T08:50:00+00:00,68504.46,68524.48,68479.48,68481.96,185
2026-07-15T08:55:00+00:00,68481.96,68536.98,68464.97,68529.46,172
2026-07-15T09:00:00+00:00,68529.46,68579.48,68524.48,68569.48,202
2026-07-15T09:05:00+00:00,68569.48,68594.46,68546.96,68594.46,133
2026-07-15T09:10:00+00:00,68594.46,68621.96,68581.96,68611.96,178
2026-07-15T09:15:00+00:00,68611.96,68624.48,68579.47,68591.97,153
2026-07-15T09:20:00+00:00,68591.97,68616.98,68581.97,68589.47,146
2026-07-15T09:25:00+00:00,68589.47,68589.48,68531.98,68544.47,162
2026-07-15T09:30:00+00:00,68544.47,68551.97,68496.96,68506.97,175
2026-07-15T09:35:00+00:00,68506.97,68524.47,68454.48,68476.96,190
2026-07-15T09:40:00+00:00,68476.96,68524.48,68471.98,68511.97,169
2026-07-15T09:45:00+00:00,68511.97,68516.97,68444.46,68454.47,152
2026-07-15T09:50:00+00:00,68454.47,68474.48,68409.46,68429.47,157
2026-07-15T09:55:00+00:00,68429.47,68431.98,68384.47,68399.46,157
2026-07-15T10:00:00+00:00,68399.46,68439.47,68371.98,68421.96,205
2026-07-15T10:05:00+00:00,68421.96,68441.98,68416.96,68429.46,113
2026-07-15T10:10:00+00:00,68429.46,68474.48,68421.96,68459.47,116
2026-07-15T10:15:00+00:00,68459.47,68474.47,68434.46,68436.98,117
2026-07-15T10:20:00+00:00,68436.98,68466.98,68366.96,68369.48,330
2026-07-15T10:25:00+00:00,68369.48,68384.47,68314.47,68344.46,395
2026-07-15T10:30:00+00:00,68344.46,68359.48,68319.47,68341.98,285
2026-07-15T10:35:00+00:00,68341.98,68424.46,68336.97,68394.47,177
2026-07-15T10:40:00+00:00,68394.47,68396.97,68336.97,68351.98,211
2026-07-15T10:45:00+00:00,68351.98,68399.47,68346.96,68396.98,157
2026-07-15T10:50:00+00:00,68396.98,68409.48,68374.48,68394.47,131
2026-07-15T10:55:00+00:00,68394.47,68399.48,68319.47,68331.97,182
2026-07-15T11:00:00+00:00,68331.97,68394.47,68326.97,68364.46,313
2026-07-15T11:05:00+00:00,68364.46,68374.48,68296.98,68359.47,230
2026-07-15T11:10:00+00:00,68359.47,68359.48,68319.46,68334.48,195
2026-07-15T11:15:00+00:00,68334.48,68381.97,68319.46,68329.47,225
2026-07-15T11:20:00+00:00,68329.47,68351.96,68326.96,68329.47,139
2026-07-15T11:25:00+00:00,68329.47,68361.97,68304.48,68324.46,166
2026-07-15T11:30:00+00:00,68324.46,68364.46,68286.97,68356.97,204
2026-07-15T11:35:00+00:00,68356.97,68386.98,68334.46,68374.46,190
2026-07-15T11:40:00+00:00,68374.46,68406.98,68356.98,68371.97,165
2026-07-15T11:45:00+00:00,68371.97,68374.46,68299.96,68304.46,241
2026-07-15T11:50:00+00:00,68304.46,68339.47,68271.96,68281.96,289
2026-07-15T11:55:00+00:00,68281.96,68321.98,68271.96,68279.48,154
2026-07-15T12:00:00+00:00,68279.48,68309.47,68256.96,68261.97,225
2026-07-15T12:05:00+00:00,68261.97,68261.97,68179.97,68219.46,320
2026-07-15T12:10:00+00:00,68219.46,68251.98,68196.96,68239.47,272
2026-07-15T12:15:00+00:00,68239.47,68269.48,68231.97,68234.48,197
2026-07-15T12:20:00+00:00,68234.48,68236.98,68164.97,68199.47,205
2026-07-15T12:25:00+00:00,68199.47,68231.98,68171.96,68214.98,160
2026-07-15T12:30:00+00:00,68214.98,68404.97,68194.97,68339.96,511
2026-07-15T12:35:00+00:00,68339.96,68399.48,68339.96,68359.48,422
2026-07-15T12:40:00+00:00,68359.48,68449.47,68334.97,68421.98,403
2026-07-15T12:45:00+00:00,68421.98,68489.47,68404.96,68479.46,246
2026-07-15T12:50:00+00:00,68479.46,68519.48,68456.96,68504.48,216
2026-07-15T12:55:00+00:00,68504.48,68539.48,68494.97,68524.47,237
2026-07-15T13:00:00+00:00,68524.47,68624.48,68524.47,68616.98,272
2026-07-15T13:05:00+00:00,68616.98,68636.97,68509.96,68511.96,182
2026-07-15T13:10:00+00:00,68511.96,68514.46,68429.46,68439.48,223
2026-07-15T13:15:00+00:00,68439.48,68474.46,68434.47,68466.96,170
2026-07-15T13:20:00+00:00,68466.96,68479.47,68414.96,68446.96,209
2026-07-15T13:25:00+00:00,68446.96,68459.48,68389.96,68444.46,215
2026-07-15T13:30:00+00:00,68444.46,68464.48,68259.98,68311.98,1257
2026-07-15T13:35:00+00:00,68311.98,68321.98,68059.47,68136.96,1455
2026-07-15T13:40:00+00:00,68136.96,68161.98,68054.96,68064.47,1018
2026-07-15T13:45:00+00:00,68064.47,68114.48,68024.98,68059.47,1067
2026-07-15T13:50:00+00:00,68059.47,68104.48,67999.47,68089.47,856
2026-07-15T13:55:00+00:00,68089.47,68191.98,68069.48,68171.97,1260
2026-07-15T14:00:00+00:00,68171.97,68209.46,68104.46,68109.48,823
2026-07-15T14:05:00+00:00,68109.48,68176.97,68071.98,68109.46,748
2026-07-15T14:10:00+00:00,68109.46,68114.48,67964.98,67986.98,731
2026-07-15T14:15:00+00:00,67986.98,68019.47,67931.96,67944.47,976
2026-07-15T14:20:00+00:00,67944.47,67951.96,67711.97,67756.97,1299
2026-07-15T14:25:00+00:00,67756.97,67829.48,67656.97,67814.47,1711
2026-07-15T14:30:00+00:00,67814.47,67831.97,67689.48,67774.46,1256
2026-07-15T14:35:00+00:00,67774.46,67799.48,67564.96,67594.96,930
2026-07-15T14:40:00+00:00,67594.96,67659.47,67504.98,67646.96,1381
2026-07-15T14:45:00+00:00,67646.96,67666.97,67544.46,67646.97,1149
2026-07-15T14:50:00+00:00,67646.97,67654.48,67524.48,67569.46,1085
2026-07-15T14:55:00+00:00,67569.46,67621.98,67531.97,67616.96,923
2026-07-15T15:00:00+00:00,67616.96,67641.97,67496.97,67576.97,1178
2026-07-15T15:05:00+00:00,67576.97,67691.97,67554.48,67666.96,997
2026-07-15T15:10:00+00:00,67666.96,67689.48,67526.98,67536.98,808
2026-07-15T15:15:00+00:00,67536.98,67626.98,67474.46,67609.46,951
2026-07-15T15:20:00+00:00,67609.46,67609.46,67429.47,67521.98,899
2026-07-15T15:25:00+00:00,67521.98,67661.98,67509.46,67644.46,1067
2026-07-15T15:30:00+00:00,67644.46,67679.48,67581.97,67651.98,804
2026-07-15T15:35:00+00:00,67651.98,67696.98,67589.96,67679.47,837
2026-07-15T15:40:00+00:00,67679.47,67696.98,67636.96,67659.48,626
2026-07-15T15:45:00+00:00,67659.48,67666.98,67584.96,67609.98,679
2026-07-15T15:50:00+00:00,67609.98,67619.47,67559.96,67604.46,404
2026-07-15T15:55:00+00:00,67604.46,67609.48,67566.97,67566.98,473
2026-07-15T16:00:00+00:00,67566.98,67609.48,67434.97,67464.48,700
2026-07-15T16:05:00+00:00,67464.48,67474.48,67301.97,67386.96,838
2026-07-15T16:10:00+00:00,67386.96,67389.47,67291.97,67301.97,634
2026-07-15T16:15:00+00:00,67301.97,67336.97,67249.46,67249.46,631
2026-07-15T16:20:00+00:00,67249.46,67264.46,67116.96,67131.98,530
2026-07-15T16:25:00+00:00,67131.98,67199.48,67124.47,67189.47,646
2026-07-15T16:30:00+00:00,67189.47,67224.46,67091.96,67111.96,608
2026-07-15T16:35:00+00:00,67111.96,67131.97,67074.46,67109.47,457
2026-07-15T16:40:00+00:00,67109.47,67201.98,67084.47,67196.98,513
2026-07-15T16:45:00+00:00,67196.98,67336.98,67166.96,67241.96,1209
2026-07-15T16:50:00+00:00,67241.96,67319.48,67236.97,67256.97,688
2026-07-15T16:55:00+00:00,67256.97,67286.98,67201.98,67284.47,409
2026-07-15T17:00:00+00:00,67284.47,67361.98,67274.46,67321.96,360
2026-07-15T17:05:00+00:00,67321.96,67381.98,67314.48,67356.97,327
2026-07-15T17:10:00+00:00,67356.97,67406.97,67336.97,67344.47,357
2026-07-15T17:15:00+00:00,67344.47,67451.97,67331.96,67436.96,279
2026-07-15T17:20:00+00:00,67436.96,67474.46,67431.96,67456.96,306
2026-07-15T17:25:00+00:00,67456.96,67561.96,67456.96,67546.97,279
2026-07-15T17:30:00+00:00,67546.97,67616.96,67546.97,67599.46,567
2026-07-15T17:35:00+00:00,67599.46,67636.96,67579.98,67624.48,353
2026-07-15T17:40:00+00:00,67624.48,67649.48,67609.46,67646.96,286
2026-07-15T17:45:00+00:00,67646.96,67736.98,67626.96,67731.98,306
2026-07-15T17:50:00+00:00,67731.98,67776.98,67704.47,67766.96,346
2026-07-15T17:55:00+00:00,67766.96,67789.46,67744.46,67749.48,266
2026-07-15T18:00:00+00:00,67749.48,67786.97,67734.46,67764.48,258
2026-07-15T18:05:00+00:00,67764.48,67809.48,67756.97,67801.96,231
2026-07-15T18:10:00+00:00,67801.96,67841.98,67796.97,67801.97,222
2026-07-15T18:15:00+00:00,67801.97,67801.98,67746.96,67781.96,260
2026-07-15T18:20:00+00:00,67781.96,67841.96,67779.47,67831.97,152
2026-07-15T18:25:00+00:00,67831.97,67856.98,67826.97,67856.98,161
2026-07-15T18:30:00+00:00,67856.98,67894.47,67856.96,67871.98,118
2026-07-15T18:35:00+00:00,67871.98,67871.98,67791.96,67796.96,199
2026-07-15T18:40:00+00:00,67796.96,67816.98,67726.96,67731.97,266
2026-07-15T18:45:00+00:00,67731.97,67734.47,67664.48,67711.97,454
2026-07-15T18:50:00+00:00,67711.97,67719.47,67626.98,67671.96,374
2026-07-15T18:55:00+00:00,67671.96,67689.47,67589.48,67616.97,291
2026-07-15T19:00:00+00:00,67616.97,67716.98,67609.47,67716.98,289
2026-07-15T19:05:00+00:00,67716.98,67741.96,67679.48,67694.46,230
2026-07-15T19:10:00+00:00,67694.46,67731.96,67681.97,67709.47,235
2026-07-15T19:15:00+00:00,67709.47,67719.46,67649.46,67649.46,133
2026-07-15T19:20:00+00:00,67649.46,67649.46,67594.97,67621.96,250
2026-07-15T19:25:00+00:00,67621.96,67689.48,67599.46,67676.96,212
2026-07-15T19:30:00+00:00,67676.96,67726.98,67624.48,67631.97,673
2026-07-15T19:35:00+00:00,67631.97,67704.48,67594.98,67704.47,295
2026-07-15T19:40:00+00:00,67704.47,67784.47,67696.98,67766.98,250
2026-07-15T19:45:00+00:00,67766.98,67771.98,67714.47,67721.98,239
2026-07-15T19:50:00+00:00,67721.98,67766.96,67686.97,67736.97,456
2026-07-15T19:55:00+00:00,67736.97,67791.97,67736.97,67789.48,379
2026-07-15T20:00:00+00:00,67789.48,67806.98,67759.96,67779.46,157
2026-07-15T20:05:00+00:00,67779.46,67779.48,67659.96,67714.47,125
2026-07-15T20:10:00+00:00,67714.47,67749.46,67704.97,67744.48,80
2026-07-15T20:15:00+00:00,67744.48,67786.98,67734.96,67784.46,43
2026-07-15T20:20:00+00:00,67784.46,67816.96,67784.46,67794.46,34
2026-07-15T20:25:00+00:00,67794.46,67799.48,67774.96,67789.96,29
2026-07-15T20:30:00+00:00,67789.96,67794.47,67764.96,67764.97,21.651898734177216
2026-07-15T20:35:00+00:00,67764.97,67769.97,67734.97,67739.97,31
2026-07-15T20:40:00+00:00,67739.97,67769.48,67734.96,67749.97,35
2026-07-15T20:45:00+00:00,67749.97,67759.48,67714.96,67714.96,34
2026-07-15T20:50:00+00:00,67714.96,67756.96,67714.96,67739.97,45
2026-07-15T20:55:00+00:00,67739.97,67744.48,67634.96,67661.96,88
2026-07-15T22:00:00+00:00,67661.96,67775.38,67661.96,67775.38,13
2026-07-15T22:05:00+00:00,67775.38,67855.38,67775.38,67840.37,15
2026-07-15T22:10:00+00:00,67840.37,67845.38,67815.36,67820.36,19
2026-07-15T22:15:00+00:00,67820.36,67830.38,67815.38,67820.37,15
2026-07-15T22:20:00+00:00,67820.37,67820.37,67800.37,67814.86,14
2026-07-15T22:25:00+00:00,67814.86,67814.87,67790.36,67810.38,9
2026-07-15T22:30:00+00:00,67810.38,67819.87,67800.38,67805.37,13
2026-07-15T22:35:00+00:00,67805.37,67815.38,67780.36,67780.38,17
2026-07-15T22:40:00+00:00,67780.38,67780.38,67765.36,67780.37,8
2026-07-15T22:45:00+00:00,67780.37,67785.38,67780.37,67785.37,4
2026-07-15T22:50:00+00:00,67785.37,67835.36,67775.36,67790.38,46
2026-07-15T22:55:00+00:00,67790.38,67839.87,67790.36,67820.38,43
2026-07-15T23:00:00+00:00,67820.38,67839.88,67800.37,67802.87000000001,37.016696098892275
2026-07-15T23:05:00+00:00,67802.87000000001,67802.87000000001,67742.86,67757.85,23
2026-07-15T23:10:00+00:00,67757.85,67822.35,67757.85,67812.37000000001,29
2026-07-15T23:15:00+00:00,67812.37000000001,67822.37000000001,67777.85,67802.86,42
2026-07-15T23:20:00+00:00,67802.86,67832.36,67797.86,67802.87000000001,45
2026-07-15T23:25:00+00:00,67802.87000000001,67827.86,67787.85,67823.35,18.73182546353871
2026-07-15T23:30:00+00:00,67823.35,67892.86,67793.36,67883.37000000001,109
2026-07-15T23:35:00+00:00,67883.37000000001,67895.37000000001,67763.36,67763.36,96
2026-07-15T23:40:00+00:00,67763.36,67798.35,67758.36,67763.37000000001,108
2026-07-15T23:45:00+00:00,67763.37000000001,67828.37000000001,67603.35,67603.35,368
2026-07-15T23:50:00+00:00,67603.35,67633.35,67488.35,67503.37000000001,310
2026-07-15T23:55:00+00:00,67503.37000000001,67503.37000000001,67393.35,67418.35,281
2026-07-16T00:00:00+00:00,67418.35,67793.37000000001,67398.36,67658.36,2111
2026-07-16T00:05:00+00:00,67658.36,67687.86,67363.37000000001,67407.86,1230
2026-07-16T00:10:00+00:00,67407.86,67468.35,67258.36,67457.87000000001,1018
2026-07-16T00:15:00+00:00,67457.87000000001,67482.87000000001,67043.36,67048.37000000001,1329
2026-07-16T00:20:00+00:00,67048.37000000001,67207.87000000001,67018.35,67068.35,1239
2026-07-16T00:25:00+00:00,67068.35,67100.35,66963.35,67007.87000000001,839
2026-07-16T00:30:00+00:00,67007.87000000001,67122.85,66873.37000000001,67038.35,839
2026-07-16T00:35:00+00:00,67038.35,67077.86,66853.35,66873.37000000001,666
2026-07-16T00:40:00+00:00,66873.37000000001,66873.37000000001,66638.37000000001,66647.86,585
2026-07-16T00:45:00+00:00,66647.86,66777.85,66598.35,66742.86,596
2026-07-16T00:50:00+00:00,66742.86,66967.87000000001,66708.35,66883.35,1077
2026-07-16T00:55:00+00:00,66883.35,66892.87000000001,66658.35,66738.36,964
2026-07-16T01:00:00+00:00,66738.36,66795.35,66623.35,66713.35,1196
2026-07-16T01:05:00+00:00,66713.35,66837.86,66638.37000000001,66777.86,933
2026-07-16T01:10:00+00:00,66777.86,66807.87000000001,66573.36,66697.87000000001,788
2026-07-16T01:15:00+00:00,66697.87000000001,66752.86,66593.35,66598.37000000001,602
2026-07-16T01:20:00+00:00,66598.37000000001,66787.86,66593.36,66732.86,633
2026-07-16T01:25:00+00:00,66732.86,66805.35,66653.35,66677.87000000001,599
2026-07-16T01:30:00+00:00,66677.87000000001,66787.85,66568.37000000001,66668.37000000001,1150
2026-07-16T01:35:00+00:00,66668.37000000001,66842.85,66668.35,66747.87000000001,1079
2026-07-16T01:40:00+00:00,66747.87000000001,66812.87000000001,66598.36,66678.36,881
2026-07-16T01:45:00+00:00,66678.36,67002.87000000001,66658.35,66982.87000000001,766
2026-07-16T01:50:00+00:00,66982.87000000001,67002.85,66833.35,66937.85,871
2026-07-16T01:55:00+00:00,66937.85,67047.87000000001,66753.37000000001,66808.37000000001,807
2026-07-16T02:00:00+00:00,66808.37000000001,66827.86,66588.35,66602.86,647
2026-07-16T02:05:00+00:00,66602.86,66715.35,66553.36,66643.37000000001,546
2026-07-16T02:10:00+00:00,66643.37000000001,66757.85,66588.35,66633.36,713
2026-07-16T02:15:00+00:00,66633.36,66742.86,66578.36,66717.85,729
2026-07-16T02:20:00+00:00,66717.85,66822.86,66653.35,66807.87000000001,591
2026-07-16T02:25:00+00:00,66807.87000000001,66882.87000000001,66788.36,66882.87000000001,332
2026-07-16T02:30:00+00:00,66882.87000000001,66927.86,66843.35,66922.87000000001,311
2026-07-16T02:35:00+00:00,66922.87000000001,66977.87000000001,66893.35,66952.85,286
2026-07-16T02:40:00+00:00,66952.85,67002.87000000001,66933.36,66963.37000000001,431
2026-07-16T02:45:00+00:00,66963.37000000001,67087.87000000001,66958.35,67037.86,321
2026-07-16T02:50:00+00:00,67037.86,67100.35,66988.35,67082.85,342
2026-07-16T02:55:00+00:00,67082.85,67132.85,67053.36,67093.37000000001,218
2026-07-16T03:00:00+00:00,67093.37000000001,67137.87000000001,67073.35,67102.87000000001,237
2026-07-16T03:05:00+00:00,67102.87000000001,67217.87000000001,67098.35,67198.36,254
2026-07-16T03:10:00+00:00,67198.36,67207.87000000001,67138.36,67153.36,183
2026-07-16T03:15:00+00:00,67153.36,67157.87000000001,66983.35,67017.87000000001,265
2026-07-16T03:20:00+00:00,67017.87000000001,67057.85,66893.37000000001,66903.37000000001,344
2026-07-16T03:25:00+00:00,66903.37000000001,66937.87000000001,66843.36,66908.37000000001,230
2026-07-16T03:30:00+00:00,66908.37000000001,67183.35,66878.36,67113.37000000001,1129
2026-07-16T03:35:00+00:00,67113.37000000001,67147.85,67008.37000000001,67022.85,676
2026-07-16T03:40:00+00:00,67022.85,67147.87000000001,67018.35,67138.36,489
2026-07-16T03:45:00+00:00,67138.36,67163.37000000001,67038.37000000001,67052.85,436
2026-07-16T03:50:00+00:00,67052.85,67227.87000000001,67043.35,67203.35,356
2026-07-16T03:55:00+00:00,67203.35,67232.86,67158.35,67228.35,258
2026-07-16T04:00:00+00:00,67228.35,67282.87000000001,67113.36,67128.37000000001,362
2026-07-16T04:05:00+00:00,67128.37000000001,67222.86,67113.35,67135.36,315
2026-07-16T04:10:00+00:00,67135.36,67282.87000000001,67123.36,67268.35,394
2026-07-16T04:15:00+00:00,67268.35,67268.37000000001,67133.35,67147.87000000001,405
2026-07-16T04:20:00+00:00,67147.87000000001,67157.87000000001,67018.35,67078.35,256
2026-07-16T04:25:00+00:00,67078.35,67102.85,66993.35,67015.37000000001,200
2026-07-16T04:30:00+00:00,67015.37000000001,67017.87000000001,66948.37000000001,66978.37000000001,262
2026-07-16T04:35:00+00:00,66978.37000000001,66987.86,66858.35,66868.36,307
2026-07-16T04:40:00+00:00,66868.36,66887.86,66813.35,66818.37000000001,324
2026-07-16T04:45:00+00:00,66818.37000000001,66847.85,66778.35,66835.35,307
2026-07-16T04:50:00+00:00,66835.35,66862.87000000001,66788.35,66857.86,364
2026-07-16T04:55:00+00:00,66857.86,66897.87000000001,66798.35,66828.36,352
2026-07-16T05:00:00+00:00,66828.36,66897.87000000001,66818.36,66838.36,574
2026-07-16T05:05:00+00:00,66838.36,66863.35,66753.35,66782.85,383
2026-07-16T05:10:00+00:00,66782.85,66952.85,66743.37000000001,66938.35,560
2026-07-16T05:15:00+00:00,66938.35,67017.85,66903.35,66967.87000000001,565
2026-07-16T05:20:00+00:00,66967.87000000001,67028.37000000001,66923.35,66993.37000000001,404
2026-07-16T05:25:00+00:00,66993.37000000001,67103.36,66983.35,67102.86,468
2026-07-16T05:30:00+00:00,67102.86,67222.87000000001,66748.36,66773.36,1175
2026-07-16T05:35:00+00:00,66773.36,66843.37000000001,66643.35,66748.35,978
2026-07-16T05:40:00+00:00,66748.35,66848.36,66698.35,66783.37000000001,643
2026-07-16T05:45:00+00:00,66783.37000000001,66842.87000000001,66738.35,66748.35,503
2026-07-16T05:50:00+00:00,66748.35,66787.85,66713.35,66743.35,483
2026-07-16T05:55:00+00:00,66743.35,66807.85,66688.36,66725.35,352
2026-07-16T06:00:00+00:00,66725.35,66850.37000000001,66712.87000000001,66747.85,822
2026-07-16T06:05:00+00:00,66747.85,66953.36,66598.36,66933.36,1312
2026-07-16T06:10:00+00:00,66933.36,66942.86,66818.35,66912.86,1237
2026-07-16T06:15:00+00:00,66912.86,67087.86,66883.35,67065.35,670
2026-07-16T06:20:00+00:00,67065.35,67100.35,66968.35,66968.36,500
2026-07-16T06:25:00+00:00,66968.36,67052.87000000001,66927.85,66967.86,720
2026-07-16T06:30:00+00:00,66967.86,67012.86,66838.35,66852.87000000001,788
2026-07-16T06:35:00+00:00,66852.87000000001,66867.85,66743.37000000001,66840.36,390
2026-07-16T06:40:00+00:00,66840.36,66887.87000000001,66828.35,66852.86,170
2026-07-16T06:45:00+00:00,66852.86,66892.87000000001,66783.37000000001,66890.36,155
2026-07-16T06:50:00+00:00,66890.36,66947.85,66890.35,66947.85,148
2026-07-16T06:55:00+00:00,66947.85,66997.87000000001,66947.85,66973.35,114
2026-07-16T07:00:00+00:00,66973.35,66982.87000000001,66808.36,66897.85,305
2026-07-16T07:05:00+00:00,66897.85,66905.35,66828.37000000001,66842.87000000001,240
2026-07-16T07:10:00+00:00,66842.87000000001,66847.85,66727.87000000001,66727.87000000001,239
2026-07-16T07:15:00+00:00,66727.87000000001,66770.37000000001,66698.36,66727.85,217
2026-07-16T07:20:00+00:00,66727.85,66817.87000000001,66722.85,66782.85,156
2026-07-16T07:25:00+00:00,66782.85,66785.37000000001,66698.35,66727.87000000001,124
2026-07-16T07:30:00+00:00,66727.87000000001,66762.87000000001,66677.85,66697.85,192
2026-07-16T07:35:00+00:00,66697.85,66702.85,66613.35,66613.35,178
2026-07-16T07:40:00+00:00,66613.35,66647.87000000001,66577.87000000001,66577.87000000001,153
2026-07-16T07:45:00+00:00,66577.87000000001,66587.86,66547.87000000001,66565.35,142
2026-07-16T07:50:00+00:00,66565.35,66572.86,66508.35,66522.87000000001,172
2026-07-16T07:55:00+00:00,66522.87000000001,66527.86,66468.37000000001,66482.86,212
2026-07-16T08:00:00+00:00,66482.86,66502.87000000001,66282.87000000001,66355.37000000001,1124
2026-07-16T08:05:00+00:00,66355.37000000001,66417.87000000001,66312.87000000001,66347.87000000001,661
2026-07-16T08:10:00+00:00,66347.87000000001,66402.87000000001,66283.35,66315.35,537
2026-07-16T08:15:00+00:00,66315.35,66412.87000000001,66273.36,66382.87000000001,427
2026-07-16T08:20:00+00:00,66382.87000000001,66595.37000000001,66358.37000000001,66472.86,413
2026-07-16T08:25:00+00:00,66472.86,66535.36,66447.85,66492.87000000001,453
2026-07-16T08:30:00+00:00,66492.87000000001,66617.87000000001,66475.36,66572.87000000001,473
2026-07-16T08:35:00+00:00,66572.87000000001,66630.37000000001,66560.35,66592.87000000001,352
2026-07-16T08:40:00+00:00,66592.87000000001,66640.37000000001,66522.85,66535.35,364
2026-07-16T08:45:00+00:00,66535.35,66705.36,66530.37000000001,66690.36,340
2026-07-16T08:50:00+00:00,66690.36,66717.86,66657.85,66690.37000000001,332
2026-07-16T08:55:00+00:00,66690.37000000001,66747.87000000001,66680.37000000001,66737.86,263
2026-07-16T09:00:00+00:00,66737.86,66852.87000000001,66737.85,66830.36,392
2026-07-16T09:05:00+00:00,66830.36,66855.36,66782.87000000001,66810.37000000001,310
2026-07-16T09:10:00+00:00,66810.37000000001,66882.85,66782.86,66862.86,345
2026-07-16T09:15:00+00:00,66862.86,66915.37000000001,66837.85,66847.85,281
2026-07-16T09:20:00+00:00,66847.85,66902.85,66833.37000000001,66843.35,209
2026-07-16T09:25:00+00:00,66843.35,66892.86,66823.35,66832.87000000001,218
2026-07-16T09:30:00+00:00,66832.87000000001,66867.86,66768.37000000001,66788.35,246
2026-07-16T09:35:00+00:00,66788.35,66832.87000000001,66763.36,66773.36,250
2026-07-16T09:40:00+00:00,66773.36,66777.86,66722.86,66722.86,253
2026-07-16T09:45:00+00:00,66722.86,66722.87000000001,66658.35,66662.87000000001,337
2026-07-16T09:50:00+00:00,66662.87000000001,66707.87000000001,66633.35,66673.36,322
2026-07-16T09:55:00+00:00,66673.36,66703.36,66598.35,66613.35,620
2026-07-16T10:00:00+00:00,66613.35,66662.85,66583.35,66658.35,443
2026-07-16T10:05:00+00:00,66658.35,66752.85,66633.35,66738.35,249
2026-07-16T10:10:00+00:00,66738.35,66742.87000000001,66648.35,66682.87000000001,248
2026-07-16T10:15:00+00:00,66682.87000000001,66682.87000000001,66623.35,66633.35,271
2026-07-16T10:20:00+00:00,66633.35,66642.86,66563.35,66585.37000000001,317
2026-07-16T10:25:00+00:00,66585.37000000001,66652.86,66558.35,66652.85,288
2026-07-16T10:30:00+00:00,66652.85,66712.87000000001,66633.35,66707.87000000001,226
2026-07-16T10:35:00+00:00,66707.87000000001,66712.85,66588.35,66597.85,219
2026-07-16T10:40:00+00:00,66597.85,66622.85,66558.35,66568.35,313
2026-07-16T10:45:00+00:00,66568.35,66620.37000000001,66543.35,66567.87000000001,318
2026-07-16T10:50:00+00:00,66567.87000000001,66612.87000000001,66553.35,66607.87000000001,204
2026-07-16T10:55:00+00:00,66607.87000000001,66627.87000000001,66578.35,66597.87000000001,243
2026-07-16T11:00:00+00:00,66597.87000000001,66597.87000000001,66443.35,66448.36,577
2026-07-16T11:05:00+00:00,66448.36,66467.87000000001,66393.36,66418.35,504
2026-07-16T11:10:00+00:00,66418.35,66427.87000000001,66368.35,66398.36,447
2026-07-16T11:15:00+00:00,66398.36,66412.86,66298.35,66352.85,423
2026-07-16T11:20:00+00:00,66352.85,66487.86,66348.36,66478.35,283
2026-07-16T11:25:00+00:00,66478.35,66512.86,66388.35,66412.87000000001,274
2026-07-16T11:30:00+00:00,66412.87000000001,66417.87000000001,66333.35,66378.37000000001,235
2026-07-16T11:35:00+00:00,66378.37000000001,66437.87000000001,66353.36,66393.35,274
2026-07-16T11:40:00+00:00,66393.35,66437.87000000001,66358.35,66378.37000000001,313
2026-07-16T11:45:00+00:00,66378.37000000001,66412.86,66143.37000000001,66197.86,429
2026-07-16T11:50:00+00:00,66197.86,66332.85,66158.37000000001,66313.36,1274
2026-07-16T11:55:00+00:00,66313.36,66412.86,66313.36,66372.87000000001,285
2026-07-16T12:00:00+00:00,66372.87000000001,66457.87000000001,66368.37000000001,66417.85,299
2026-07-16T12:05:00+00:00,66417.85,66432.87000000001,66343.35,66362.86,414
2026-07-16T12:10:00+00:00,66362.86,66367.87000000001,66275.36,66327.86,272
2026-07-16T12:15:00+00:00,66327.86,66347.87000000001,66273.35,66345.37000000001,300
2026-07-16T12:20:00+00:00,66345.37000000001,66347.87000000001,66158.35,66163.37000000001,562
2026-07-16T12:25:00+00:00,66163.37000000001,66242.86,66143.36,66213.36,353
2026-07-16T12:30:00+00:00,66213.36,66248.35,66088.36,66150.37000000001,734
2026-07-16T12:35:00+00:00,66150.37000000001,66150.37000000001,66023.35,66037.86,582
2026-07-16T12:40:00+00:00,66037.86,66072.87000000001,66013.37000000001,66047.86,594
2026-07-16T12:45:00+00:00,66047.86,66147.86,66023.35,66122.86,418
2026-07-16T12:50:00+00:00,66122.86,66172.87000000001,66083.35,66158.36,307
2026-07-16T12:55:00+00:00,66158.36,66162.87000000001,66088.36,66103.37000000001,309
2026-07-16T13:00:00+00:00,66103.37000000001,66227.87000000001,66093.35,66202.87000000001,602
2026-07-16T13:05:00+00:00,66202.87000000001,66262.87000000001,66183.35,66257.87000000001,349
2026-07-16T13:10:00+00:00,66257.87000000001,66315.37000000001,66233.35,66303.37000000001,252
2026-07-16T13:15:00+00:00,66303.37000000001,66337.87000000001,66288.36,66323.37000000001,200
2026-07-16T13:20:00+00:00,66323.37000000001,66392.86,66308.36,66387.87000000001,164
2026-07-16T13:25:00+00:00,66387.87000000001,66387.87000000001,66328.36,66372.87000000001,264
2026-07-16T13:30:00+00:00,66372.87000000001,66487.86,66343.35,66357.86,1257
2026-07-16T13:35:00+00:00,66357.86,66407.87000000001,66223.37000000001,66237.86,1418
2026-07-16T13:40:00+00:00,66237.86,66337.87000000001,66113.37000000001,66137.86,1165
2026-07-16T13:45:00+00:00,66137.86,66192.87000000001,66033.35,66082.87000000001,1089
2026-07-16T13:50:00+00:00,66082.87000000001,66287.87000000001,66073.37000000001,66167.86,1503
2026-07-16T13:55:00+00:00,66167.86,66262.85,66093.37000000001,66258.36,2169
2026-07-16T14:00:00+00:00,66258.36,66387.85,66228.35,66358.36,1956
2026-07-16T14:05:00+00:00,66358.36,66552.86,66318.36,66527.87000000001,1579
2026-07-16T14:10:00+00:00,66527.87000000001,66547.87000000001,66468.35,66517.86,1463
2026-07-16T14:15:00+00:00,66517.86,66582.85,66478.35,66562.86,1334
2026-07-16T14:20:00+00:00,66562.86,66577.87000000001,66338.36,66408.36,1504
2026-07-16T14:25:00+00:00,66408.36,66487.87000000001,66333.36,66463.36,1393
2026-07-16T14:30:00+00:00,66463.36,66463.36,66353.35,66383.37000000001,1278
2026-07-16T14:35:00+00:00,66383.37000000001,66470.36,66333.35,66372.86,1158
2026-07-16T14:40:00+00:00,66372.86,66407.87000000001,66298.35,66363.35,1099
2026-07-16T14:45:00+00:00,66363.35,66422.85,66323.35,66357.85,1214
2026-07-16T14:50:00+00:00,66357.85,66367.87000000001,66278.35,66307.86,1141
2026-07-16T14:55:00+00:00,66307.86,66422.87000000001,66243.35,66417.86,1302
2026-07-16T15:00:00+00:00,66417.86,66462.86,66348.35,66358.35,1461
2026-07-16T15:05:00+00:00,66358.35,66382.86,66283.35,66378.35,841
2026-07-16T15:10:00+00:00,66378.35,66402.85,66282.86,66328.35,738
2026-07-16T15:15:00+00:00,66328.35,66382.87000000001,66258.35,66377.85,803
2026-07-16T15:20:00+00:00,66377.85,66438.35,66328.36,66437.85,940
2026-07-16T15:25:00+00:00,66437.85,66600.35,66433.36,66492.87000000001,1008
2026-07-16T15:30:00+00:00,66492.87000000001,66613.36,66413.36,66612.86,910
2026-07-16T15:35:00+00:00,66612.86,66647.87000000001,66553.37000000001,66627.86,684
2026-07-16T15:40:00+00:00,66627.86,66645.36,66503.35,66538.37000000001,655
2026-07-16T15:45:00+00:00,66538.37000000001,66567.87000000001,66468.37000000001,66562.85,613
2026-07-16T15:50:00+00:00,66562.85,66637.87000000001,66558.36,66592.87000000001,608
2026-07-16T15:55:00+00:00,66592.87000000001,66592.87000000001,66478.36,66493.35,585
2026-07-16T16:00:00+00:00,66493.35,66498.37000000001,66358.35,66367.87000000001,678
2026-07-16T16:05:00+00:00,66367.87000000001,66382.87000000001,66308.35,66343.36,720
2026-07-16T16:10:00+00:00,66343.36,66343.36,66183.37000000001,66208.35,622
2026-07-16T16:15:00+00:00,66208.35,66237.87000000001,66163.37000000001,66193.35,887
2026-07-16T16:20:00+00:00,66193.35,66197.87000000001,66083.36,66127.85,1018
2026-07-16T16:25:00+00:00,66127.85,66212.87000000001,66098.37000000001,66163.35,746
2026-07-16T16:30:00+00:00,66163.35,66250.36,66153.36,66192.85,633
2026-07-16T16:35:00+00:00,66192.85,66232.87000000001,66143.35,66182.86,512
2026-07-16T16:40:00+00:00,66182.86,66237.85,66153.36,66177.87000000001,593
2026-07-16T16:45:00+00:00,66177.87000000001,66207.86,66103.36,66133.37000000001,515
2026-07-16T16:50:00+00:00,66133.37000000001,66235.36,66113.37000000001,66222.87000000001,562
2026-07-16T16:55:00+00:00,66222.87000000001,66302.87000000001,66213.35,66268.35,479
2026-07-16T17:00:00+00:00,66268.35,66287.86,66188.36,66253.37000000001,532
2026-07-16T17:05:00+00:00,66253.37000000001,66292.85,66168.35,66277.86,387
2026-07-16T17:10:00+00:00,66277.86,66287.87000000001,66192.86,66197.86,285
2026-07-16T17:15:00+00:00,66197.86,66247.85,66172.85,66208.36,332
2026-07-16T17:20:00+00:00,66208.36,66227.87000000001,66163.35,66178.37000000001,512
2026-07-16T17:25:00+00:00,66178.37000000001,66287.85,66163.35,66257.87000000001,613
2026-07-16T17:30:00+00:00,66257.87000000001,66287.87000000001,66178.35,66202.86,544
2026-07-16T17:35:00+00:00,66202.86,66207.87000000001,66133.35,66158.35,444
2026-07-16T17:40:00+00:00,66158.35,66162.87000000001,66073.37000000001,66122.85,574
2026-07-16T17:45:00+00:00,66122.85,66182.86,66073.35,66152.87000000001,479
2026-07-16T17:50:00+00:00,66152.87000000001,66157.87000000001,66088.36,66130.37000000001,431
2026-07-16T17:55:00+00:00,66130.37000000001,66130.37000000001,66038.36,66080.35,446
2026-07-16T18:00:00+00:00,66080.35,66122.87000000001,65958.35,65968.35,485
2026-07-16T18:05:00+00:00,65968.35,66022.86,65958.35,65987.87000000001,614
2026-07-16T18:10:00+00:00,65987.87000000001,66097.86,65983.35,66002.86,578
2026-07-16T18:15:00+00:00,66002.86,66082.87000000001,65963.35,66058.37000000001,476
2026-07-16T18:20:00+00:00,66058.37000000001,66147.87000000001,66053.36,66132.87000000001,475
2026-07-16T18:25:00+00:00,66132.87000000001,66162.85,66068.35,66092.87000000001,395
2026-07-16T18:30:00+00:00,66092.87000000001,66092.87000000001,66013.35,66018.36,487
2026-07-16T18:35:00+00:00,66018.36,66022.85,65953.35,65957.85,414
2026-07-16T18:40:00+00:00,65957.85,66007.85,65883.35,65983.37000000001,669
2026-07-16T18:45:00+00:00,65983.37000000001,66012.86,65958.35,65992.86,632
2026-07-16T18:50:00+00:00,65992.86,66017.87000000001,65942.86,65947.85,515
2026-07-16T18:55:00+00:00,65947.85,65947.87000000001,65868.36,65892.86,377
2026-07-16T19:00:00+00:00,65892.86,65987.87000000001,65878.37000000001,65962.86,512
2026-07-16T19:05:00+00:00,65962.86,65992.87000000001,65853.35,65858.37000000001,587
2026-07-16T19:10:00+00:00,65858.37000000001,65872.87000000001,65818.35,65857.86,564
2026-07-16T19:15:00+00:00,65857.86,65857.86,65778.35,65803.35,549
2026-07-16T19:20:00+00:00,65803.35,65832.87000000001,65763.35,65780.37000000001,538
2026-07-16T19:25:00+00:00,65780.37000000001,65825.35,65738.35,65802.87000000001,349
2026-07-16T19:30:00+00:00,65802.87000000001,65837.87000000001,65722.85,65767.87000000001,636
2026-07-16T19:35:00+00:00,65767.87000000001,65837.87000000001,65708.35,65822.86,434
2026-07-16T19:40:00+00:00,65822.86,65862.87000000001,65788.35,65797.87000000001,316
2026-07-16T19:45:00+00:00,65797.87000000001,65802.86,65728.37000000001,65772.85,419
2026-07-16T19:50:00+00:00,65772.85,65927.87000000001,65772.85,65927.87000000001,839
2026-07-16T19:55:00+00:00,65927.87000000001,66025.35,65898.36,66003.35,718
2026-07-16T20:00:00+00:00,66003.35,66007.85,65927.86,65945.37000000001,340
2026-07-16T20:05:00+00:00,65945.37000000001,65982.86,65913.35,65952.87000000001,104
2026-07-16T20:10:00+00:00,65952.87000000001,65957.87000000001,65888.35,65888.37000000001,58
2026-07-16T20:15:00+00:00,65888.37000000001,65932.86,65873.37000000001,65925.37000000001,68
2026-07-16T20:20:00+00:00,65925.37000000001,65942.87000000001,65883.35,65893.35,100
2026-07-16T20:25:00+00:00,65893.35,65893.35,65848.35,65865.36,64
2026-07-16T20:30:00+00:00,65865.36,65870.36,65813.35,65837.85,70
2026-07-16T20:35:00+00:00,65837.85,65872.87000000001,65823.35,65862.86,68
2026-07-16T20:40:00+00:00,65862.86,65872.87000000001,65853.35,65853.37000000001,44
2026-07-16T20:45:00+00:00,65853.37000000001,65887.85,65833.37000000001,65873.36,72
2026-07-16T20:50:00+00:00,65873.36,65903.36,65868.36,65898.37000000001,48
2026-07-16T20:55:00+00:00,65898.37000000001,65930.36,65878.37000000001,65930.36,67
2026-07-16T22:00:00+00:00,65932.37,65940.26,65890.25,65895.26,18
2026-07-16T22:05:00+00:00,65895.26,65925.27,65885.27,65900.26,15
2026-07-16T22:10:00+00:00,65900.26,65900.26,65835.25,65835.27,15
2026-07-16T22:15:00+00:00,65835.27,65835.27,65835.25,65835.26,6
2026-07-16T22:20:00+00:00,65835.26,65835.26,65810.25,65825.25,13
2026-07-16T22:25:00+00:00,65825.25,65835.25,65805.25,65805.25,19
2026-07-16T22:30:00+00:00,65805.25,65825.27,65785.25,65785.25,30
2026-07-16T22:35:00+00:00,65785.25,65795.25,65765.25,65795.25,16
2026-07-16T22:40:00+00:00,65795.25,65885.27,65740.26,65865.26,27
2026-07-16T22:45:00+00:00,65865.26,65885.25,65825.25,65835.25,25
2026-07-16T22:50:00+00:00,65835.25,65840.26,65785.26,65785.26,14
2026-07-16T22:55:00+00:00,65785.26,65810.27,65755.25,65805.27,76
2026-07-16T23:00:00+00:00,65805.27,65849.77,65780.26,65820.25,76
2026-07-16T23:05:00+00:00,65820.25,65829.75,65760.25,65760.27,103
2026-07-16T23:10:00+00:00,65760.27,65790.27,65740.25,65785.27,112
2026-07-16T23:15:00+00:00,65785.27,65785.27,65760.25,65780.27,69
2026-07-16T23:20:00+00:00,65780.27,65819.77,65725.27,65725.27,108
2026-07-16T23:25:00+00:00,65725.27,65779.76,65675.27,65775.26,104
2026-07-16T23:30:00+00:00,65775.26,65850.27,65700.25,65825.25,203
2026-07-16T23:35:00+00:00,65825.25,65904.76,65795.25,65890.26,134
2026-07-16T23:40:00+00:00,65890.26,65925.26,65835.26,65900.25,108
2026-07-16T23:45:00+00:00,65900.25,65900.27,65550.25,65565.27,687
2026-07-16T23:50:00+00:00,65565.27,65770.27,65560.25,65765.27,340
2026-07-16T23:55:00+00:00,65765.27,65780.26,65505.27,65505.27,376
2026-07-17T00:00:00+00:00,65505.27,65769.76,65465.25,65485.27,2036
2026-07-17T00:05:00+00:00,65485.27,65544.75,65110.25,65140.27,1611
2026-07-17T00:10:00+00:00,65140.27,65187.25,64820.25,64855.25,1741
2026-07-17T00:15:00+00:00,64855.25,65320.27,64815.26,65055.26,2956
2026-07-17T00:20:00+00:00,65055.26,65259.76,64875.27,64885.27,3062
2026-07-17T00:25:00+00:00,64885.27,64890.26,64590.27,64620.25,2264
2026-07-17T00:30:00+00:00,64620.25,64659.75,64505.26,64554.75,1748
2026-07-17T00:35:00+00:00,64554.75,64580.26,64435.25,64465.27,1698
2026-07-17T00:40:00+00:00,64465.27,64500.25,64220.25,64280.27,1819
2026-07-17T00:45:00+00:00,64280.27,64589.77,64255.26,64579.76,2154
2026-07-17T00:50:00+00:00,64579.76,64914.76,64540.26,64910.25,1437
2026-07-17T00:55:00+00:00,64910.25,65010.27,64760.26,64789.76,1660
2026-07-17T01:00:00+00:00,64789.76,65070.27,64720.26,64760.25,1298
2026-07-17T01:05:00+00:00,64760.25,64910.27,64675.25,64905.26,965
2026-07-17T01:10:00+00:00,64905.26,65134.77,64900.27,64995.25,1171
2026-07-17T01:15:00+00:00,64995.25,65124.76,64920.27,64939.76,1545
2026-07-17T01:20:00+00:00,64939.76,64939.76,64695.25,64710.25,1620
2026-07-17T01:25:00+00:00,64710.25,64735.27,64615.25,64650.25,1374
2026-07-17T01:30:00+00:00,64650.25,64650.25,64380.25,64390.25,1542
2026-07-17T01:35:00+00:00,64390.25,64440.25,64345.25,64385.27,1250
2026-07-17T01:40:00+00:00,64385.27,64460.27,64270.25,64305.27,980
2026-07-17T01:45:00+00:00,64305.27,64339.77,64215.27,64245.26,1018
2026-07-17T01:50:00+00:00,64245.26,64354.77,64220.25,64280.27,899
2026-07-17T01:55:00+00:00,64280.27,64325.26,64220.25,64275.26,821
2026-07-17T02:00:00+00:00,64275.26,64360.26,64220.26,64300.25,758
2026-07-17T02:05:00+00:00,64300.25,64315.25,64135.27,64140.25,529
2026-07-17T02:10:00+00:00,64140.25,64230.25,64120.25,64230.25,583
2026-07-17T02:15:00+00:00,64230.25,64234.76,64120.27,64125.26,397
2026-07-17T02:20:00+00:00,64125.26,64175.26,64085.25,64115.26,446
2026-07-17T02:25:00+00:00,64115.26,64174.75,64055.25,64120.25,332
2026-07-17T02:30:00+00:00,64120.25,64130.27,64055.25,64065.25,214
2026-07-17T02:35:00+00:00,64065.25,64100.27,64010.26,64075.25,226
2026-07-17T02:40:00+00:00,64075.25,64154.77,64065.26,64120.25,267
2026-07-17T02:45:00+00:00,64120.25,64159.76,64055.25,64074.77,221
2026-07-17T02:50:00+00:00,64074.77,64084.77,64035.25,64039.77,139
2026-07-17T02:55:00+00:00,64039.77,64114.75,64035.25,64105.25,164
2026-07-17T03:00:00+00:00,64105.25,64220.27,64080.25,64215.25,230
2026-07-17T03:05:00+00:00,64215.25,64255.25,64210.25,64225.26,324
2026-07-17T03:10:00+00:00,64225.26,64234.76,64145.27,64234.76,220
2026-07-17T03:15:00+00:00,64234.76,64320.27,64230.25,64320.27,165
2026-07-17T03:20:00+00:00,64320.27,64434.75,64310.27,64370.26,279
2026-07-17T03:25:00+00:00,64370.26,64449.77,64355.25,64424.75,268
2026-07-17T03:30:00+00:00,64424.75,64424.75,64045.25,64090.25,911
2026-07-17T03:35:00+00:00,64090.25,64230.26,64070.26,64110.26,608
2026-07-17T03:40:00+00:00,64110.26,64139.75,64060.25,64125.26,566
2026-07-17T03:45:00+00:00,64125.26,64134.77,63980.25,64005.27,294
2026-07-17T03:50:00+00:00,64005.27,64009.76,63890.25,63895.25,326
2026-07-17T03:55:00+00:00,63895.25,63914.77,63795.25,63795.26,330
2026-07-17T04:00:00+00:00,63795.26,63825.26,63665.25,63684.75,591
2026-07-17T04:05:00+00:00,63684.75,63734.76,63655.25,63670.27,601
2026-07-17T04:10:00+00:00,63670.27,63689.76,63610.25,63645.27,508
2026-07-17T04:15:00+00:00,63645.27,63669.75,63509.76,63540.25,385
2026-07-17T04:20:00+00:00,63540.25,63595.26,63360.25,63370.26,799
2026-07-17T04:25:00+00:00,63370.26,63380.27,63140.27,63215.25,748
2026-07-17T04:30:00+00:00,63215.25,63280.27,63040.26,63055.27,1029
2026-07-17T04:35:00+00:00,63055.27,63105.25,62935.25,62950.27,740
2026-07-17T04:40:00+00:00,62950.27,63244.77,62790.25,63204.75,1820
2026-07-17T04:45:00+00:00,63204.75,63419.75,63125.25,63370.26,1936
2026-07-17T04:50:00+00:00,63370.26,63464.76,63290.25,63450.26,981
2026-07-17T04:55:00+00:00,63450.26,63465.26,63300.26,63340.26,745
2026-07-17T05:00:00+00:00,63340.26,63365.26,63240.26,63320.26,964
2026-07-17T05:05:00+00:00,63320.26,63335.27,63200.26,63325.27,927
2026-07-17T05:10:00+00:00,63325.27,63549.77,63310.25,63539.75,725
2026-07-17T05:15:00+00:00,63539.75,63574.75,63450.27,63510.25,1041
2026-07-17T05:20:00+00:00,63510.25,63524.76,63390.26,63420.27,600
2026-07-17T05:25:00+00:00,63420.27,63445.27,63310.25,63395.27,466
2026-07-17T05:30:00+00:00,63395.27,63495.27,63375.25,63474.75,864
2026-07-17T05:35:00+00:00,63474.75,63485.26,63260.26,63285.26,899
2026-07-17T05:40:00+00:00,63285.26,63395.27,63245.26,63385.26,905
2026-07-17T05:45:00+00:00,63385.26,63575.25,63320.25,63550.27,938
2026-07-17T05:50:00+00:00,63550.27,63734.76,63550.27,63725.25,1053
2026-07-17T05:55:00+00:00,63725.25,63760.27,63665.27,63745.25,781
2026-07-17T06:00:00+00:00,63745.25,63944.75,63745.25,63884.77,1002
2026-07-17T06:05:00+00:00,63884.77,63962.26,63854.77,63930.25,1091
2026-07-17T06:10:00+00:00,63930.25,64074.77,63925.25,64035.25,747
2026-07-17T06:15:00+00:00,64035.25,64169.77,63999.77,64147.27,720
2026-07-17T06:20:00+00:00,64147.27,64217.25,64109.75,64214.75,500
2026-07-17T06:25:00+00:00,64214.75,64367.27,64214.75,64315.26,946
2026-07-17T06:30:00+00:00,64315.26,64315.26,64140.27,64199.77,783
2026-07-17T06:35:00+00:00,64199.77,64207.25,63969.75,64032.25,673
2026-07-17T06:40:00+00:00,64032.25,64054.77,63994.76,64039.77,194
2026-07-17T06:45:00+00:00,64039.77,64042.25,63954.76,63979.76,200
2026-07-17T06:50:00+00:00,63979.76,63994.77,63915.25,63940.26,217
2026-07-17T06:55:00+00:00,63940.26,64009.77,63920.25,63977.25,246
2026-07-17T07:00:00+00:00,63977.25,64064.77,63905.25,64052.25,421
2026-07-17T07:05:00+00:00,64052.25,64069.77,63932.26,63944.76,395
2026-07-17T07:10:00+00:00,63944.76,64037.26,63889.76,64029.76,375
2026-07-17T07:15:00+00:00,64029.76,64094.76,64025.26,64052.25,314
2026-07-17T07:20:00+00:00,64052.25,64054.77,63895.25,63924.75,325
2026-07-17T07:25:00+00:00,63924.75,64099.76,63915.25,64092.27,320
2026-07-17T07:30:00+00:00,64092.27,64104.77,63989.75,63989.75,271
2026-07-17T07:35:00+00:00,63989.75,63989.75,63890.25,63977.27,270
2026-07-17T07:40:00+00:00,63977.27,64072.25,63950.25,64064.77,234
2026-07-17T07:45:00+00:00,64064.77,64064.77,63960.27,64014.77,286
2026-07-17T07:50:00+00:00,64014.77,64052.26,63980.25,63985.26,202
2026-07-17T07:55:00+00:00,63985.26,64054.75,63920.26,63939.75,346
2026-07-17T08:00:00+00:00,63939.75,64319.77,63845.26,64299.77,1422
2026-07-17T08:05:00+00:00,64299.77,64372.25,64239.75,64319.75,909
2026-07-17T08:10:00+00:00,64319.75,64319.75,64125.25,64134.76,880
2026-07-17T08:15:00+00:00,64134.76,64137.25,63719.77,63792.27,1350
2026-07-17T08:20:00+00:00,63792.27,63829.76,63669.75,63684.77,1252
2026-07-17T08:25:00+00:00,63684.77,63969.75,63597.26,63910.27,1111
2026-07-17T08:30:00+00:00,63910.27,63929.77,63664.77,63725.25,903
2026-07-17T08:35:00+00:00,63725.25,63789.75,63645.26,63705.27,835
2026-07-17T08:40:00+00:00,63705.27,63747.26,63612.26,63677.26,836
2026-07-17T08:45:00+00:00,63677.26,63812.27,63659.75,63717.27,787
2026-07-17T08:50:00+00:00,63717.27,63834.77,63690.25,63797.27,831
2026-07-17T08:55:00+00:00,63797.27,63924.77,63764.75,63834.76,720
2026-07-17T09:00:00+00:00,63834.76,63877.25,63739.77,63782.27,911
2026-07-17T09:05:00+00:00,63782.27,63884.77,63707.26,63879.75,766
2026-07-17T09:10:00+00:00,63879.75,64087.26,63832.26,64039.77,802
2026-07-17T09:15:00+00:00,64039.77,64039.77,63829.76,63869.77,811
2026-07-17T09:20:00+00:00,63869.77,63954.77,63827.26,63954.77,658
2026-07-17T09:25:00+00:00,63954.77,64049.77,63949.77,64044.77,430
2026-07-17T09:30:00+00:00,64044.77,64049.77,63920.26,63925.27,548
2026-07-17T09:35:00+00:00,63925.27,64049.77,63900.26,64029.76,572
2026-07-17T09:40:00+00:00,64029.76,64034.77,63940.25,63965.27,519
2026-07-17T09:45:00+00:00,63965.27,64047.27,63965.27,63994.75,502
2026-07-17T09:50:00+00:00,63994.75,64094.77,63994.75,64020.25,746
2026-07-17T09:55:00+00:00,64020.25,64020.25,63950.26,63975.27,576
2026-07-17T10:00:00+00:00,63975.27,64049.77,63915.25,63985.26,600
2026-07-17T10:05:00+00:00,63985.26,64094.75,63985.26,64080.26,681
2026-07-17T10:10:00+00:00,64080.26,64224.77,64035.26,64204.77,781
2026-07-17T10:15:00+00:00,64204.77,64249.77,64140.26,64150.25,501
2026-07-17T10:20:00+00:00,64150.25,64184.77,64065.26,64100.25,564
2026-07-17T10:25:00+00:00,64100.25,64219.76,64085.27,64200.27,455
2026-07-17T10:30:00+00:00,64200.27,64264.76,64200.25,64264.76,409
2026-07-17T10:35:00+00:00,64264.76,64359.76,64250.25,64350.25,443
2026-07-17T10:40:00+00:00,64350.25,64404.75,64290.27,64319.76,428
2026-07-17T10:45:00+00:00,64319.76,64359.77,64295.25,64315.26,320
2026-07-17T10:50:00+00:00,64315.26,64329.76,64285.25,64294.75,269
2026-07-17T10:55:00+00:00,64294.75,64349.76,64260.25,64320.26,382
2026-07-17T11:00:00+00:00,64320.26,64379.75,64235.25,64245.27,672
2026-07-17T11:05:00+00:00,64245.27,64309.75,64180.27,64195.25,465
2026-07-17T11:10:00+00:00,64195.25,64264.77,64190.27,64209.77,324
2026-07-17T11:15:00+00:00,64209.77,64219.77,64150.25,64150.25,330
2026-07-17T11:20:00+00:00,64150.25,64159.76,64105.25,64139.77,389
2026-07-17T11:25:00+00:00,64139.77,64239.75,64125.25,64225.26,438
2026-07-17T11:30:00+00:00,64225.26,64259.75,64190.25,64230.25,504
2026-07-17T11:35:00+00:00,64230.25,64269.75,64225.25,64240.26,351
2026-07-17T11:40:00+00:00,64240.26,64274.77,64170.26,64180.27,352
2026-07-17T11:45:00+00:00,64180.27,64284.75,64170.25,64255.27,269
2026-07-17T11:50:00+00:00,64255.27,64349.76,64210.25,64334.75,336
2026-07-17T11:55:00+00:00,64334.75,64349.75,64285.25,64310.26,298
2026-07-17T12:00:00+00:00,64310.26,64379.75,64240.25,64250.27,538
2026-07-17T12:05:00+00:00,64250.27,64264.77,64195.26,64234.75,418
2026-07-17T12:10:00+00:00,64234.75,64269.76,64195.26,64240.26,370
2026-07-17T12:15:00+00:00,64240.26,64259.76,64165.25,64179.77,330
2026-07-17T12:20:00+00:00,64179.77,64299.77,64135.25,64269.76,360
2026-07-17T12:25:00+00:00,64269.76,64284.77,64185.25,64200.26,404
2026-07-17T12:30:00+00:00,64200.26,64244.77,64150.26,64180.25,506
2026-07-17T12:35:00+00:00,64180.25,64204.76,64135.25,64189.76,297
2026-07-17T12:40:00+00:00,64189.76,64194.77,64090.25,64170.25,304
2026-07-17T12:45:00+00:00,64170.25,64204.75,64054.77,64054.77,272
2026-07-17T12:50:00+00:00,64054.77,64114.75,64020.25,64090.26,250
2026-07-17T12:55:00+00:00,64090.26,64149.77,64049.75,64069.76,262
2026-07-17T13:00:00+00:00,64069.76,64082.26,63904.75,63959.76,762
2026-07-17T13:05:00+00:00,63959.76,63979.77,63845.25,63854.76,568
2026-07-17T13:10:00+00:00,63854.76,63879.77,63775.25,63785.25,300
2026-07-17T13:15:00+00:00,63785.25,63819.76,63735.26,63745.25,680
2026-07-17T13:20:00+00:00,63745.25,63794.76,63735.26,63735.26,506
2026-07-17T13:25:00+00:00,63735.26,63909.76,63727.26,63769.75,1248
2026-07-17T13:30:00+00:00,63769.75,63959.76,63630.25,63672.26,3354
2026-07-17T13:35:00+00:00,63672.26,63779.77,63525.25,63562.26,2866
2026-07-17T13:40:00+00:00,63562.26,63699.77,63425.27,63499.77,2708
2026-07-17T13:45:00+00:00,63499.77,63799.77,63484.75,63759.76,2533
2026-07-17T13:50:00+00:00,63759.76,64024.77,63710.26,63974.77,1872
2026-07-17T13:55:00+00:00,63974.77,64194.77,63915.25,64180.27,1488
2026-07-17T14:00:00+00:00,64180.27,64464.77,64175.25,64415.25,1895
2026-07-17T14:05:00+00:00,64415.25,64519.76,64410.27,64479.75,1621
2026-07-17T14:10:00+00:00,64479.75,64594.77,64435.27,64464.76,1628
2026-07-17T14:15:00+00:00,64464.76,64629.77,64430.25,64542.25,1161
2026-07-17T14:20:00+00:00,64542.25,64669.77,64514.75,64640.27,957
2026-07-17T14:25:00+00:00,64640.27,64694.77,64575.26,64649.77,957
2026-07-17T14:30:00+00:00,64649.77,64669.77,64400.26,64500.27,1224
2026-07-17T14:35:00+00:00,64500.27,64709.77,64495.25,64680.26,2116
2026-07-17T14:40:00+00:00,64680.26,64694.76,64530.25,64560.25,1399
2026-07-17T14:45:00+00:00,64560.25,64634.77,64455.26,64524.75,1769
2026-07-17T14:50:00+00:00,64524.75,64609.76,64460.25,64495.27,1585
2026-07-17T14:55:00+00:00,64495.27,64587.26,64350.25,64365.26,1478
2026-07-17T15:00:00+00:00,64365.26,64394.76,64207.26,64229.76,1534
2026-07-17T15:05:00+00:00,64229.76,64387.27,64209.75,64382.27,2049
2026-07-17T15:10:00+00:00,64382.27,64449.76,64270.25,64354.77,1913
2026-07-17T15:15:00+00:00,64354.77,64479.77,64300.26,64444.76,1665
2026-07-17T15:20:00+00:00,64444.76,64492.26,64357.27,64394.75,1803
2026-07-17T15:25:00+00:00,64394.75,64592.26,64390.26,64582.26,1794
2026-07-17T15:30:00+00:00,64582.26,64694.77,64474.77,64599.75,2007
2026-07-17T15:35:00+00:00,64599.75,64789.75,64544.76,64749.75,1556
2026-07-17T15:40:00+00:00,64749.75,64789.77,64630.25,64669.77,1169
2026-07-17T15:45:00+00:00,64669.77,64744.77,64629.77,64739.76,1105
2026-07-17T15:50:00+00:00,64739.76,64832.25,64679.77,64832.25,1079
2026-07-17T15:55:00+00:00,64832.25,64987.27,64810.26,64972.27,1590
2026-07-17T16:00:00+00:00,64972.27,64999.76,64790.25,64879.75,1529
2026-07-17T16:05:00+00:00,64879.75,64974.76,64820.25,64960.27,795
2026-07-17T16:10:00+00:00,64960.27,65012.25,64925.26,64997.27,581
2026-07-17T16:15:00+00:00,64997.27,65014.77,64955.25,64989.76,452
2026-07-17T16:20:00+00:00,64989.76,64994.77,64779.75,64794.77,627
2026-07-17T16:25:00+00:00,64794.77,64934.75,64772.27,64889.77,752
2026-07-17T16:30:00+00:00,64889.77,64919.77,64840.25,64860.25,370
2026-07-17T16:35:00+00:00,64860.25,64939.76,64850.26,64907.26,318
2026-07-17T16:40:00+00:00,64907.26,64987.26,64864.77,64985.27,395
2026-07-17T16:45:00+00:00,64985.27,65084.76,64979.77,65070.26,342
2026-07-17T16:50:00+00:00,65070.26,65129.77,65039.77,65065.27,407
2026-07-17T16:55:00+00:00,65065.27,65089.77,65000.27,65039.75,463
2026-07-17T17:00:00+00:00,65039.75,65159.76,65015.26,65110.26,584
2026-07-17T17:05:00+00:00,65110.26,65189.77,65105.25,65169.76,574
2026-07-17T17:10:00+00:00,65169.76,65187.26,65087.27,65087.27,512
2026-07-17T17:15:00+00:00,65087.27,65189.77,65069.75,65129.75,468
2026-07-17T17:20:00+00:00,65129.75,65179.77,65090.25,65179.76,441
2026-07-17T17:25:00+00:00,65179.76,65234.77,65175.25,65219.75,223
2026-07-17T17:30:00+00:00,65219.75,65229.77,65177.25,65204.76,307
2026-07-17T17:35:00+00:00,65204.76,65209.77,65124.76,65154.76,330
2026-07-17T17:40:00+00:00,65154.76,65157.26,65075.25,65094.77,355
2026-07-17T17:45:00+00:00,65094.77,65162.27,65082.26,65152.26,423
2026-07-17T17:50:00+00:00,65152.26,65167.26,65075.27,65084.76,510
2026-07-17T17:55:00+00:00,65084.76,65099.77,64990.25,65019.75,525
2026-07-17T18:00:00+00:00,65019.75,65124.75,64984.75,65060.26,455
2026-07-17T18:05:00+00:00,65060.26,65072.26,64995.26,65049.75,595
2026-07-17T18:10:00+00:00,65049.75,65092.27,65020.26,65069.75,463
2026-07-17T18:15:00+00:00,65069.75,65099.75,65020.25,65089.76,501
2026-07-17T18:20:00+00:00,65089.76,65132.27,65030.27,65069.76,482
2026-07-17T18:25:00+00:00,65069.76,65119.77,65010.26,65114.75,545
2026-07-17T18:30:00+00:00,65114.75,65199.77,65040.27,65080.25,361
2026-07-17T18:35:00+00:00,65080.25,65137.27,65060.27,65109.76,283
2026-07-17T18:40:00+00:00,65109.76,65112.25,64995.25,65029.75,266
2026-07-17T18:45:00+00:00,65029.75,65124.76,64985.25,65089.77,546
2026-07-17T18:50:00+00:00,65089.77,65174.77,65060.26,65174.77,459
2026-07-17T18:55:00+00:00,65174.77,65192.27,65110.25,65129.77,481
2026-07-17T19:00:00+00:00,65129.77,65144.75,65070.25,65109.76,499
2026-07-17T19:05:00+00:00,65109.76,65114.77,65010.25,65024.77,378
2026-07-17T19:10:00+00:00,65024.77,65029.77,64925.25,64939.75,284
2026-07-17T19:15:00+00:00,64939.75,65019.77,64914.75,65005.26,458
2026-07-17T19:20:00+00:00,65005.26,65009.76,64940.26,64944.77,434
2026-07-17T19:25:00+00:00,64944.77,65089.77,64895.26,65070.26,318
2026-07-17T19:30:00+00:00,65070.26,65159.77,65045.25,65090.26,508
2026-07-17T19:35:00+00:00,65090.26,65164.77,65065.26,65070.26,267
2026-07-17T19:40:00+00:00,65070.26,65164.77,65040.26,65140.27,291
2026-07-17T19:45:00+00:00,65140.27,65234.77,65125.25,65219.76,293
2026-07-17T19:50:00+00:00,65219.76,65249.75,65164.76,65220.25,560
2026-07-17T19:55:00+00:00,65220.25,65237.25,65109.76,65132.26,645
2026-07-17T20:00:00+00:00,65132.26,65134.77,65015.25,65030.26,272
2026-07-17T20:05:00+00:00,65030.26,65044.75,64955.26,65010.27,215
2026-07-17T20:10:00+00:00,65010.27,65032.25,64955.27,65014.75,161
2026-07-17T20:15:00+00:00,65014.75,65020.26,64995.27,65020.25,51
2026-07-17T20:20:00+00:00,65020.25,65047.27,65010.25,65047.27,88
2026-07-17T20:25:00+00:00,65047.27,65094.77,65035.25,65089.75,91
2026-07-17T20:30:00+00:00,65089.75,65124.75,65065.25,65105.26,110
2026-07-17T20:35:00+00:00,65105.26,65105.26,65065.26,65085.26,104
2026-07-17T20:40:00+00:00,65085.26,65100.27,65075.26,65100.25,61
2026-07-19T22:00:00+00:00,64949.07,64964.57,64774.57,64774.57,54
2026-07-19T22:05:00+00:00,64774.57,64789.59,64694.57,64789.59,88
2026-07-19T22:10:00+00:00,64789.59,64884.08,64719.57,64854.59,98
2026-07-19T22:15:00+00:00,64854.59,64894.58,64824.58,64834.59,75
2026-07-19T22:20:00+00:00,64834.59,64894.57,64709.58,64709.58,75
2026-07-19T22:25:00+00:00,64709.58,64779.59,64624.58,64764.57,104
2026-07-19T22:30:00+00:00,64764.57,64999.59,64764.57,64984.58,74
2026-07-19T22:35:00+00:00,64984.58,64994.59,64864.58,64864.58,49
2026-07-19T22:40:00+00:00,64864.58,65054.57,64864.57,65019.58,71
2026-07-19T22:45:00+00:00,65019.58,65019.58,64794.58,64814.07,82
2026-07-19T22:50:00+00:00,64814.07,64864.59,64699.59,64799.57,59
2026-07-19T22:55:00+00:00,64799.57,64809.57,64779.58,64789.57,15
2026-07-19T23:00:00+00:00,64789.57,64889.58,64769.58,64879.58,57
2026-07-19T23:05:00+00:00,64879.58,64934.59,64869.57,64924.57,17.936612487834015
2026-07-19T23:10:00+00:00,64924.57,64944.59,64879.58,64879.58,23
2026-07-19T23:15:00+00:00,64879.58,64879.58,64804.57,64804.59,18
2026-07-19T23:20:00+00:00,64804.59,64844.57,64749.57,64829.57,29
2026-07-19T23:25:00+00:00,64829.57,64869.58,64764.57,64799.59,70
2026-07-19T23:30:00+00:00,64799.59,64919.58,64749.58,64899.58,91
2026-07-19T23:35:00+00:00,64899.58,65024.09,64894.58,64944.57,100
2026-07-19T23:40:00+00:00,64944.57,65029.59,64914.58,64994.59,130
2026-07-19T23:45:00+00:00,64994.59,64994.59,64604.57,64709.59,689
2026-07-19T23:50:00+00:00,64709.59,64864.09,64659.59,64804.59,830
2026-07-19T23:55:00+00:00,64804.59,65094.59,64794.57,65059.59,294
2026-07-20T00:00:00+00:00,65059.59,65129.09,64769.59,65099.59,1208
2026-07-20T00:05:00+00:00,65099.59,65374.59,65084.58,65309.08,848
2026-07-20T00:10:00+00:00,65309.08,65379.59,65189.57,65244.59,727
2026-07-20T00:15:00+00:00,65244.59,65344.09,65184.57,65209.58,1378
2026-07-20T00:20:00+00:00,65209.58,65264.59,65104.58,65204.58,1383
2026-07-20T00:25:00+00:00,65204.58,65204.59,65024.57,65069.58,1282
2026-07-20T00:30:00+00:00,65069.58,65079.09,64809.57,64856.58,1536
2026-07-20T00:35:00+00:00,64856.58,65094.58,64844.57,64919.58,1447
2026-07-20T00:40:00+00:00,64919.58,64989.57,64774.57,64774.59,1149
2026-07-20T00:45:00+00:00,64774.59,64894.59,64664.59,64844.57,1540
2026-07-20T00:50:00+00:00,64844.57,64859.59,64724.57,64739.59,1024
2026-07-20T00:55:00+00:00,64739.59,64829.09,64709.57,64784.58,1112
2026-07-20T01:00:00+00:00,64784.58,64914.07,64744.57,64784.58,1851
2026-07-20T01:05:00+00:00,64784.58,65019.08,64774.59,64954.58,1344
2026-07-20T01:10:00+00:00,64954.58,65039.09,64854.57,64874.57,1173
2026-07-20T01:15:00+00:00,64874.57,64984.59,64864.58,64884.59,1552
2026-07-20T01:20:00+00:00,64884.59,65174.09,64834.57,65089.57,1472
2026-07-20T01:25:00+00:00,65089.57,65169.07,64879.57,64889.58,1230
2026-07-20T01:30:00+00:00,64889.58,64939.58,64824.57,64919.08,1773
2026-07-20T01:35:00+00:00,64919.08,65029.07,64859.57,64984.57,1304
2026-07-20T01:40:00+00:00,64984.57,65046.59,64769.57,64869.58,1023
2026-07-20T01:45:00+00:00,64869.58,64909.09,64784.57,64874.57,1094
2026-07-20T01:50:00+00:00,64874.57,64884.08,64644.57,64649.59,1017
2026-07-20T01:55:00+00:00,64649.59,64904.59,64649.57,64849.59,948
2026-07-20T02:00:00+00:00,64849.59,65089.57,64834.59,65029.58,1298
2026-07-20T02:05:00+00:00,65029.58,65074.09,64979.57,65014.59,1088
2026-07-20T02:10:00+00:00,65014.59,65019.57,64844.57,64854.57,742
2026-07-20T02:15:00+00:00,64854.57,64894.08,64709.57,64724.58,717
2026-07-20T02:20:00+00:00,64724.58,64744.07,64624.57,64679.57,856
2026-07-20T02:25:00+00:00,64679.57,64776.59,64639.57,64699.57,730
2026-07-20T02:30:00+00:00,64699.57,64969.57,64699.57,64919.59,840
2026-07-20T02:35:00+00:00,64919.59,64994.59,64879.58,64884.59,883
2026-07-20T02:40:00+00:00,64884.59,65084.09,64849.59,65024.09,833
2026-07-20T02:45:00+00:00,65024.09,65129.07,65009.58,65119.57,823
2026-07-20T02:50:00+00:00,65119.57,65144.57,65049.57,65054.58,670
2026-07-20T02:55:00+00:00,65054.58,65089.08,64994.57,65009.59,540
2026-07-20T03:00:00+00:00,65009.59,65079.09,64939.57,64954.57,667
2026-07-20T03:05:00+00:00,64954.57,64959.09,64834.57,64914.57,535
2026-07-20T03:10:00+00:00,64914.57,64999.59,64909.57,64959.57,630
2026-07-20T03:15:00+00:00,64959.57,65024.58,64919.59,64954.07,645
2026-07-20T03:20:00+00:00,64954.07,65004.59,64904.57,64984.58,716
2026-07-20T03:25:00+00:00,64984.58,64989.08,64899.57,64904.59,559
2026-07-20T03:30:00+00:00,64904.59,64989.58,64879.58,64934.57,626
2026-07-20T03:35:00+00:00,64934.57,65014.07,64889.57,64984.58,519
2026-07-20T03:40:00+00:00,64984.58,65024.59,64914.58,65004.58,494
2026-07-20T03:45:00+00:00,65004.58,65029.09,64954.57,65004.59,409
2026-07-20T03:50:00+00:00,65004.59,65174.07,64994.57,65144.57,445
2026-07-20T03:55:00+00:00,65144.57,65174.58,64959.57,65044.57,523
2026-07-20T04:00:00+00:00,65044.57,65134.08,65024.57,65059.59,785
2026-07-20T04:05:00+00:00,65059.59,65074.09,64974.57,65014.58,594
2026-07-20T04:10:00+00:00,65014.58,65044.09,64924.57,64924.59,422
2026-07-20T04:15:00+00:00,64924.59,64929.08,64839.57,64899.59,537
2026-07-20T04:20:00+00:00,64899.59,64954.09,64854.58,64934.59,682
2026-07-20T04:25:00+00:00,64934.59,65054.57,64934.57,65029.59,550
2026-07-20T04:30:00+00:00,65029.59,65174.08,64984.57,65079.59,615
2026-07-20T04:35:00+00:00,65079.59,65199.58,65064.57,65149.58,454
2026-07-20T04:40:00+00:00,65149.58,65219.58,65104.59,65194.57,441
2026-07-20T04:45:00+00:00,65194.57,65234.58,65169.58,65224.58,404
2026-07-20T04:50:00+00:00,65224.58,65289.58,65184.57,65214.08,460
2026-07-20T04:55:00+00:00,65214.08,65219.58,65074.57,65094.07,441
2026-07-20T05:00:00+00:00,65094.07,65134.07,65019.57,65064.09,755
2026-07-20T05:05:00+00:00,65064.09,65064.09,64954.57,64989.08,625
2026-07-20T05:10:00+00:00,64989.08,65016.57,64824.57,64984.57,801
2026-07-20T05:15:00+00:00,64984.57,64994.09,64919.58,64964.58,810
2026-07-20T05:20:00+00:00,64964.58,64984.07,64874.07,64934.57,610
2026-07-20T05:25:00+00:00,64934.57,64971.57,64869.57,64919.58,644
2026-07-20T05:30:00+00:00,64919.58,64964.09,64894.58,64924.57,776
2026-07-20T05:35:00+00:00,64924.57,64954.07,64879.58,64889.59,670
2026-07-20T05:40:00+00:00,64889.59,64959.09,64874.57,64884.09,618
2026-07-20T05:45:00+00:00,64884.09,64924.09,64844.59,64899.57,558
2026-07-20T05:50:00+00:00,64899.57,64909.57,64794.58,64804.59,443
2026-07-20T05:55:00+00:00,64804.59,64949.07,64784.59,64849.07,485
2026-07-20T06:00:00+00:00,64849.07,64919.09,64834.57,64899.07,617
2026-07-20T06:05:00+00:00,64899.07,64919.09,64824.57,64854.07,365
2026-07-20T06:10:00+00:00,64854.07,64854.07,64759.58,64794.09,319
2026-07-20T06:15:00+00:00,64794.09,64884.09,64774.57,64859.09,454
2026-07-20T06:20:00+00:00,64859.09,64899.07,64744.59,64744.59,373
2026-07-20T06:25:00+00:00,64744.59,64811.59,64739.57,64759.09,334
2026-07-20T06:30:00+00:00,64759.09,64794.09,64714.07,64729.07,303
2026-07-20T06:35:00+00:00,64729.07,64734.09,64659.07,64689.09,248
2026-07-20T06:40:00+00:00,64689.09,64804.09,64684.57,64781.57,225
2026-07-20T06:45:00+00:00,64781.57,64819.09,64739.57,64739.59,160
2026-07-20T06:50:00+00:00,64739.59,64809.09,64739.59,64799.07,135
2026-07-20T06:55:00+00:00,64799.07,64829.08,64769.59,64829.08,147
2026-07-20T07:00:00+00:00,64829.08,64949.09,64824.58,64914.08,352
2026-07-20T07:05:00+00:00,64914.08,64929.08,64819.57,64859.09,229
2026-07-20T07:10:00+00:00,64859.09,64899.09,64834.07,64861.58,221
2026-07-20T07:15:00+00:00,64861.58,64884.09,64794.57,64839.07,231
2026-07-20T07:20:00+00:00,64839.07,64994.09,64829.09,64959.57,458
2026-07-20T07:25:00+00:00,64959.57,65089.08,64949.58,65084.07,336
2026-07-20T07:30:00+00:00,65084.07,65169.09,65059.09,65139.07,429
2026-07-20T07:35:00+00:00,65139.07,65149.09,65074.09,65134.08,356
2026-07-20T07:40:00+00:00,65134.08,65189.08,65114.58,65174.57,341
2026-07-20T07:45:00+00:00,65174.57,65234.09,65104.57,65114.08,231
2026-07-20T07:50:00+00:00,65114.08,65129.09,65074.07,65104.58,180
2026-07-20T07:55:00+00:00,65104.58,65189.08,65089.58,65149.07,189
2026-07-20T08:00:00+00:00,65149.07,65349.08,65141.59,65294.08,1153
2026-07-20T08:05:00+00:00,65294.08,65304.09,65164.09,65209.09,394
2026-07-20T08:10:00+00:00,65209.09,65359.08,65174.08,65346.57,335
2026-07-20T08:15:00+00:00,65346.57,65389.08,65259.57,65261.59,355
2026-07-20T08:20:00+00:00,65261.59,65284.07,65209.07,65239.07,290
2026-07-20T08:25:00+00:00,65239.07,65269.09,65159.07,65251.59,331
2026-07-20T08:30:00+00:00,65251.59,65266.59,65104.07,65154.09,357
2026-07-20T08:35:00+00:00,65154.09,65186.58,65116.58,65169.09,275
2026-07-20T08:40:00+00:00,65169.09,65201.58,65084.09,65104.09,275
2026-07-20T08:45:00+00:00,65104.09,65189.09,65094.07,65179.07,272
2026-07-20T08:50:00+00:00,65179.07,65201.58,65156.59,65189.07,224
2026-07-20T08:55:00+00:00,65189.07,65221.57,65176.59,65209.07,224
2026-07-20T09:00:00+00:00,65209.07,65271.59,65194.08,65221.58,361
2026-07-20T09:05:00+00:00,65221.58,65221.58,65146.58,65174.09,360
2026-07-20T09:10:00+00:00,65174.09,65201.58,65141.57,65151.58,270
2026-07-20T09:15:00+00:00,65151.58,65266.59,65151.58,65156.59,301
2026-07-20T09:20:00+00:00,65156.59,65249.09,65154.08,65209.07,293
2026-07-20T09:25:00+00:00,65209.07,65246.59,65209.07,65211.58,216
2026-07-20T09:30:00+00:00,65211.58,65294.07,65199.08,65281.59,337
2026-07-20T09:35:00+00:00,65281.59,65336.57,65279.08,65336.57,266
2026-07-20T09:40:00+00:00,65336.57,65379.08,65324.07,65356.57,304
2026-07-20T09:45:00+00:00,65356.57,65399.09,65351.57,65386.57,308
2026-07-20T09:50:00+00:00,65386.57,65516.58,65379.09,65484.08,378
2026-07-20T09:55:00+00:00,65484.08,65484.08,65361.57,65421.59,339
2026-07-20T10:00:00+00:00,65421.59,65444.09,65369.07,65386.57,240
2026-07-20T10:05:00+00:00,65386.57,65386.57,65326.57,65339.07,173
2026-07-20T10:10:00+00:00,65339.07,65351.57,65284.58,65296.59,205
2026-07-20T10:15:00+00:00,65296.59,65324.09,65259.09,65314.08,199
2026-07-20T10:20:00+00:00,65314.08,65379.09,65306.59,65354.09,169
2026-07-20T10:25:00+00:00,65354.09,65389.08,65341.58,65349.07,189
2026-07-20T10:30:00+00:00,65349.07,65391.58,65324.09,65371.58,241
2026-07-20T10:35:00+00:00,65371.58,65371.58,65309.09,65321.58,178
2026-07-20T10:40:00+00:00,65321.58,65371.59,65291.57,65364.07,191
2026-07-20T10:45:00+00:00,65364.07,65446.57,65349.58,65434.07,234
2026-07-20T10:50:00+00:00,65434.07,65496.57,65419.07,65494.08,227
2026-07-20T10:55:00+00:00,65494.08,65494.08,65459.58,65484.08,133
2026-07-20T11:00:00+00:00,65484.08,65619.09,65484.08,65614.07,404
2026-07-20T11:05:00+00:00,65614.07,65639.09,65589.59,65626.57,264
2026-07-20T11:10:00+00:00,65626.57,65689.08,65594.08,65656.59,261
2026-07-20T11:15:00+00:00,65656.59,65684.08,65636.57,65659.08,245
2026-07-20T11:20:00+00:00,65659.08,65669.09,65556.58,65556.59,173
2026-07-20T11:25:00+00:00,65556.59,65586.59,65541.59,65574.09,138
2026-07-20T11:30:00+00:00,65574.09,65964.08,65564.07,65954.08,2129
2026-07-20T11:35:00+00:00,65954.08,65974.09,65859.09,65879.07,692
2026-07-20T11:40:00+00:00,65879.07,65944.07,65834.08,65854.08,470
2026-07-20T11:45:00+00:00,65854.08,65874.08,65734.07,65736.59,398
2026-07-20T11:50:00+00:00,65736.59,65799.07,65696.57,65786.59,354
2026-07-20T11:55:00+00:00,65786.59,65794.09,65731.58,65749.07,275
2026-07-20T12:00:00+00:00,65749.07,65759.08,65394.07,65509.09,1252
2026-07-20T12:05:00+00:00,65509.09,65579.09,65484.09,65521.57,642
2026-07-20T12:10:00+00:00,65521.57,65526.58,65421.57,65494.09,451
2026-07-20T12:15:00+00:00,65494.09,65609.09,65446.58,65584.09,374
2026-07-20T12:20:00+00:00,65584.09,65591.59,65516.57,65529.08,288
2026-07-20T12:25:00+00:00,65529.08,65611.58,65501.58,65611.58,247
2026-07-20T12:30:00+00:00,65611.58,65649.09,65559.08,65606.57,328
2026-07-20T12:35:00+00:00,65606.57,65659.09,65596.57,65631.57,240
2026-07-20T12:40:00+00:00,65631.57,65634.09,65516.57,65524.07,298
2026-07-20T12:45:00+00:00,65524.07,65621.57,65514.07,65599.08,282
2026-07-20T12:50:00+00:00,65599.08,65599.08,65509.08,65514.07,347
2026-07-20T12:55:00+00:00,65514.07,65524.09,65464.08,65524.08,348
2026-07-20T13:00:00+00:00,65524.08,65594.08,65524.08,65579.08,508
2026-07-20T13:05:00+00:00,65579.08,65626.59,65551.57,65611.57,397
2026-07-20T13:10:00+00:00,65611.57,65639.07,65529.09,65529.09,396
2026-07-20T13:15:00+00:00,65529.09,65601.59,65521.57,65599.09,278
2026-07-20T13:20:00+00:00,65599.09,65634.07,65599.09,65609.08,196
2026-07-20T13:25:00+00:00,65609.08,65656.58,65574.09,65624.07,309
2026-07-20T13:30:00+00:00,65624.07,65801.59,65611.59,65764.07,1589
2026-07-20T13:35:00+00:00,65764.07,65839.08,65751.58,65796.59,711
2026-07-20T13:40:00+00:00,65796.59,65896.59,65789.07,65896.59,688
2026-07-20T13:45:00+00:00,65896.59,65916.57,65791.57,65801.57,844
2026-07-20T13:50:00+00:00,65801.57,65874.09,65636.57,65706.57,1275
2026-07-20T13:55:00+00:00,65706.57,65754.07,65599.57,65664.08,997
2026-07-20T14:00:00+00:00,65664.08,65804.09,65614.59,65754.09,941
2026-07-20T14:05:00+00:00,65754.09,65821.59,65706.57,65776.59,1178
2026-07-20T14:10:00+00:00,65776.59,65776.59,65601.57,65666.58,1385
2026-07-20T14:15:00+00:00,65666.58,65791.59,65659.07,65699.57,1268
2026-07-20T14:20:00+00:00,65699.57,65794.09,65589.09,65766.59,1165
2026-07-20T14:25:00+00:00,65766.59,65876.57,65756.57,65836.57,1070
2026-07-20T14:30:00+00:00,65836.57,65866.59,65741.57,65779.08,1102
2026-07-20T14:35:00+00:00,65779.08,65799.09,65704.07,65751.58,1195
2026-07-20T14:40:00+00:00,65751.58,65791.58,65629.07,65654.09,1152
2026-07-20T14:45:00+00:00,65654.09,65721.59,65574.07,65586.57,1137
2026-07-20T14:50:00+00:00,65586.57,65619.09,65451.59,65484.08,1148
2026-07-20T14:55:00+00:00,65484.08,65489.09,65276.59,65339.07,1160
2026-07-20T15:00:00+00:00,65339.07,65521.58,65246.58,65449.08,1361
2026-07-20T15:05:00+00:00,65449.08,65644.07,65306.58,65629.07,1300
2026-07-20T15:10:00+00:00,65629.07,65629.07,65451.57,65469.07,1004
2026-07-20T15:15:00+00:00,65469.07,65586.59,65424.59,65509.59,766
2026-07-20T15:20:00+00:00,65509.59,65619.09,65479.59,65561.57,559
2026-07-20T15:25:00+00:00,65561.57,65614.09,65504.59,65614.08,638
2026-07-20T15:30:00+00:00,65614.08,65659.09,65599.57,65629.08,619
2026-07-20T15:35:00+00:00,65629.08,65644.09,65581.57,65591.57,514
2026-07-20T15:40:00+00:00,65591.57,65636.59,65551.57,65616.57,611
2026-07-20T15:45:00+00:00,65616.57,65624.07,65551.57,65581.58,672
2026-07-20T15:50:00+00:00,65581.58,65764.09,65561.57,65729.08,579
2026-07-20T15:55:00+00:00,65729.08,65746.57,65694.57,65724.07,239
2026-07-20T16:00:00+00:00,65724.07,65789.09,65699.57,65774.09,330
2026-07-20T16:05:00+00:00,65774.09,65851.57,65774.09,65844.07,346
2026-07-20T16:10:00+00:00,65844.07,65869.07,65794.59,65819.57,192
2026-07-20T16:15:00+00:00,65819.57,65829.09,65784.57,65819.07,178
2026-07-20T16:20:00+00:00,65819.07,65829.08,65784.57,65809.08,179
2026-07-20T16:25:00+00:00,65809.08,65811.59,65729.57,65764.08,177
2026-07-20T16:30:00+00:00,65764.08,65794.07,65649.57,65674.09,212
2026-07-20T16:35:00+00:00,65674.09,65739.09,65669.57,65739.09,211
2026-07-20T16:40:00+00:00,65739.09,65759.09,65444.07,65539.58,1029
2026-07-20T16:45:00+00:00,65539.58,65639.57,65519.57,65634.59,268
2026-07-20T16:50:00+00:00,65634.59,65644.09,65504.57,65509.58,272
2026-07-20T16:55:00+00:00,65509.58,65524.09,65449.08,65506.57,367
2026-07-20T17:00:00+00:00,65506.57,65569.09,65491.57,65514.07,338
2026-07-20T17:05:00+00:00,65514.07,65534.08,65441.57,65526.57,461
2026-07-20T17:10:00+00:00,65526.57,65534.08,65424.08,65436.59,348
2026-07-20T17:15:00+00:00,65436.59,65516.59,65411.57,65506.59,498
2026-07-20T17:20:00+00:00,65506.59,65564.07,65491.59,65514.09,459
2026-07-20T17:25:00+00:00,65514.09,65544.08,65481.57,65526.57,415
2026-07-20T17:30:00+00:00,65526.57,65564.09,65501.57,65541.58,429
2026-07-20T17:35:00+00:00,65541.58,65564.09,65486.57,65499.07,336
2026-07-20T17:40:00+00:00,65499.07,65501.58,65404.08,65416.58,343
2026-07-20T17:45:00+00:00,65416.58,65506.59,65414.09,65476.57,330
2026-07-20T17:50:00+00:00,65476.57,65564.08,65471.57,65541.59,327
2026-07-20T17:55:00+00:00,65541.59,65549.09,65479.07,65509.08,298
2026-07-20T18:00:00+00:00,65509.08,65601.59,65509.08,65554.08,379
2026-07-20T18:05:00+00:00,65554.08,65591.59,65534.07,65591.59,331
2026-07-20T18:10:00+00:00,65591.59,65616.59,65551.59,65596.59,226
2026-07-20T18:15:00+00:00,65596.59,65631.59,65571.58,65599.08,296
2026-07-20T18:20:00+00:00,65599.08,65601.59,65469.07,65469.07,454
2026-07-20T18:25:00+00:00,65469.07,65529.07,65449.09,65451.59,410
2026-07-20T18:30:00+00:00,65451.59,65454.09,65264.58,65291.59,526
2026-07-20T18:35:00+00:00,65291.59,65404.09,65274.57,65289.58,414
2026-07-20T18:40:00+00:00,65289.58,65316.59,65204.57,65214.09,575
2026-07-20T18:45:00+00:00,65214.09,65269.09,65169.57,65219.57,635
2026-07-20T18:50:00+00:00,65219.57,65304.07,65214.57,65289.08,526
2026-07-20T18:55:00+00:00,65289.08,65309.09,65194.57,65239.07,500
2026-07-20T19:00:00+00:00,65239.07,65314.09,65149.08,65184.09,577
2026-07-20T19:05:00+00:00,65184.09,65219.09,65129.57,65196.58,678
2026-07-20T19:10:00+00:00,65196.58,65274.09,64986.57,65006.57,816
2026-07-20T19:15:00+00:00,65006.57,65076.59,64984.09,65041.57,838
2026-07-20T19:20:00+00:00,65041.57,65104.09,65011.58,65084.59,542
2026-07-20T19:25:00+00:00,65084.59,65214.07,65024.57,65174.57,567
2026-07-20T19:30:00+00:00,65174.57,65244.09,65134.57,65214.07,1042
2026-07-20T19:35:00+00:00,65214.07,65234.08,65154.59,65209.58,559
2026-07-20T19:40:00+00:00,65209.58,65284.08,65194.57,65239.09,479
2026-07-20T19:45:00+00:00,65239.09,65279.09,65189.58,65264.59,695
2026-07-20T19:50:00+00:00,65264.59,65264.59,65109.57,65139.57,696
2026-07-20T19:55:00+00:00,65139.57,65169.09,65074.57,65114.07,728
2026-07-20T20:00:00+00:00,65114.07,65189.08,65099.58,65134.08,347
2026-07-20T20:05:00+00:00,65134.08,65144.57,65069.08,65074.07,88
2026-07-20T20:10:00+00:00,65074.07,65104.07,65049.07,65079.08,62
2026-07-20T20:15:00+00:00,65079.08,65079.08,65034.57,65059.58,73
2026-07-20T20:20:00+00:00,65059.58,65089.09,65059.57,65074.58,32
2026-07-20T20:25:00+00:00,65074.58,65099.07,65049.58,65089.09,83
2026-07-20T20:30:00+00:00,65089.09,65104.09,65074.57,65104.07,52
2026-07-20T20:35:00+00:00,65104.07,65144.08,65094.57,65129.59,62
2026-07-20T20:40:00+00:00,65129.59,65144.09,65099.58,65114.57,34
2026-07-20T20:45:00+00:00,65114.57,65179.09,65114.57,65151.58,40
2026-07-20T20:50:00+00:00,65151.58,65151.58,65119.57,65124.07,36
2026-07-20T20:55:00+00:00,65124.07,65134.08,65084.59,65104.08,76
2026-07-20T22:00:00+00:00,65104.08,65104.08,65021.3,65021.3,31
2026-07-20T22:05:00+00:00,65021.3,65021.3,64946.3,64976.3,40
2026-07-20T22:10:00+00:00,64976.3,64986.32,64956.31,64971.31,12
2026-07-20T22:15:00+00:00,64971.31,64991.3,64956.3,64971.31,30
2026-07-20T22:20:00+00:00,64971.31,65006.31,64966.31,64996.32,16
2026-07-20T22:25:00+00:00,64996.32,64996.32,64976.3,64976.32,20
2026-07-20T22:30:00+00:00,64976.32,64996.32,64956.3,64956.3,21
2026-07-20T22:35:00+00:00,64956.3,64971.32,64931.3,64956.32,33
2026-07-20T22:40:00+00:00,64956.32,64968.3,64931.31,64961.3,21
2026-07-20T22:45:00+00:00,64961.3,64976.31,64861.31,64861.32,30
2026-07-20T22:50:00+00:00,64861.32,64871.32,64845.8,64871.32,23
2026-07-20T22:55:00+00:00,64871.32,64911.31,64871.32,64881.32,18
2026-07-20T23:00:00+00:00,64881.32,64941.32,64876.32,64931.3,47
2026-07-20T23:05:00+00:00,64931.3,65046.3,64931.3,65046.3,42
2026-07-20T23:10:00+00:00,65046.3,65070.82,65036.3,65055.8,50
2026-07-20T23:15:00+00:00,65055.8,65125.81,65031.3,65101.31,92
2026-07-20T23:20:00+00:00,65101.31,65211.31,65066.3,65176.3,89
2026-07-20T23:25:00+00:00,65176.3,65196.3,65111.3,65151.32,54
2026-07-20T23:30:00+00:00,65151.32,65191.31,65096.3,65131.3,133
2026-07-20T23:35:00+00:00,65131.3,65185.82,65116.32,65116.32,95
2026-07-20T23:40:00+00:00,65116.32,65181.31,65106.3,65110.81,114
2026-07-20T23:45:00+00:00,65110.81,65156.32,64876.3,64901.3,1450
2026-07-20T23:50:00+00:00,64901.3,64910.8,64635.82,64711.3,1152
2026-07-20T23:55:00+00:00,64711.3,64960.82,64711.3,64905.81,1374
2026-07-21T00:00:00+00:00,64905.81,64905.81,64376.3,64711.3,4048
2026-07-21T00:05:00+00:00,64711.3,64826.3,64311.3,64461.3,2900
2026-07-21T00:10:00+00:00,64461.3,64921.31,64371.31,64726.32,2748
2026-07-21T00:15:00+00:00,64726.32,65061.31,64446.31,65046.31,4105
2026-07-21T00:20:00+00:00,65046.31,65046.31,64866.3,64968.3,3834
2026-07-21T00:25:00+00:00,64968.3,65160.81,64866.3,65046.31,3225
2026-07-21T00:30:00+00:00,65046.31,65246.32,65031.3,65161.3,2424
2026-07-21T00:35:00+00:00,65161.3,65181.3,64966.3,65101.32,2454
2026-07-21T00:40:00+00:00,65101.32,65140.82,64886.3,64966.3,2381
2026-07-21T00:45:00+00:00,64966.3,65070.82,64816.31,64961.3,2230
2026-07-21T00:50:00+00:00,64961.3,65075.81,64916.3,64971.31,2022
2026-07-21T00:55:00+00:00,64971.31,65065.81,64896.3,64931.31,1826
2026-07-21T01:00:00+00:00,64931.31,64955.82,64696.31,64946.32,2320
2026-07-21T01:05:00+00:00,64946.32,65135.81,64866.3,65121.32,2415
2026-07-21T01:10:00+00:00,65121.32,65305.81,65061.3,65281.3,2163
2026-07-21T01:15:00+00:00,65281.3,65500.82,65196.31,65401.31,2349
2026-07-21T01:20:00+00:00,65401.31,65486.3,65321.31,65418.31,2001
2026-07-21T01:25:00+00:00,65418.31,65560.82,65376.3,65560.82,965
2026-07-21T01:30:00+00:00,65560.82,65685.81,65556.31,65641.31,1236
2026-07-21T01:35:00+00:00,65641.31,65746.31,65451.32,65451.32,1203
2026-07-21T01:40:00+00:00,65451.32,65520.81,65271.3,65286.3,1436
2026-07-21T01:45:00+00:00,65286.3,65505.8,65271.3,65440.81,1320
2026-07-21T01:50:00+00:00,65440.81,65465.81,65326.32,65426.31,1265
2026-07-21T01:55:00+00:00,65426.31,65448.32,65276.3,65316.3,1203
2026-07-21T02:00:00+00:00,65316.3,65481.31,65281.3,65426.3,1293
2026-07-21T02:05:00+00:00,65426.3,65510.81,65221.31,65250.8,973
2026-07-21T02:10:00+00:00,65250.8,65305.81,65161.3,65211.32,1069
2026-07-21T02:15:00+00:00,65211.32,65265.81,65111.31,65141.32,854
2026-07-21T02:20:00+00:00,65141.32,65410.82,65126.3,65401.3,865
2026-07-21T02:25:00+00:00,65401.3,65436.3,65306.31,65351.32,865
2026-07-21T02:30:00+00:00,65351.32,65550.82,65346.31,65515.8,674
2026-07-21T02:35:00+00:00,65515.8,65595.82,65501.32,65580.82,404
2026-07-21T02:40:00+00:00,65580.82,65630.81,65561.3,65606.3,401
2026-07-21T02:45:00+00:00,65606.3,65661.32,65586.3,65625.81,293
2026-07-21T02:50:00+00:00,65625.81,65665.81,65521.32,65560.81,433
2026-07-21T02:55:00+00:00,65560.81,65625.81,65536.3,65581.32,364
2026-07-21T03:00:00+00:00,65581.32,65710.82,65581.32,65696.31,345
2026-07-21T03:05:00+00:00,65696.31,65701.31,65641.3,65655.8,238
2026-07-21T03:10:00+00:00,65655.8,65715.82,65641.3,65666.3,251
2026-07-21T03:15:00+00:00,65666.3,65710.82,65646.3,65705.82,239
2026-07-21T03:20:00+00:00,65705.82,65705.82,65631.3,65650.82,241
2026-07-21T03:25:00+00:00,65650.82,65690.82,65616.31,65685.8,355
2026-07-21T03:30:00+00:00,65685.8,65783.32,65616.3,65780.81,1179
2026-07-21T03:35:00+00:00,65780.81,65860.8,65771.3,65811.32,664
2026-07-21T03:40:00+00:00,65811.32,65900.82,65806.31,65876.32,576
2026-07-21T03:45:00+00:00,65876.32,66000.82,65876.3,66000.8,695
2026-07-21T03:50:00+00:00,66000.8,66035.81,65911.3,65935.8,745
2026-07-21T03:55:00+00:00,65935.8,66085.82,65926.32,66071.3,616
2026-07-21T04:00:00+00:00,66071.3,66125.82,66001.3,66025.82,686
2026-07-21T04:05:00+00:00,66025.82,66085.81,65986.32,66011.32,750
2026-07-21T04:10:00+00:00,66011.32,66045.81,65901.3,65925.81,607
2026-07-21T04:15:00+00:00,65925.81,65975.81,65816.3,65821.3,599
2026-07-21T04:20:00+00:00,65821.3,65915.8,65821.3,65861.3,568
2026-07-21T04:25:00+00:00,65861.3,65940.82,65831.3,65931.32,322
2026-07-21T04:30:00+00:00,65931.32,65993.31,65896.31,65986.3,355
2026-07-21T04:35:00+00:00,65986.3,66055.81,65981.3,66005.82,379
2026-07-21T04:40:00+00:00,66005.82,66040.82,65956.31,66025.81,420
2026-07-21T04:45:00+00:00,66025.81,66110.81,65990.82,66086.31,302
2026-07-21T04:50:00+00:00,66086.31,66105.81,65926.3,65950.81,422
2026-07-21T04:55:00+00:00,65950.81,66000.81,65886.31,65946.3,434
2026-07-21T05:00:00+00:00,65946.3,66020.81,65936.31,66010.82,458
2026-07-21T05:05:00+00:00,66010.82,66025.81,65951.3,65991.31,424
2026-07-21T05:10:00+00:00,65991.31,66005.82,65826.31,65835.8,392
2026-07-21T05:15:00+00:00,65835.8,65845.8,65721.3,65745.81,588
2026-07-21T05:20:00+00:00,65745.81,65860.82,65736.3,65836.32,712
2026-07-21T05:25:00+00:00,65836.32,65965.8,65821.31,65965.8,663
2026-07-21T05:30:00+00:00,65965.8,66000.81,65876.32,65951.3,689
2026-07-21T05:35:00+00:00,65951.3,66040.8,65936.31,66000.8,614
2026-07-21T05:40:00+00:00,66000.8,66095.82,65991.31,66076.3,586
2026-07-21T05:45:00+00:00,66076.3,66175.82,66031.31,66166.31,390
2026-07-21T05:50:00+00:00,66166.31,66195.8,66121.3,66176.31,407
2026-07-21T05:55:00+00:00,66176.31,66190.82,66076.3,66086.31,517
2026-07-21T06:00:00+00:00,66086.31,66200.8,66086.3,66173.3,524
2026-07-21T06:05:00+00:00,66173.3,66190.82,66110.81,66140.82,443
2026-07-21T06:10:00+00:00,66140.82,66213.32,66113.3,66180.81,390
2026-07-21T06:15:00+00:00,66180.81,66180.81,66060.8,66080.8,297
2026-07-21T06:20:00+00:00,66080.8,66180.82,66048.3,66135.81,639
2026-07-21T06:25:00+00:00,66135.81,66280.82,66125.82,66228.3,1005
2026-07-21T06:30:00+00:00,66228.3,66353.31,66228.3,66345.8,1069
2026-07-21T06:35:00+00:00,66345.8,66378.3,66285.81,66295.82,459
2026-07-21T06:40:00+00:00,66295.82,66340.82,66258.32,66313.32,184
2026-07-21T06:45:00+00:00,66313.32,66375.82,66276.32,66325.8,427
2026-07-21T06:50:00+00:00,66325.8,66350.82,66261.3,66313.32,123
2026-07-21T06:55:00+00:00,66313.32,66370.8,66281.31,66300.8,94
2026-07-21T07:00:00+00:00,66300.8,66385.82,66285.8,66305.82,263
2026-07-21T07:05:00+00:00,66305.82,66335.81,66251.3,66260.82,146
2026-07-21T07:10:00+00:00,66260.82,66285.82,66201.32,66235.82,193
2026-07-21T07:15:00+00:00,66235.82,66255.82,66201.3,66245.82,161
2026-07-21T07:20:00+00:00,66245.82,66245.82,66186.32,66195.81,138
2026-07-21T07:25:00+00:00,66195.81,66225.82,66158.32,66195.82,177
2026-07-21T07:30:00+00:00,66195.82,66210.8,66113.3,66210.8,168
2026-07-21T07:35:00+00:00,66210.8,66245.82,66205.82,66220.8,160
2026-07-21T07:40:00+00:00,66220.8,66228.3,66191.3,66193.3,89
2026-07-21T07:45:00+00:00,66193.3,66200.81,66165.82,66175.81,108
2026-07-21T07:50:00+00:00,66175.81,66193.32,66150.8,66165.82,161
2026-07-21T07:55:00+00:00,66165.82,66285.81,66165.82,66260.81,238
2026-07-21T08:00:00+00:00,66260.81,66355.82,66190.81,66230.8,1004
2026-07-21T08:05:00+00:00,66230.8,66270.81,66175.82,66270.81,540
2026-07-21T08:10:00+00:00,66270.81,66405.82,66245.8,66400.8,577
2026-07-21T08:15:00+00:00,66400.8,66415.81,66311.3,66335.82,398
2026-07-21T08:20:00+00:00,66335.82,66345.8,66275.8,66315.81,382
2026-07-21T08:25:00+00:00,66315.81,66360.8,66305.81,66338.32,418
2026-07-21T08:30:00+00:00,66338.32,66368.3,66300.8,66330.82,369
2026-07-21T08:35:00+00:00,66330.82,66378.3,66280.8,66300.81,374
2026-07-21T08:40:00+00:00,66300.81,66370.8,66285.8,66355.81,315
2026-07-21T08:45:00+00:00,66355.81,66360.81,66218.31,66230.8,310
2026-07-21T08:50:00+00:00,66230.8,66270.82,66213.3,66240.82,361
2026-07-21T08:55:00+00:00,66240.82,66273.32,66235.8,66240.8,234
2026-07-21T09:00:00+00:00,66240.8,66335.81,66228.3,66330.8,347
2026-07-21T09:05:00+00:00,66330.8,66340.8,66298.3,66325.8,226
2026-07-21T09:10:00+00:00,66325.8,66338.3,66293.31,66313.31,260
2026-07-21T09:15:00+00:00,66313.31,66370.81,66308.3,66355.82,325
2026-07-21T09:20:00+00:00,66355.82,66383.3,66285.8,66293.3,271
2026-07-21T09:25:00+00:00,66293.3,66293.32,66200.8,66210.8,293
2026-07-21T09:30:00+00:00,66210.8,66263.32,66183.32,66238.32,216
2026-07-21T09:35:00+00:00,66238.32,66245.82,66180.8,66190.82,184
2026-07-21T09:40:00+00:00,66190.82,66215.8,66178.31,66193.32,142
2026-07-21T09:45:00+00:00,66193.32,66288.31,66178.31,66270.81,179
2026-07-21T09:50:00+00:00,66270.81,66293.31,66240.8,66280.81,149
2026-07-21T09:55:00+00:00,66280.81,66280.81,66155.82,66168.31,186
2026-07-21T10:00:00+00:00,66168.31,66265.82,66168.31,66188.32,366
2026-07-21T10:05:00+00:00,66188.32,66200.8,66160.8,66178.31,226
2026-07-21T10:10:00+00:00,66178.31,66313.31,66168.3,66230.81,767
2026-07-21T10:15:00+00:00,66230.81,66263.31,66205.8,66255.82,271
2026-07-21T10:20:00+00:00,66255.82,66268.32,66236.31,66248.3,140
2026-07-21T10:25:00+00:00,66248.3,66255.82,66213.3,66218.31,188
2026-07-21T10:30:00+00:00,66218.31,66260.82,66190.8,66250.81,145
2026-07-21T10:35:00+00:00,66250.81,66310.8,66218.32,66220.8,201
2026-07-21T10:40:00+00:00,66220.8,66225.8,66175.81,66198.3,162
2026-07-21T10:45:00+00:00,66198.3,66198.3,66133.3,66170.81,201
2026-07-21T10:50:00+00:00,66170.81,66170.82,66118.31,66118.32,201
2026-07-21T10:55:00+00:00,66118.32,66143.31,66103.3,66110.8,180
2026-07-21T11:00:00+00:00,66110.8,66165.8,66040.8,66045.82,308
2026-07-21T11:05:00+00:00,66045.82,66065.8,66030.8,66030.82,132
2026-07-21T11:10:00+00:00,66030.82,66083.32,66015.81,66073.3,180
2026-07-21T11:15:00+00:00,66073.3,66075.82,66005.81,66013.31,180
2026-07-21T11:20:00+00:00,66013.31,66073.31,65985.82,66073.31,237
2026-07-21T11:25:00+00:00,66073.31,66093.3,66045.81,66078.32,288
2026-07-21T11:30:00+00:00,66078.32,66130.8,66048.32,66070.81,155
2026-07-21T11:35:00+00:00,66070.81,66128.31,66068.3,66090.8,168
2026-07-21T11:40:00+00:00,66090.8,66113.32,66075.8,66103.3,125
2026-07-21T11:45:00+00:00,66103.3,66115.82,66065.81,66110.8,94
2026-07-21T11:50:00+00:00,66110.8,66120.81,66060.82,66075.82,124
2026-07-21T11:55:00+00:00,66075.82,66080.8,66043.31,66078.32,137
2026-07-21T12:00:00+00:00,66078.32,66128.31,66065.82,66103.3,205
2026-07-21T12:05:00+00:00,66103.3,66185.81,66095.81,66178.32,207
2026-07-21T12:10:00+00:00,66178.32,66215.82,66173.3,66201.3,197
2026-07-21T12:15:00+00:00,66201.3,66230.81,66113.3,66185.82,513
2026-07-21T12:20:00+00:00,66185.82,66203.32,66155.81,66188.32,257
2026-07-21T12:25:00+00:00,66188.32,66190.81,66101.3,66110.82,200
2026-07-21T12:30:00+00:00,66110.82,66148.32,66106.3,66135.81,255
2026-07-21T12:35:00+00:00,66135.81,66135.81,66085.82,66125.82,205
2026-07-21T12:40:00+00:00,66125.82,66125.82,66013.3,66085.82,495
2026-07-21T12:45:00+00:00,66085.82,66225.82,66085.82,66210.8,308
2026-07-21T12:50:00+00:00,66210.8,66270.8,66196.3,66260.8,332
2026-07-21T12:55:00+00:00,66260.8,66305.82,66246.3,66285.8,199
2026-07-21T13:00:00+00:00,66285.8,66290.82,66236.3,66260.82,316
2026-07-21T13:05:00+00:00,66260.82,66280.82,66241.31,66265.8,269
2026-07-21T13:10:00+00:00,66265.8,66275.82,66216.32,66236.3,220
2026-07-21T13:15:00+00:00,66236.3,66265.81,66221.3,66265.81,246
2026-07-21T13:20:00+00:00,66265.81,66285.82,66256.3,66285.82,217
2026-07-21T13:25:00+00:00,66285.82,66405.81,66285.82,66405.81,327
2026-07-21T13:30:00+00:00,66405.81,66445.82,66283.31,66288.32,1587
2026-07-21T13:35:00+00:00,66288.32,66445.81,66273.3,66355.8,1463
2026-07-21T13:40:00+00:00,66355.8,66358.31,66153.31,66193.31,1559
2026-07-21T13:45:00+00:00,66193.31,66330.82,66168.3,66330.82,1623
2026-07-21T13:50:00+00:00,66330.82,66423.3,66283.3,66380.8,1585
2026-07-21T13:55:00+00:00,66380.8,66428.3,66298.32,66423.3,1806
2026-07-21T14:00:00+00:00,66423.3,66520.8,66408.3,66488.31,1148
2026-07-21T14:05:00+00:00,66488.31,66555.81,66455.8,66530.8,831
2026-07-21T14:10:00+00:00,66530.8,66700.8,66528.3,66665.81,1138
2026-07-21T14:15:00+00:00,66665.81,66748.32,66575.8,66733.3,1369
2026-07-21T14:20:00+00:00,66733.3,66793.3,66695.81,66773.32,871
2026-07-21T14:25:00+00:00,66773.32,66863.32,66763.31,66838.3,685
2026-07-21T14:30:00+00:00,66838.3,66895.82,66838.3,66850.8,581
2026-07-21T14:35:00+00:00,66850.8,66868.32,66783.3,66843.31,605
2026-07-21T14:40:00+00:00,66843.31,66950.82,66805.8,66928.31,661
2026-07-21T14:45:00+00:00,66928.31,67018.32,66928.31,66948.31,542
2026-07-21T14:50:00+00:00,66948.31,66988.32,66883.32,66988.32,542
2026-07-21T14:55:00+00:00,66988.32,67025.82,66945.81,67003.31,485
2026-07-21T15:00:00+00:00,67003.31,67045.8,66958.3,67033.31,744
2026-07-21T15:05:00+00:00,67033.31,67153.31,67003.31,67145.8,502
2026-07-21T15:10:00+00:00,67145.8,67263.32,67145.8,67240.81,446
2026-07-21T15:15:00+00:00,67240.81,67268.31,67180.81,67193.31,442
2026-07-21T15:20:00+00:00,67193.31,67250.81,67173.3,67228.3,749
2026-07-21T15:25:00+00:00,67228.3,67253.32,67208.3,67235.81,415
2026-07-21T15:30:00+00:00,67235.81,67280.81,67188.3,67238.31,625
2026-07-21T15:35:00+00:00,67238.31,67278.31,67203.3,67225.82,363
2026-07-21T15:40:00+00:00,67225.82,67260.82,67205.8,67218.3,360
2026-07-21T15:45:00+00:00,67218.3,67280.82,67208.3,67275.8,278
2026-07-21T15:50:00+00:00,67275.8,67288.32,67233.32,67243.32,258
2026-07-21T15:55:00+00:00,67243.32,67263.3,67228.31,67238.3,304
2026-07-21T16:00:00+00:00,67238.3,67318.32,67235.8,67318.3,301
2026-07-21T16:05:00+00:00,67318.3,67328.31,67293.3,67308.32,224
2026-07-21T16:10:00+00:00,67308.32,67318.32,67283.3,67288.32,158
2026-07-21T16:15:00+00:00,67288.32,67298.32,67248.31,67273.3,214
2026-07-21T16:20:00+00:00,67273.3,67313.32,67263.3,67265.81,197
2026-07-21T16:25:00+00:00,67265.81,67268.32,67223.3,67238.3,211
2026-07-21T16:30:00+00:00,67238.3,67253.32,67223.31,67240.81,174
2026-07-21T16:35:00+00:00,67240.81,67263.32,67228.32,67258.3,143
2026-07-21T16:40:00+00:00,67258.3,67263.32,67223.31,67233.31,145
2026-07-21T16:45:00+00:00,67233.31,67248.32,67223.32,67230.82,153
2026-07-21T16:50:00+00:00,67230.82,67298.32,67230.8,67290.81,112
2026-07-21T16:55:00+00:00,67290.81,67303.3,67263.3,67263.3,93
2026-07-21T17:00:00+00:00,67263.3,67275.82,67253.3,67255.8,127
2026-07-21T17:05:00+00:00,67255.8,67268.32,67250.8,67253.32,121
2026-07-21T17:10:00+00:00,67253.32,67255.8,67213.31,67218.31,187
2026-07-21T17:15:00+00:00,67218.31,67233.32,67195.81,67200.81,190
2026-07-21T17:20:00+00:00,67200.81,67210.82,67173.3,67205.8,148
2026-07-21T17:25:00+00:00,67205.8,67233.32,67205.8,67233.32,108
2026-07-21T17:30:00+00:00,67233.32,67273.32,67195.8,67203.32,137
2026-07-21T17:35:00+00:00,67203.32,67233.32,67198.31,67213.3,109
2026-07-21T17:40:00+00:00,67213.3,67218.31,67193.31,67218.31,126
2026-07-21T17:45:00+00:00,67218.31,67245.82,67213.3,67243.3,103
2026-07-21T17:50:00+00:00,67243.3,67248.32,67228.31,67230.82,134
2026-07-21T17:55:00+00:00,67230.82,67238.32,67203.31,67228.32,156
2026-07-21T18:00:00+00:00,67228.32,67258.31,67225.81,67250.82,204
2026-07-21T18:05:00+00:00,67250.82,67283.32,67250.8,67280.8,114
2026-07-21T18:10:00+00:00,67280.8,67295.82,67255.82,67255.82,88
2026-07-21T18:15:00+00:00,67255.82,67260.81,67225.8,67233.32,69
2026-07-21T18:20:00+00:00,67233.32,67245.82,67213.3,67243.32,109
2026-07-21T18:25:00+00:00,67243.32,67258.31,67228.3,67253.32,152
2026-07-21T18:30:00+00:00,67253.32,67258.32,67200.81,67213.3,130
2026-07-21T18:35:00+00:00,67213.3,67238.32,67213.3,67233.32,123
2026-07-21T18:40:00+00:00,67233.32,67260.81,67223.31,67258.32,91
2026-07-21T18:45:00+00:00,67258.32,67270.81,67218.31,67235.81,82
2026-07-21T18:50:00+00:00,67235.81,67248.31,67205.8,67218.31,111
2026-07-21T18:55:00+00:00,67218.31,67233.31,67203.32,67213.3,137
2026-07-21T19:00:00+00:00,67213.3,67228.32,67188.3,67195.8,152
2026-07-21T19:05:00+00:00,67195.8,67208.3,67165.8,67168.32,188
2026-07-21T19:10:00+00:00,67168.32,67193.31,67158.31,67188.3,120
2026-07-21T19:15:00+00:00,67188.3,67198.32,67175.82,67193.31,118
2026-07-21T19:20:00+00:00,67193.31,67205.82,67168.3,67173.3,146
2026-07-21T19:25:00+00:00,67173.3,67183.32,67148.3,67153.3,155
2026-07-21T19:30:00+00:00,67153.3,67153.3,67115.81,67128.31,200
2026-07-21T19:35:00+00:00,67128.31,67143.32,67103.3,67113.3,139
2026-07-21T19:40:00+00:00,67113.3,67118.31,67068.32,67118.3,119
2026-07-21T19:45:00+00:00,67118.3,67138.31,67088.3,67138.31,145
2026-07-21T19:50:00+00:00,67138.31,67183.32,67110.8,67165.81,258
2026-07-21T19:55:00+00:00,67165.81,67200.82,67155.81,67173.32,277
2026-07-21T20:00:00+00:00,67173.32,67200.82,67156.31,67166.3,233
2026-07-21T20:05:00+00:00,67166.3,67185.81,67151.3,67170.82,59
2026-07-21T20:10:00+00:00,67170.82,67180.82,67151.3,67180.82,62
2026-07-21T20:15:00+00:00,67180.82,67185.81,67161.3,67180.81,50
2026-07-21T20:20:00+00:00,67180.81,67180.81,67146.31,67165.81,41
2026-07-21T20:25:00+00:00,67165.81,67173.31,67156.3,67173.31,30
2026-07-21T20:30:00+00:00,67173.31,67185.82,67170.82,67176.31,35
2026-07-21T20:35:00+00:00,67176.31,67198.32,67171.31,67195.8,30
2026-07-21T20:40:00+00:00,67195.8,67195.81,67171.3,67175.82,35
2026-07-21T20:45:00+00:00,67175.82,67183.32,67151.3,67151.32,31
2026-07-21T20:50:00+00:00,67151.32,67165.82,67146.3,67160.8,76
2026-07-21T20:55:00+00:00,67160.8,67215.81,67151.3,67215.81,80
2026-07-21T22:00:00+00:00,67215.81,67215.81,67200.22,67205.22,4
2026-07-21T22:05:00+00:00,67205.22,67270.23,67195.22,67250.23,41
2026-07-21T22:10:00+00:00,67250.23,67250.23,67155.24,67155.24,27
2026-07-21T22:15:00+00:00,67155.24,67215.24,67150.24,67190.22,38
2026-07-21T22:20:00+00:00,67190.22,67220.22,67175.24,67175.24,16
2026-07-21T22:25:00+00:00,67175.24,67194.72,67155.23,67165.22,31
2026-07-21T22:30:00+00:00,67165.22,67210.24,67150.24,67195.24,23
2026-07-21T22:35:00+00:00,67195.24,67219.74,67180.23,67219.74,23
2026-07-21T22:40:00+00:00,67219.74,67222.23,67170.22,67170.22,14
2026-07-21T22:45:00+00:00,67170.22,67170.22,67105.22,67110.24,45
2026-07-21T22:50:00+00:00,67110.24,67159.74,67110.22,67140.23,42
2026-07-21T22:55:00+00:00,67140.23,67149.74,67125.22,67140.24,8
2026-07-21T23:00:00+00:00,67140.24,67164.74,67119.72,67150.24,34
2026-07-21T23:05:00+00:00,67150.24,67164.73,67140.23,67164.73,28
2026-07-21T23:10:00+00:00,67164.73,67194.74,67162.22,67180.22,50
2026-07-21T23:15:00+00:00,67180.22,67180.22,67040.22,67090.23,87
2026-07-21T23:20:00+00:00,67090.23,67094.72,67050.22,67085.23,74
2026-07-21T23:25:00+00:00,67085.23,67104.72,67065.22,67074.72,99
2026-07-21T23:30:00+00:00,67074.72,67189.74,67070.22,67140.23,152
2026-07-21T23:35:00+00:00,67140.23,67154.72,67100.23,67119.72,110
2026-07-21T23:40:00+00:00,67119.72,67164.72,67060.22,67080.22,163
2026-07-21T23:45:00+00:00,67080.22,67389.74,67055.22,67384.72,1026
2026-07-21T23:50:00+00:00,67384.72,67444.74,67265.22,67380.24,655
2026-07-21T23:55:00+00:00,67380.24,67544.73,67375.22,67495.23,626
2026-07-22T00:00:00+00:00,67495.23,67559.74,67310.24,67380.22,2453
2026-07-22T00:05:00+00:00,67380.22,67545.23,67340.22,67400.24,1766
2026-07-22T00:10:00+00:00,67400.24,67540.22,67345.22,67500.24,1419
2026-07-22T00:15:00+00:00,67500.24,67534.74,67235.24,67434.74,2524
2026-07-22T00:20:00+00:00,67434.74,67510.24,67235.23,67410.23,2481
2026-07-22T00:25:00+00:00,67410.23,67584.74,67400.22,67554.73,2128
2026-07-22T00:30:00+00:00,67554.73,67604.74,67290.22,67375.22,2077
2026-07-22T00:35:00+00:00,67375.22,67594.73,67360.23,67559.74,1674
2026-07-22T00:40:00+00:00,67559.74,67654.74,67515.22,67560.23,972
2026-07-22T00:45:00+00:00,67560.23,67595.24,67295.23,67434.72,1547
2026-07-22T00:50:00+00:00,67434.72,67439.72,67205.22,67234.72,1247
2026-07-22T00:55:00+00:00,67234.72,67444.74,67205.23,67410.24,1251
2026-07-22T01:00:00+00:00,67410.24,67464.74,67265.22,67325.24,2144
2026-07-22T01:05:00+00:00,67325.24,67389.74,67185.23,67215.23,1606
2026-07-22T01:10:00+00:00,67215.23,67294.73,67180.22,67280.24,975
2026-07-22T01:15:00+00:00,67280.24,67439.72,67280.24,67410.24,789
2026-07-22T01:20:00+00:00,67410.24,67479.74,67365.22,67424.72,891
2026-07-22T01:25:00+00:00,67424.72,67604.72,67405.22,67479.73,860
2026-07-22T01:30:00+00:00,67479.73,67599.72,67410.22,67565.22,1196
2026-07-22T01:35:00+00:00,67565.22,67597.24,67505.23,67535.24,720
2026-07-22T01:40:00+00:00,67535.24,67594.74,67435.22,67504.74,703
2026-07-22T01:45:00+00:00,67504.74,67555.22,67475.22,67555.22,707
2026-07-22T01:50:00+00:00,67555.22,67614.74,67510.23,67579.74,465
2026-07-22T01:55:00+00:00,67579.74,67642.23,67560.22,67574.72,501
2026-07-22T02:00:00+00:00,67574.72,67619.72,67480.22,67565.23,685
2026-07-22T02:05:00+00:00,67565.23,67584.74,67410.22,67439.72,832
2026-07-22T02:10:00+00:00,67439.72,67489.74,67400.22,67445.23,926
2026-07-22T02:15:00+00:00,67445.23,67539.73,67420.24,67469.74,778
2026-07-22T02:20:00+00:00,67469.74,67494.73,67400.23,67494.73,668
2026-07-22T02:25:00+00:00,67494.73,67554.73,67425.22,67515.24,557
2026-07-22T02:30:00+00:00,67515.24,67519.73,67405.24,67425.23,791
2026-07-22T02:35:00+00:00,67425.23,67435.24,67325.23,67360.24,403
2026-07-22T02:40:00+00:00,67360.24,67444.73,67355.22,67419.72,338
2026-07-22T02:45:00+00:00,67419.72,67469.74,67335.23,67469.74,375
2026-07-22T02:50:00+00:00,67469.74,67472.22,67410.22,67430.22,204
2026-07-22T02:55:00+00:00,67430.22,67444.73,67295.23,67329.73,233
2026-07-22T03:00:00+00:00,67329.73,67334.72,67285.22,67310.24,406
2026-07-22T03:05:00+00:00,67310.24,67354.74,67220.23,67227.23,337
2026-07-22T03:10:00+00:00,67227.23,67239.73,67175.22,67190.24,408
2026-07-22T03:15:00+00:00,67190.24,67249.74,67180.22,67219.72,375
2026-07-22T03:20:00+00:00,67219.72,67334.72,67205.22,67315.23,410
2026-07-22T03:25:00+00:00,67315.23,67399.74,67310.22,67390.22,421
2026-07-22T03:30:00+00:00,67390.22,67444.73,67125.22,67159.72,1230
2026-07-22T03:35:00+00:00,67159.72,67214.74,67075.24,67110.22,827
2026-07-22T03:40:00+00:00,67110.22,67140.23,67005.22,67035.23,705
2026-07-22T03:45:00+00:00,67035.23,67167.24,67035.22,67075.22,596
2026-07-22T03:50:00+00:00,67075.22,67075.22,66825.24,66924.73,858
2026-07-22T03:55:00+00:00,66924.73,66999.74,66835.22,66985.24,878
2026-07-22T04:00:00+00:00,66985.24,67064.73,66915.22,67029.74,682
2026-07-22T04:05:00+00:00,67029.74,67074.74,66970.23,67049.73,574
2026-07-22T04:10:00+00:00,67049.73,67094.74,66945.22,66969.73,493
2026-07-22T04:15:00+00:00,66969.73,67089.73,66965.24,67060.23,437
2026-07-22T04:20:00+00:00,67060.23,67144.74,67045.23,67105.23,341
2026-07-22T04:25:00+00:00,67105.23,67139.74,67074.74,67100.22,434
2026-07-22T04:30:00+00:00,67100.22,67104.72,67000.22,67034.72,487
2026-07-22T04:35:00+00:00,67034.72,67054.74,66995.22,67005.24,332
2026-07-22T04:40:00+00:00,67005.24,67044.74,66960.22,66960.23,353
2026-07-22T04:45:00+00:00,66960.23,66994.73,66880.22,66945.22,455
2026-07-22T04:50:00+00:00,66945.22,66954.73,66820.22,66822.22,408
2026-07-22T04:55:00+00:00,66822.22,66839.73,66720.22,66834.74,641
2026-07-22T05:00:00+00:00,66834.74,66844.74,66655.22,66660.22,760
2026-07-22T05:05:00+00:00,66660.22,66689.74,66535.22,66537.22,840
2026-07-22T05:10:00+00:00,66537.22,66537.22,66390.23,66432.22,1094
2026-07-22T05:15:00+00:00,66432.22,66459.73,66345.22,66374.73,1435
2026-07-22T05:20:00+00:00,66374.73,66374.73,66240.23,66309.74,1088
2026-07-22T05:25:00+00:00,66309.74,66444.73,66305.23,66390.23,1574
2026-07-22T05:30:00+00:00,66390.23,66539.73,66339.72,66505.24,1455
2026-07-22T05:35:00+00:00,66505.24,66519.74,66285.24,66385.24,1448
2026-07-22T05:40:00+00:00,66385.24,66399.72,66225.23,66260.22,1046
2026-07-22T05:45:00+00:00,66260.22,66389.73,66240.22,66340.24,1037
2026-07-22T05:50:00+00:00,66340.24,66404.74,66210.22,66224.72,1115
2026-07-22T05:55:00+00:00,66224.72,66324.72,66215.22,66310.24,901
2026-07-22T06:00:00+00:00,66310.24,66315.22,66190.22,66274.73,817
2026-07-22T06:05:00+00:00,66274.73,66279.72,66160.24,66234.73,849
2026-07-22T06:10:00+00:00,66234.73,66244.74,66170.22,66190.24,436
2026-07-22T06:15:00+00:00,66190.24,66190.24,66110.22,66142.22,394
2026-07-22T06:20:00+00:00,66142.22,66157.23,66029.73,66079.74,416
2026-07-22T06:25:00+00:00,66079.74,66129.72,66039.73,66084.72,462
2026-07-22T06:30:00+00:00,66084.72,66144.74,66000.22,66119.72,696
2026-07-22T06:35:00+00:00,66119.72,66184.73,66099.73,66134.72,396
2026-07-22T06:40:00+00:00,66134.72,66174.74,66065.22,66080.24,199
2026-07-22T06:45:00+00:00,66080.24,66089.74,65995.22,66014.73,197
2026-07-22T06:50:00+00:00,66014.73,66084.74,66000.24,66064.74,163
2026-07-22T06:55:00+00:00,66064.74,66082.24,66044.73,66049.73,111
2026-07-22T07:00:00+00:00,66049.73,66059.72,65989.72,65989.72,304
2026-07-22T07:05:00+00:00,65989.72,66062.24,65964.72,66029.74,183
2026-07-22T07:10:00+00:00,66029.74,66114.74,66022.23,66114.74,159
2026-07-22T07:15:00+00:00,66114.74,66182.23,66100.22,66149.74,151
2026-07-22T07:20:00+00:00,66149.74,66177.23,66114.73,66119.73,137
2026-07-22T07:25:00+00:00,66119.73,66224.74,66095.23,66200.23,202
2026-07-22T07:30:00+00:00,66200.23,66209.72,65835.24,65925.22,632
2026-07-22T07:35:00+00:00,65925.22,65969.74,65880.22,65885.22,268
2026-07-22T07:40:00+00:00,65885.22,65904.73,65770.23,65889.74,270
2026-07-22T07:45:00+00:00,65889.74,65915.23,65824.73,65829.72,296
2026-07-22T07:50:00+00:00,65829.72,65867.24,65805.22,65859.73,237
2026-07-22T07:55:00+00:00,65859.73,65899.72,65830.22,65844.74,235
2026-07-22T08:00:00+00:00,65844.74,66064.74,65752.22,66052.24,1102
2026-07-22T08:05:00+00:00,66052.24,66089.74,66002.22,66072.24,565
2026-07-22T08:10:00+00:00,66072.24,66082.22,65949.73,65962.24,459
2026-07-22T08:15:00+00:00,65962.24,66032.24,65947.22,65979.74,513
2026-07-22T08:20:00+00:00,65979.74,66062.22,65974.72,66049.72,436
2026-07-22T08:25:00+00:00,66049.72,66059.74,65967.22,66032.24,539
2026-07-22T08:30:00+00:00,66032.24,66117.22,66027.24,66067.22,519
2026-07-22T08:35:00+00:00,66067.22,66072.24,65942.22,65954.74,378
2026-07-22T08:40:00+00:00,65954.74,65979.74,65904.72,65934.74,335
2026-07-22T08:45:00+00:00,65934.74,65974.74,65924.73,65959.73,360
2026-07-22T08:50:00+00:00,65959.73,65959.74,65899.73,65947.22,337
2026-07-22T08:55:00+00:00,65947.22,65954.72,65882.24,65904.73,272
2026-07-22T09:00:00+00:00,65904.73,66039.73,65890.24,66037.23,501
2026-07-22T09:05:00+00:00,66037.23,66119.74,66012.23,66024.72,439
2026-07-22T09:10:00+00:00,66024.72,66029.72,65939.74,65969.72,359
2026-07-22T09:15:00+00:00,65969.72,65994.74,65939.72,65984.73,372
2026-07-22T09:20:00+00:00,65984.73,66037.23,65969.73,66037.23,288
2026-07-22T09:25:00+00:00,66037.23,66049.74,65954.73,65954.73,263
2026-07-22T09:30:00+00:00,65954.73,65959.72,65854.74,65862.24,409
2026-07-22T09:35:00+00:00,65862.24,65874.73,65802.22,65802.22,289
2026-07-22T09:40:00+00:00,65802.22,65894.74,65782.22,65884.73,404
2026-07-22T09:45:00+00:00,65884.73,65922.24,65842.22,65874.74,353
2026-07-22T09:50:00+00:00,65874.74,65874.74,65794.73,65819.74,400
2026-07-22T09:55:00+00:00,65819.74,65929.73,65807.22,65922.22,345
2026-07-22T10:00:00+00:00,65922.22,66017.24,65919.73,66014.73,268
2026-07-22T10:05:00+00:00,66014.73,66047.22,65999.73,66039.73,193
2026-07-22T10:10:00+00:00,66039.73,66074.72,65999.73,66014.74,259
2026-07-22T10:15:00+00:00,66014.74,66089.72,66014.72,66054.73,264
2026-07-22T10:20:00+00:00,66054.73,66199.74,66054.72,66192.23,690
2026-07-22T10:25:00+00:00,66192.23,66197.23,66149.72,66169.72,378
2026-07-22T10:30:00+00:00,66169.72,66194.74,66149.72,66169.74,372
2026-07-22T10:35:00+00:00,66169.74,66199.72,66147.22,66159.73,366
2026-07-22T10:40:00+00:00,66159.73,66177.24,66117.22,66127.22,283
2026-07-22T10:45:00+00:00,66127.22,66229.74,66114.73,66229.73,281
2026-07-22T10:50:00+00:00,66229.73,66237.23,66184.73,66194.73,213
2026-07-22T10:55:00+00:00,66194.73,66232.23,66184.74,66189.73,219
2026-07-22T11:00:00+00:00,66189.73,66209.73,66149.73,66149.73,461
2026-07-22T11:05:00+00:00,66149.73,66174.72,66089.72,66099.72,361
2026-07-22T11:10:00+00:00,66099.72,66114.74,66052.24,66057.22,357
2026-07-22T11:15:00+00:00,66057.22,66067.24,66037.22,66039.72,302
2026-07-22T11:20:00+00:00,66039.72,66077.22,66039.72,66044.73,257
2026-07-22T11:25:00+00:00,66044.73,66044.73,65987.22,66007.22,286
2026-07-22T11:30:00+00:00,66007.22,66079.74,65997.22,66054.72,196
2026-07-22T11:35:00+00:00,66054.72,66089.74,66009.72,66029.73,231
2026-07-22T11:40:00+00:00,66029.73,66029.73,65839.73,65912.22,717
2026-07-22T11:45:00+00:00,65912.22,66019.73,65889.73,66014.74,268
2026-07-22T11:50:00+00:00,66014.74,66017.24,65940.24,65964.74,299
2026-07-22T11:55:00+00:00,65964.74,65967.24,65917.23,65937.22,196
2026-07-22T12:00:00+00:00,65937.22,65982.24,65914.74,65932.24,362
2026-07-22T12:05:00+00:00,65932.24,65964.74,65895.23,65902.22,248
2026-07-22T12:10:00+00:00,65902.22,65939.74,65882.24,65934.74,237
2026-07-22T12:15:00+00:00,65934.74,65944.74,65904.72,65912.23,213
2026-07-22T12:20:00+00:00,65912.23,65912.24,65824.72,65839.74,223
2026-07-22T12:25:00+00:00,65839.74,65909.74,65837.23,65897.24,249
2026-07-22T12:30:00+00:00,65897.24,65984.72,65897.24,65957.24,536
2026-07-22T12:35:00+00:00,65957.24,65987.24,65944.72,65964.73,335
2026-07-22T12:40:00+00:00,65964.73,65987.24,65899.72,65909.74,220
2026-07-22T12:45:00+00:00,65909.74,65912.24,65807.22,65819.74,380
2026-07-22T12:50:00+00:00,65819.74,65872.24,65804.73,65864.73,252
2026-07-22T12:55:00+00:00,65864.73,65864.74,65615.23,65799.72,716
2026-07-22T13:00:00+00:00,65799.72,65879.73,65799.72,65877.24,311
2026-07-22T13:05:00+00:00,65877.24,65929.74,65869.74,65927.22,242
2026-07-22T13:10:00+00:00,65927.22,65939.73,65897.24,65904.74,184
2026-07-22T13:15:00+00:00,65904.74,65947.22,65887.22,65942.22,201
2026-07-22T13:20:00+00:00,65942.22,65967.23,65907.23,65957.23,183
2026-07-22T13:25:00+00:00,65957.23,65977.23,65894.72,65927.24,335
2026-07-22T13:30:00+00:00,65927.24,66047.24,65927.24,66044.73,1167
2026-07-22T13:35:00+00:00,66044.73,66054.72,65922.23,66014.73,859
2026-07-22T13:40:00+00:00,66014.73,66077.23,65962.24,66054.74,785
2026-07-22T13:45:00+00:00,66054.74,66089.74,65932.24,65942.24,743
2026-07-22T13:50:00+00:00,65942.24,66079.74,65924.72,66077.22,722
2026-07-22T13:55:00+00:00,66077.22,66129.74,66077.22,66104.74,640
2026-07-22T14:00:00+00:00,66104.74,66112.24,66002.24,66087.22,614
2026-07-22T14:05:00+00:00,66087.22,66112.24,65974.72,65979.73,517
2026-07-22T14:10:00+00:00,65979.73,66077.23,65964.72,66062.22,665
2026-07-22T14:15:00+00:00,66062.22,66114.74,65985.22,66114.73,939
2026-07-22T14:20:00+00:00,66114.73,66154.72,66070.23,66112.23,975
2026-07-22T14:25:00+00:00,66112.23,66134.73,66059.72,66124.72,927
2026-07-22T14:30:00+00:00,66124.72,66214.74,66110.22,66124.74,822
2026-07-22T14:35:00+00:00,66124.74,66194.74,66115.22,66179.73,732
2026-07-22T14:40:00+00:00,66179.73,66199.74,66100.23,66100.23,1205
2026-07-22T14:45:00+00:00,66100.23,66174.74,66094.72,66144.73,960
2026-07-22T14:50:00+00:00,66144.73,66154.74,66075.22,66109.72,927
2026-07-22T14:55:00+00:00,66109.72,66209.73,66074.72,66204.73,688
2026-07-22T15:00:00+00:00,66204.73,66279.73,66204.72,66249.73,748
2026-07-22T15:05:00+00:00,66249.73,66334.74,66244.72,66309.73,465
2026-07-22T15:10:00+00:00,66309.73,66352.24,66299.72,66324.73,503
2026-07-22T15:15:00+00:00,66324.73,66357.24,66304.73,66354.73,436
2026-07-22T15:20:00+00:00,66354.73,66419.74,66349.72,66402.24,598
2026-07-22T15:25:00+00:00,66402.24,66474.72,66399.73,66424.72,433
2026-07-22T15:30:00+00:00,66424.72,66464.73,66362.22,66364.72,670
2026-07-22T15:35:00+00:00,66364.72,66469.73,66357.22,66417.23,687
2026-07-22T15:40:00+00:00,66417.23,66487.23,66409.74,66462.23,698
2026-07-22T15:45:00+00:00,66462.23,66567.24,66462.23,66562.24,566
2026-07-22T15:50:00+00:00,66562.24,66634.74,66557.23,66572.24,452
2026-07-22T15:55:00+00:00,66572.24,66599.74,66554.72,66585.24,518
2026-07-22T16:00:00+00:00,66585.24,66612.23,66572.22,66597.24,414
2026-07-22T16:05:00+00:00,66597.24,66647.24,66589.72,66624.72,306
2026-07-22T16:10:00+00:00,66624.72,66634.73,66599.72,66614.73,363
2026-07-22T16:15:00+00:00,66614.73,66622.24,66574.74,66614.74,345
2026-07-22T16:20:00+00:00,66614.74,66614.74,66555.24,66574.73,308
2026-07-22T16:25:00+00:00,66574.73,66579.73,66534.72,66564.73,332
2026-07-22T16:30:00+00:00,66564.73,66609.73,66559.72,66604.72,224
2026-07-22T16:35:00+00:00,66604.72,66617.24,66585.22,66597.22,288
2026-07-22T16:40:00+00:00,66597.22,66599.72,66554.72,66574.72,367
2026-07-22T16:45:00+00:00,66574.72,66582.24,66530.22,66574.74,399
2026-07-22T16:50:00+00:00,66574.74,66599.73,66555.22,66594.73,333
2026-07-22T16:55:00+00:00,66594.73,66644.74,66589.73,66617.24,269
2026-07-22T17:00:00+00:00,66617.24,66664.74,66600.24,66614.72,281
2026-07-22T17:05:00+00:00,66614.72,66672.23,66610.24,66644.73,245
2026-07-22T17:10:00+00:00,66644.73,66684.73,66617.23,66617.23,306
2026-07-22T17:15:00+00:00,66617.23,66652.23,66604.72,66639.72,421
2026-07-22T17:20:00+00:00,66639.72,66687.24,66619.72,66682.24,275
2026-07-22T17:25:00+00:00,66682.24,66712.23,66667.23,66679.73,243
2026-07-22T17:30:00+00:00,66679.73,66719.74,66629.74,66637.22,297
2026-07-22T17:35:00+00:00,66637.22,66684.73,66629.72,66674.74,325
2026-07-22T17:40:00+00:00,66674.74,66674.74,66617.22,66629.72,287
2026-07-22T17:45:00+00:00,66629.72,66637.24,66599.73,66599.73,262
2026-07-22T17:50:00+00:00,66599.73,66624.74,66550.22,66555.24,342
2026-07-22T17:55:00+00:00,66555.24,66587.24,66539.74,66554.72,474
2026-07-22T18:00:00+00:00,66554.72,66589.74,66529.74,66549.73,502
2026-07-22T18:05:00+00:00,66549.73,66589.74,66530.23,66537.23,292
2026-07-22T18:10:00+00:00,66537.23,66547.24,66502.22,66509.73,412
2026-07-22T18:15:00+00:00,66509.73,66532.24,66490.22,66499.73,356
2026-07-22T18:20:00+00:00,66499.73,66534.74,66479.72,66499.74,322
2026-07-22T18:25:00+00:00,66499.74,66529.74,66484.72,66504.74,310
2026-07-22T18:30:00+00:00,66504.74,66504.74,66434.72,66444.73,417
2026-07-22T18:35:00+00:00,66444.73,66489.74,66434.72,66472.23,282
2026-07-22T18:40:00+00:00,66472.23,66484.74,66445.23,66474.73,251
2026-07-22T18:45:00+00:00,66474.73,66519.74,66469.73,66479.73,223
2026-07-22T18:50:00+00:00,66479.73,66529.74,66464.72,66529.73,349
2026-07-22T18:55:00+00:00,66529.73,66539.73,66500.22,66512.23,214
2026-07-22T19:00:00+00:00,66512.23,66529.73,66475.22,66497.24,384
2026-07-22T19:05:00+00:00,66497.24,66509.72,66452.24,66464.72,323
2026-07-22T19:10:00+00:00,66464.72,66474.74,66434.72,66434.72,281
2026-07-22T19:15:00+00:00,66434.72,66482.23,66424.72,66474.72,317
2026-07-22T19:20:00+00:00,66474.72,66494.72,66444.73,66479.74,313
2026-07-22T19:25:00+00:00,66479.74,66512.23,66457.23,66492.22,258
2026-07-22T19:30:00+00:00,66492.22,66497.23,66437.22,66457.24,459
2026-07-22T19:35:00+00:00,66457.24,66474.72,66404.72,66424.73,419
2026-07-22T19:40:00+00:00,66424.73,66464.74,66410.22,66459.73,426
2026-07-22T19:45:00+00:00,66459.73,66482.24,66440.24,66479.74,360
2026-07-22T19:50:00+00:00,66479.74,66502.23,66339.72,66382.23,655
2026-07-22T19:55:00+00:00,66382.23,66424.73,66349.73,66364.74,697
2026-07-22T20:00:00+00:00,66364.74,66524.72,66350.22,66375.24,1420
2026-07-22T20:05:00+00:00,66375.24,66404.74,66305.23,66355.22,666
2026-07-22T20:10:00+00:00,66355.22,66535.24,66335.22,66535.24,475
2026-07-22T20:15:00+00:00,66535.24,66589.72,66515.22,66569.74,564
2026-07-22T20:20:00+00:00,66569.74,66585.24,66510.22,66575.22,263
2026-07-22T20:25:00+00:00,66575.22,66589.73,66485.22,66510.24,223
2026-07-22T20:30:00+00:00,66510.24,66510.24,66460.22,66460.22,129
2026-07-22T20:35:00+00:00,66460.22,66470.23,66420.22,66425.23,173
2026-07-22T20:40:00+00:00,66425.23,66429.74,66370.22,66370.23,178
2026-07-22T20:45:00+00:00,66370.23,66394.74,66329.74,66339.73,155
2026-07-22T20:50:00+00:00,66339.73,66394.74,66335.23,66374.73,197
2026-07-22T20:55:00+00:00,66374.73,66374.73,66305.22,66317.24,336
2026-07-22T22:00:00+00:00,66317.24,66317.24,66188.61,66201.13,2
2026-07-22T22:05:00+00:00,66201.13,66226.13,66066.63,66086.62,39
2026-07-22T22:10:00+00:00,66086.62,66126.13,66081.61,66096.63,65
2026-07-22T22:15:00+00:00,66096.63,66116.13,66081.61,66106.61,32
2026-07-22T22:20:00+00:00,66106.61,66126.63,66081.61,66103.63,31
2026-07-22T22:25:00+00:00,66103.63,66123.62,66026.61,66041.63,68
2026-07-22T22:30:00+00:00,66041.63,66086.12,66036.61,66041.61,43
2026-07-22T22:35:00+00:00,66041.61,66041.63,65926.63,65931.61,45
2026-07-22T22:40:00+00:00,65931.61,65956.62,65916.61,65936.63,32
2026-07-22T22:45:00+00:00,65936.63,65996.63,65936.61,65996.63,44
2026-07-22T22:50:00+00:00,65996.63,66093.61,65986.62,66066.63,34
2026-07-22T22:55:00+00:00,66066.63,66141.12,66061.62,66126.61,64
2026-07-22T23:00:00+00:00,66126.61,66156.12,66031.61,66081.61,139
2026-07-22T23:05:00+00:00,66081.61,66126.61,66071.61,66081.63,77
2026-07-22T23:10:00+00:00,66081.63,66176.11,66081.63,66161.61,71
2026-07-22T23:15:00+00:00,66161.61,66246.11,66136.62,66241.62,152
2026-07-22T23:20:00+00:00,66241.62,66266.63,66216.61,66231.11,37
2026-07-22T23:25:00+00:00,66231.11,66241.61,66211.63,66236.63,35
2026-07-22T23:30:00+00:00,66236.63,66336.61,66236.62,66301.62,128
2026-07-22T23:35:00+00:00,66301.62,66351.11,66271.12,66331.11,92
2026-07-22T23:40:00+00:00,66331.11,66393.62,66326.61,66331.62,106
2026-07-22T23:45:00+00:00,66331.62,66616.62,66206.62,66506.61,1233
2026-07-22T23:50:00+00:00,66506.61,66611.63,66481.61,66516.63,453
2026-07-22T23:55:00+00:00,66516.63,66676.62,66501.61,66651.62,522
2026-07-23T00:00:00+00:00,66651.62,67006.63,66601.62,66956.63,2762
2026-07-23T00:05:00+00:00,66956.63,67016.11,66861.61,66881.63,1462
2026-07-23T00:10:00+00:00,66881.63,66881.63,66606.61,66726.62,1260
2026-07-23T00:15:00+00:00,66726.62,66781.61,66571.61,66631.63,2025
2026-07-23T00:20:00+00:00,66631.63,66661.11,66491.62,66616.11,1590
2026-07-23T00:25:00+00:00,66616.11,66841.61,66611.61,66701.61,1720
2026-07-23T00:30:00+00:00,66701.61,66766.62,66606.63,66681.62,1923
2026-07-23T00:35:00+00:00,66681.62,66831.61,66676.61,66816.61,1592
2026-07-23T00:40:00+00:00,66816.61,66926.13,66761.61,66891.63,1487
2026-07-23T00:45:00+00:00,66891.63,66986.63,66876.61,66936.62,1043
2026-07-23T00:50:00+00:00,66936.62,67031.13,66871.62,66986.61,1019
2026-07-23T00:55:00+00:00,66986.61,67038.61,66931.63,66991.61,763
2026-07-23T01:00:00+00:00,66991.61,67016.62,66891.61,66926.62,1377
2026-07-23T01:05:00+00:00,66926.62,67046.62,66901.61,67026.61,1246
2026-07-23T01:10:00+00:00,67026.61,67081.63,66876.63,66941.63,973
2026-07-23T01:15:00+00:00,66941.63,66976.13,66831.61,66881.62,979
2026-07-23T01:20:00+00:00,66881.62,66921.62,66801.61,66851.61,1033
2026-07-23T01:25:00+00:00,66851.61,66911.63,66801.61,66876.11,882
2026-07-23T01:30:00+00:00,66876.11,66891.62,66721.61,66851.12,1440
2026-07-23T01:35:00+00:00,66851.12,66881.13,66701.61,66701.61,1126
2026-07-23T01:40:00+00:00,66701.61,66756.13,66626.62,66646.61,1162
2026-07-23T01:45:00+00:00,66646.61,66681.11,66556.62,66581.62,753
2026-07-23T01:50:00+00:00,66581.62,66756.12,66556.63,66741.62,1114
2026-07-23T01:55:00+00:00,66741.62,66766.63,66571.62,66581.62,735
2026-07-23T02:00:00+00:00,66581.62,66746.11,66551.62,66746.11,1042
2026-07-23T02:05:00+00:00,66746.11,66746.11,66581.61,66591.63,809
2026-07-23T02:10:00+00:00,66591.63,66626.61,66516.61,66586.61,568
2026-07-23T02:15:00+00:00,66586.61,66666.62,66471.61,66526.62,701
2026-07-23T02:20:00+00:00,66526.62,66556.62,66466.61,66476.63,712
2026-07-23T02:25:00+00:00,66476.63,66501.63,66431.61,66481.61,446
2026-07-23T02:30:00+00:00,66481.61,66631.11,66446.61,66626.62,664
2026-07-23T02:35:00+00:00,66626.62,66631.63,66441.61,66446.62,392
2026-07-23T02:40:00+00:00,66446.62,66481.61,66411.62,66441.62,419
2026-07-23T02:45:00+00:00,66441.62,66531.13,66441.61,66451.11,311
2026-07-23T02:50:00+00:00,66451.11,66516.13,66426.61,66488.63,328
2026-07-23T02:55:00+00:00,66488.63,66496.11,66451.61,66461.63,213
2026-07-23T03:00:00+00:00,66461.63,66481.62,66391.61,66396.62,249
2026-07-23T03:05:00+00:00,66396.62,66416.13,66306.12,66331.62,248
2026-07-23T03:10:00+00:00,66331.62,66356.13,66276.61,66331.62,342
2026-07-23T03:15:00+00:00,66331.62,66366.13,66261.61,66321.63,295
2026-07-23T03:20:00+00:00,66321.63,66336.12,66286.61,66306.61,281
2026-07-23T03:25:00+00:00,66306.61,66351.13,66251.61,66346.61,341
2026-07-23T03:30:00+00:00,66346.61,66511.63,66321.62,66391.11,1208
2026-07-23T03:35:00+00:00,66391.11,66556.13,66346.61,66546.63,738
2026-07-23T03:40:00+00:00,66546.63,66611.13,66496.61,66601.63,533
2026-07-23T03:45:00+00:00,66601.63,66641.13,66506.61,66601.63,406
2026-07-23T03:50:00+00:00,66601.63,66646.13,66521.61,66616.61,360
2026-07-23T03:55:00+00:00,66616.61,66661.12,66591.61,66606.61,401
2026-07-23T04:00:00+00:00,66606.61,66611.63,66491.61,66506.61,376
2026-07-23T04:05:00+00:00,66506.61,66521.13,66371.61,66441.63,467
2026-07-23T04:10:00+00:00,66441.63,66536.13,66416.61,66521.63,454
2026-07-23T04:15:00+00:00,66521.63,66566.12,66481.61,66486.11,422
2026-07-23T04:20:00+00:00,66486.11,66601.13,66461.62,66581.63,451
2026-07-23T04:25:00+00:00,66581.63,66656.13,66536.61,66576.63,388
2026-07-23T04:30:00+00:00,66576.63,66641.12,66526.61,66626.63,424
2026-07-23T04:35:00+00:00,66626.63,66646.13,66586.61,66636.63,404
2026-07-23T04:40:00+00:00,66636.63,66666.13,66586.62,66596.11,344
2026-07-23T04:45:00+00:00,66596.11,66636.63,66556.63,66576.62,528
2026-07-23T04:50:00+00:00,66576.62,66581.12,66486.62,66536.62,376
2026-07-23T04:55:00+00:00,66536.62,66616.13,66536.61,66561.11,315
2026-07-23T05:00:00+00:00,66561.11,66608.63,66496.61,66543.62,571
2026-07-23T05:05:00+00:00,66543.62,66576.12,66501.62,66511.62,421
2026-07-23T05:10:00+00:00,66511.62,66536.12,66466.61,66526.62,396
2026-07-23T05:15:00+00:00,66526.62,66606.11,66501.63,66576.62,365
2026-07-23T05:20:00+00:00,66576.62,66666.63,66556.61,66636.62,605
2026-07-23T05:25:00+00:00,66636.62,66781.62,66626.63,66781.62,567
2026-07-23T05:30:00+00:00,66781.62,66866.63,66726.61,66736.62,582
2026-07-23T05:35:00+00:00,66736.62,66751.12,66651.61,66656.63,458
2026-07-23T05:40:00+00:00,66656.63,66728.63,66641.61,66676.61,463
2026-07-23T05:45:00+00:00,66676.61,66696.12,66546.63,66546.63,411
2026-07-23T05:50:00+00:00,66546.63,66606.13,66426.62,66426.62,560
2026-07-23T05:55:00+00:00,66426.62,66548.62,66406.61,66406.61,440
2026-07-23T06:00:00+00:00,66406.61,66496.63,66406.61,66416.62,532
2026-07-23T06:05:00+00:00,66416.62,66456.13,66321.63,66341.11,371
2026-07-23T06:10:00+00:00,66341.11,66361.12,66286.61,66316.13,351
2026-07-23T06:15:00+00:00,66316.13,66376.12,66271.61,66366.12,356
2026-07-23T06:20:00+00:00,66366.12,66406.13,66291.11,66351.11,351
2026-07-23T06:25:00+00:00,66351.11,66436.12,66346.13,66421.13,487
2026-07-23T06:30:00+00:00,66421.13,66476.11,66341.13,66358.63,582
2026-07-23T06:35:00+00:00,66358.63,66393.63,66286.62,66326.11,374
2026-07-23T06:40:00+00:00,66326.11,66356.12,66261.61,66323.63,172
2026-07-23T06:45:00+00:00,66323.63,66411.12,66316.11,66383.62,98
2026-07-23T06:50:00+00:00,66383.62,66401.11,66328.61,66333.61,105
2026-07-23T06:55:00+00:00,66333.61,66333.61,66246.11,66263.62,134
2026-07-23T07:00:00+00:00,66263.62,66273.61,66146.12,66201.11,442
2026-07-23T07:05:00+00:00,66201.11,66206.13,66126.11,66136.12,286
2026-07-23T07:10:00+00:00,66136.12,66136.12,65961.11,66096.11,492
2026-07-23T07:15:00+00:00,66096.11,66133.61,66081.61,66126.11,321
2026-07-23T07:20:00+00:00,66126.11,66168.63,66116.11,66126.11,279
2026-07-23T07:25:00+00:00,66126.11,66221.13,66123.61,66141.11,228
2026-07-23T07:30:00+00:00,66141.11,66151.13,66023.62,66031.13,216
2026-07-23T07:35:00+00:00,66031.13,66056.11,65991.63,66023.63,174
2026-07-23T07:40:00+00:00,66023.63,66023.63,65901.61,65913.63,254
2026-07-23T07:45:00+00:00,65913.63,65966.13,65886.13,65943.61,290
2026-07-23T07:50:00+00:00,65943.61,66001.13,65916.12,65983.63,294
2026-07-23T07:55:00+00:00,65983.63,66081.12,65971.12,66081.12,270
2026-07-23T08:00:00+00:00,66081.12,66238.62,66036.62,66196.12,1041
2026-07-23T08:05:00+00:00,66196.12,66333.63,66181.12,66333.63,483
2026-07-23T08:10:00+00:00,66333.63,66356.11,66293.62,66328.62,342
2026-07-23T08:15:00+00:00,66328.62,66391.13,66296.12,66346.12,264
2026-07-23T08:20:00+00:00,66346.12,66361.13,66246.11,66276.13,261
2026-07-23T08:25:00+00:00,66276.13,66346.13,66256.13,66336.13,316
2026-07-23T08:30:00+00:00,66336.13,66346.12,66273.61,66331.11,301
2026-07-23T08:35:00+00:00,66331.11,66341.12,66253.61,66261.11,293
2026-07-23T08:40:00+00:00,66261.11,66266.13,66203.61,66206.11,227
2026-07-23T08:45:00+00:00,66206.11,66211.11,66176.11,66196.11,261
2026-07-23T08:50:00+00:00,66196.11,66236.13,66166.61,66236.13,184
2026-07-23T08:55:00+00:00,66236.13,66366.11,66226.61,66351.12,217
2026-07-23T09:00:00+00:00,66351.12,66526.11,66316.62,66473.61,537
2026-07-23T09:05:00+00:00,66473.61,66486.13,66386.11,66386.11,258
2026-07-23T09:10:00+00:00,66386.11,66391.13,66276.63,66281.12,264
2026-07-23T09:15:00+00:00,66281.12,66311.13,66266.13,66283.62,236
2026-07-23T09:20:00+00:00,66283.62,66293.62,66251.63,66266.12,206
2026-07-23T09:25:00+00:00,66266.12,66276.13,66231.13,66253.63,112
2026-07-23T09:30:00+00:00,66253.63,66271.13,66216.61,66238.63,173
2026-07-23T09:35:00+00:00,66238.63,66271.11,66231.11,66256.13,118
2026-07-23T09:40:00+00:00,66256.13,66323.63,66241.61,66318.63,171
2026-07-23T09:45:00+00:00,66318.63,66363.63,66318.63,66341.11,140
2026-07-23T09:50:00+00:00,66341.11,66341.13,66278.63,66296.11,223
2026-07-23T09:55:00+00:00,66296.11,66311.12,66253.62,66276.11,220
2026-07-23T10:00:00+00:00,66276.11,66313.63,66258.61,66306.12,295
2026-07-23T10:05:00+00:00,66306.12,66311.13,66236.13,66251.11,193
2026-07-23T10:10:00+00:00,66251.11,66271.12,66226.12,66233.63,141
2026-07-23T10:15:00+00:00,66233.63,66303.62,66218.63,66278.62,326
2026-07-23T10:20:00+00:00,66278.62,66318.63,66223.61,66258.61,245
2026-07-23T10:25:00+00:00,66258.61,66303.63,66246.11,66296.12,289
2026-07-23T10:30:00+00:00,66296.12,66396.11,66283.63,66378.61,417
2026-07-23T10:35:00+00:00,66378.61,66443.62,66376.13,66416.12,128
2026-07-23T10:40:00+00:00,66416.12,66446.13,66401.12,66421.12,146
2026-07-23T10:45:00+00:00,66421.12,66453.62,66406.12,66443.61,152
2026-07-23T10:50:00+00:00,66443.61,66456.12,66421.11,66441.13,173
2026-07-23T10:55:00+00:00,66441.13,66461.12,66421.11,66431.13,202
2026-07-23T11:00:00+00:00,66431.13,66461.11,66366.11,66371.12,282
2026-07-23T11:05:00+00:00,66371.12,66371.13,66316.13,66341.11,273
2026-07-23T11:10:00+00:00,66341.11,66368.63,66321.11,66366.13,136
2026-07-23T11:15:00+00:00,66366.13,66406.12,66366.12,66381.11,229
2026-07-23T11:20:00+00:00,66381.11,66383.61,66286.12,66301.13,288
2026-07-23T11:25:00+00:00,66301.13,66313.63,66241.11,66261.12,235
2026-07-23T11:30:00+00:00,66261.12,66271.13,66178.61,66213.63,368
2026-07-23T11:35:00+00:00,66213.63,66213.63,66061.12,66073.63,566
2026-07-23T11:40:00+00:00,66073.63,66091.12,66011.63,66063.63,464
2026-07-23T11:45:00+00:00,66063.63,66153.62,66051.13,66151.12,259
2026-07-23T11:50:00+00:00,66151.12,66283.62,66146.13,66211.61,550
2026-07-23T11:55:00+00:00,66211.61,66291.13,66201.12,66271.12,244
2026-07-23T12:00:00+00:00,66271.12,66286.12,66208.61,66211.13,361
2026-07-23T12:05:00+00:00,66211.13,66216.12,66156.61,66171.11,237
2026-07-23T12:10:00+00:00,66171.11,66191.11,66086.61,66091.61,174
2026-07-23T12:15:00+00:00,66091.61,66171.13,66031.11,66036.12,700
2026-07-23T12:20:00+00:00,66036.12,66056.11,65956.12,65981.12,331
2026-07-23T12:25:00+00:00,65981.12,65983.62,65926.61,65946.61,336
2026-07-23T12:30:00+00:00,65946.61,65993.62,65916.61,65956.11,382
2026-07-23T12:35:00+00:00,65956.11,65956.12,65803.62,65813.61,401
2026-07-23T12:40:00+00:00,65813.61,65813.61,65706.63,65756.13,707
2026-07-23T12:45:00+00:00,65756.13,65793.63,65708.61,65786.12,706
2026-07-23T12:50:00+00:00,65786.12,65876.12,65786.11,65821.12,473
2026-07-23T12:55:00+00:00,65821.12,65846.12,65763.62,65793.63,451
2026-07-23T13:00:00+00:00,65793.63,65831.12,65746.61,65766.61,811
2026-07-23T13:05:00+00:00,65766.61,65776.13,65596.61,65611.11,1055
2026-07-23T13:10:00+00:00,65611.11,65681.13,65566.61,65581.13,638
2026-07-23T13:15:00+00:00,65581.13,65596.12,65531.62,65571.12,636
2026-07-23T13:20:00+00:00,65571.12,65646.13,65541.61,65606.13,716
2026-07-23T13:25:00+00:00,65606.13,65666.11,65561.63,65611.62,976
2026-07-23T13:30:00+00:00,65611.62,65736.13,65516.12,65713.62,2484
2026-07-23T13:35:00+00:00,65713.62,65921.11,65683.62,65868.61,1500
2026-07-23T13:40:00+00:00,65868.61,66021.13,65866.12,65993.61,1551
2026-07-23T13:45:00+00:00,65993.61,66006.12,65758.61,65796.12,1554
2026-07-23T13:50:00+00:00,65796.12,65841.12,65693.61,65806.12,1911
2026-07-23T13:55:00+00:00,65806.12,65851.11,65523.61,65546.11,1756
2026-07-23T14:00:00+00:00,65546.11,65651.11,65501.11,65556.13,2042
2026-07-23T14:05:00+00:00,65556.13,65673.62,65386.11,65486.13,1872
2026-07-23T14:10:00+00:00,65486.13,65663.63,65441.12,65526.11,2381
2026-07-23T14:15:00+00:00,65526.11,65598.62,65431.13,65436.11,2333
2026-07-23T14:20:00+00:00,65436.11,65521.12,65351.11,65413.62,1960
2026-07-23T14:25:00+00:00,65413.62,65488.63,65356.11,65461.13,1586
2026-07-23T14:30:00+00:00,65461.13,65493.63,65288.62,65358.61,1339
2026-07-23T14:35:00+00:00,65358.61,65533.63,65291.11,65513.62,1591
2026-07-23T14:40:00+00:00,65513.62,65563.62,65301.13,65361.12,1414
2026-07-23T14:45:00+00:00,65361.12,65408.63,65296.11,65316.11,1340
2026-07-23T14:50:00+00:00,65316.11,65351.13,65233.62,65273.63,1207
2026-07-23T14:55:00+00:00,65273.63,65383.63,65261.11,65356.13,1344
2026-07-23T15:00:00+00:00,65356.13,65376.12,65281.11,65361.13,1314
2026-07-23T15:05:00+00:00,65361.13,65376.12,65288.61,65301.12,1454
2026-07-23T15:10:00+00:00,65301.12,65313.62,65156.11,65193.63,1023
2026-07-23T15:15:00+00:00,65193.63,65316.13,65188.63,65261.13,1229
2026-07-23T15:20:00+00:00,65261.13,65296.12,65051.11,65143.62,1060
2026-07-23T15:25:00+00:00,65143.62,65151.13,65061.13,65106.12,860
2026-07-23T15:30:00+00:00,65106.12,65126.12,65001.11,65116.11,1120
2026-07-23T15:35:00+00:00,65116.11,65213.62,65111.11,65171.12,1015
2026-07-23T15:40:00+00:00,65171.12,65241.13,65106.11,65106.13,834
2026-07-23T15:45:00+00:00,65106.13,65138.63,65066.11,65121.13,740
2026-07-23T15:50:00+00:00,65121.13,65191.13,65083.63,65186.11,699
2026-07-23T15:55:00+00:00,65186.11,65238.61,65148.63,65201.13,465
2026-07-23T16:00:00+00:00,65201.13,65288.63,65181.13,65278.63,736
2026-07-23T16:05:00+00:00,65278.63,65298.63,65196.11,65293.62,671
2026-07-23T16:10:00+00:00,65293.62,65356.13,65291.12,65326.12,689
2026-07-23T16:15:00+00:00,65326.12,65356.13,65293.62,65331.11,659
2026-07-23T16:20:00+00:00,65331.11,65438.63,65331.11,65428.62,557
2026-07-23T16:25:00+00:00,65428.62,65488.62,65403.62,65461.12,510
2026-07-23T16:30:00+00:00,65461.12,65461.13,65421.12,65431.12,568
2026-07-23T16:35:00+00:00,65431.12,65503.63,65408.63,65501.13,538
2026-07-23T16:40:00+00:00,65501.13,65501.13,65398.62,65408.63,505
2026-07-23T16:45:00+00:00,65408.63,65408.63,65331.12,65331.12,524
2026-07-23T16:50:00+00:00,65331.12,65348.63,65283.61,65293.63,497
2026-07-23T16:55:00+00:00,65293.63,65348.62,65293.63,65341.12,501
2026-07-23T17:00:00+00:00,65341.12,65373.61,65278.61,65278.63,731
2026-07-23T17:05:00+00:00,65278.63,65331.12,65233.62,65328.63,626
2026-07-23T17:10:00+00:00,65328.63,65373.63,65313.62,65333.62,638
2026-07-23T17:15:00+00:00,65333.62,65381.13,65311.11,65353.63,593
2026-07-23T17:20:00+00:00,65353.63,65411.11,65318.62,65393.61,611
2026-07-23T17:25:00+00:00,65393.61,65406.13,65353.61,65353.61,486
2026-07-23T17:30:00+00:00,65353.61,65363.61,65283.62,65313.62,604
2026-07-23T17:35:00+00:00,65313.62,65321.12,65243.61,65251.13,566
2026-07-23T17:40:00+00:00,65251.13,65263.63,65208.61,65243.62,579
2026-07-23T17:45:00+00:00,65243.62,65323.63,65223.61,65301.13,642
2026-07-23T17:50:00+00:00,65301.13,65318.63,65266.12,65271.11,522
2026-07-23T17:55:00+00:00,65271.11,65271.11,65201.12,65206.12,426
2026-07-23T18:00:00+00:00,65206.12,65228.62,65168.61,65181.11,456
2026-07-23T18:05:00+00:00,65181.11,65228.63,65168.61,65203.63,363
2026-07-23T18:10:00+00:00,65203.63,65263.63,65193.61,65213.62,469
2026-07-23T18:15:00+00:00,65213.62,65256.11,65186.11,65213.61,456
2026-07-23T18:20:00+00:00,65213.61,65268.63,65198.62,65246.12,504
2026-07-23T18:25:00+00:00,65246.12,65261.11,65211.12,65256.13,509
2026-07-23T18:30:00+00:00,65256.13,65311.12,65238.61,65303.63,563
2026-07-23T18:35:00+00:00,65303.63,65316.12,65211.12,65243.62,492
2026-07-23T18:40:00+00:00,65243.62,65268.63,65208.61,65218.62,416
2026-07-23T18:45:00+00:00,65218.62,65276.12,65218.62,65241.13,420
2026-07-23T18:50:00+00:00,65241.13,65256.12,65181.11,65181.13,371
2026-07-23T18:55:00+00:00,65181.13,65211.13,65171.12,65208.63,433
2026-07-23T19:00:00+00:00,65208.63,65241.11,65163.61,65168.63,524
2026-07-23T19:05:00+00:00,65168.63,65181.11,65148.62,65153.61,349
2026-07-23T19:10:00+00:00,65153.61,65173.61,65136.13,65148.63,288
2026-07-23T19:15:00+00:00,65148.63,65221.12,65143.61,65186.13,315
2026-07-23T19:20:00+00:00,65186.13,65306.13,65186.11,65306.13,350
2026-07-23T19:25:00+00:00,65306.13,65351.13,65301.12,65348.61,341
2026-07-23T19:30:00+00:00,65348.61,65381.11,65241.11,65301.11,487
2026-07-23T19:35:00+00:00,65301.11,65331.12,65273.61,65273.63,325
2026-07-23T19:40:00+00:00,65273.63,65281.13,65216.12,65216.12,334
2026-07-23T19:45:00+00:00,65216.12,65223.63,65166.11,65183.61,420
2026-07-23T19:50:00+00:00,65183.61,65278.62,65163.62,65203.61,803
2026-07-23T19:55:00+00:00,65203.61,65396.13,65203.61,65378.62,676
2026-07-23T20:00:00+00:00,65378.62,65501.63,65371.62,65471.62,815
2026-07-23T20:05:00+00:00,65471.62,65516.61,65471.61,65498.63,183
2026-07-23T20:10:00+00:00,65498.63,65576.63,65498.63,65531.62,249
2026-07-23T20:15:00+00:00,65531.62,65576.63,65526.61,65576.62,173
2026-07-23T20:20:00+00:00,65576.62,65616.63,65561.61,65606.63,150
2026-07-23T20:25:00+00:00,65606.63,65626.62,65571.61,65581.63,153
2026-07-23T20:30:00+00:00,65581.63,65626.63,65581.61,65596.61,164
2026-07-23T20:35:00+00:00,65596.61,65611.63,65591.61,65596.61,69
2026-07-23T20:40:00+00:00,65596.61,65596.63,65521.61,65536.12,61
2026-07-23T20:45:00+00:00,65536.12,65536.12,65481.61,65481.61,68
2026-07-23T20:50:00+00:00,65481.61,65501.12,65431.62,65451.62,74
2026-07-23T20:55:00+00:00,65451.62,65461.13,65421.63,65446.12,96
2026-07-23T22:00:00+00:00,65446.12,65446.12,65378.02,65383.01,8
2026-07-23T22:05:00+00:00,65383.01,65383.01,65323.02,65328.02,30
2026-07-23T22:10:00+00:00,65328.02,65333.01,65263,65283.01,41
2026-07-23T22:15:00+00:00,65283.01,65283.01,65268.01,65273.01,10
2026-07-23T22:20:00+00:00,65273.01,65333.01,65268,65298.02,35
2026-07-23T22:25:00+00:00,65298.02,65298.02,65258,65268.02,16
2026-07-23T22:30:00+00:00,65268.02,65333.01,65268,65323,56
2026-07-23T22:35:00+00:00,65323,65363.01,65318.01,65338,48
2026-07-23T22:40:00+00:00,65338,65388.02,65338,65378.02,59
2026-07-23T22:45:00+00:00,65378.02,65422.51,65378,65417.52,42
2026-07-23T22:50:00+00:00,65417.52,65437.52,65417.52,65437.52,20
2026-07-23T22:55:00+00:00,65437.52,65478.01,65433.01,65468.02,55
2026-07-23T23:00:00+00:00,65468.02,65473,65438,65443.02,74
2026-07-23T23:05:00+00:00,65443.02,65443.02,65418,65428,73
2026-07-23T23:10:00+00:00,65428,65428.02,65398,65398.01,49
2026-07-23T23:15:00+00:00,65398.01,65433.02,65398,65433.01,39
2026-07-23T23:20:00+00:00,65433.01,65457.5,65428,65448.02,54
2026-07-23T23:25:00+00:00,65448.02,65527.52,65448,65498,74
2026-07-23T23:30:00+00:00,65498,65532.51,65403.02,65523.01,132
2026-07-23T23:35:00+00:00,65523.01,65543,65458,65492.52,75
2026-07-23T23:40:00+00:00,65492.52,65503.02,65418.01,65503.02,262
2026-07-23T23:45:00+00:00,65503.02,65712.51,65403.02,65468.02,1701
2026-07-23T23:50:00+00:00,65468.02,65538.02,65413.02,65463,937
2026-07-23T23:55:00+00:00,65463,65593.02,65378.02,65433,757
2026-07-24T00:00:00+00:00,65433,65712.51,65318,65318,3205
2026-07-24T00:05:00+00:00,65318,65365.01,65043.02,65083.01,2347
2026-07-24T00:10:00+00:00,65083.01,65128.02,64883,64908.02,1619
2026-07-24T00:15:00+00:00,64908.02,64977.51,64723,64763.02,2726
2026-07-24T00:20:00+00:00,64763.02,65007.52,64653,64878.01,3220
2026-07-24T00:25:00+00:00,64878.01,65022.5,64688,64733,2492
2026-07-24T00:30:00+00:00,64733,64762.52,64568,64613.01,2300
2026-07-24T00:35:00+00:00,64613.01,64747.5,64548,64683.02,1714
2026-07-24T00:40:00+00:00,64683.02,64917.51,64673.01,64917.51,1936
2026-07-24T00:45:00+00:00,64917.51,65077.51,64868.01,65003.01,2120
2026-07-24T00:50:00+00:00,65003.01,65073.02,64773,64773.02,1369
2026-07-24T00:55:00+00:00,64773.02,64893.02,64693,64863.02,1725
2026-07-24T01:00:00+00:00,64863.02,64927.5,64718,64868,2237
2026-07-24T01:05:00+00:00,64868,64872.51,64668.01,64717.51,1912
2026-07-24T01:10:00+00:00,64717.51,64767.52,64598,64598,1122
2026-07-24T01:15:00+00:00,64598,64738.02,64568.01,64633,1312
2026-07-24T01:20:00+00:00,64633,64658.02,64513.01,64578,1255
2026-07-24T01:25:00+00:00,64578,64837.52,64578,64693.01,1499
2026-07-24T01:30:00+00:00,64693.01,64828,64663,64803.02,2234
2026-07-24T01:35:00+00:00,64803.02,64818.01,64572.5,64578.02,1747
2026-07-24T01:40:00+00:00,64578.02,64742.51,64548,64663.01,1624
2026-07-24T01:45:00+00:00,64663.01,64687.52,64458.01,64458.01,1435
2026-07-24T01:50:00+00:00,64458.01,64552.52,64398,64517.51,1154
2026-07-24T01:55:00+00:00,64517.51,64542.51,64398.01,64452.51,1016
2026-07-24T02:00:00+00:00,64452.51,64578.01,64438,64462.5,1150
2026-07-24T02:05:00+00:00,64462.5,64563,64423.01,64563,937
2026-07-24T02:10:00+00:00,64563,64602.52,64498.01,64533.02,1447
2026-07-24T02:15:00+00:00,64533.02,64612.5,64498,64498,953
2026-07-24T02:20:00+00:00,64498,64542.52,64418,64493.02,885
2026-07-24T02:25:00+00:00,64493.02,64622.5,64488,64608.01,933
2026-07-24T02:30:00+00:00,64608.01,64632.51,64378.01,64398,1025
2026-07-24T02:35:00+00:00,64398,64412.52,64288,64312.51,608
2026-07-24T02:40:00+00:00,64312.51,64342.51,64283.01,64293.02,498
2026-07-24T02:45:00+00:00,64293.02,64310,64243,64253.02,425
2026-07-24T02:50:00+00:00,64253.02,64307.52,64238,64268.02,423
2026-07-24T02:55:00+00:00,64268.02,64367.51,64253,64268.01,415
2026-07-24T03:00:00+00:00,64268.01,64323.02,64228.02,64283.01,629
2026-07-24T03:05:00+00:00,64283.01,64342.52,64213.01,64218,564
2026-07-24T03:10:00+00:00,64218,64377.5,64218,64372.5,643
2026-07-24T03:15:00+00:00,64372.5,64458.01,64358.01,64383.02,637
2026-07-24T03:20:00+00:00,64383.02,64477.52,64353,64433.02,914
2026-07-24T03:25:00+00:00,64433.02,64577.52,64433,64548,907
2026-07-24T03:30:00+00:00,64548,64572.51,64313,64402.52,1962
2026-07-24T03:35:00+00:00,64402.52,64577.51,64378,64517.51,1941
2026-07-24T03:40:00+00:00,64517.51,64547.51,64370.02,64408,1650
2026-07-24T03:45:00+00:00,64408,64477.51,64373,64432.51,1517
2026-07-24T03:50:00+00:00,64432.51,64467.5,64353.02,64377.5,1193
2026-07-24T03:55:00+00:00,64377.5,64382.52,64288.02,64338,731
2026-07-24T04:00:00+00:00,64338,64373.01,64263.02,64343,734
2026-07-24T04:05:00+00:00,64343,64532.52,64338,64503.02,1244
2026-07-24T04:10:00+00:00,64503.02,64503.02,64358,64375,821
2026-07-24T04:15:00+00:00,64375,64482.52,64348.02,64458.02,915
2026-07-24T04:20:00+00:00,64458.02,64602.52,64375,64592.52,977
2026-07-24T04:25:00+00:00,64592.52,64692.52,64568,64642.5,1235
2026-07-24T04:30:00+00:00,64642.5,64652.51,64543,64587.52,1329
2026-07-24T04:35:00+00:00,64587.52,64630,64518.01,64537.52,1070
2026-07-24T04:40:00+00:00,64537.52,64572.52,64473.02,64572.5,811
2026-07-24T04:45:00+00:00,64572.5,64577.51,64447.51,64497.5,931
2026-07-24T04:50:00+00:00,64497.5,64552.51,64472.5,64478.01,965
2026-07-24T04:55:00+00:00,64478.01,64585.02,64468,64582.5,724
2026-07-24T05:00:00+00:00,64582.5,64612.51,64443,64478,1033
2026-07-24T05:05:00+00:00,64478,64687.52,64478,64598,1021
2026-07-24T05:10:00+00:00,64598,64667.52,64563.01,64608.02,921
2026-07-24T05:15:00+00:00,64608.02,64653.01,64533.01,64628,1005
2026-07-24T05:20:00+00:00,64628,64692.52,64597.5,64608.02,1086
2026-07-24T05:25:00+00:00,64608.02,64703.01,64588,64623.02,722
2026-07-24T05:30:00+00:00,64623.02,64658.02,64538,64583,1239
2026-07-24T05:35:00+00:00,64583,64597.51,64498.02,64558.01,707
2026-07-24T05:40:00+00:00,64558.01,64632.5,64493,64618,686
2026-07-24T05:45:00+00:00,64618,64677.5,64593,64618.02,615
2026-07-24T05:50:00+00:00,64618.02,64638,64493,64502.51,709
2026-07-24T05:55:00+00:00,64502.51,64552.5,64463,64508,829
2026-07-24T06:00:00+00:00,64508,64533.01,64423,64438.01,730
2026-07-24T06:05:00+00:00,64438.01,64478.01,64418.01,64453.02,574
2026-07-24T06:10:00+00:00,64453.02,64490,64423,64478,398
2026-07-24T06:15:00+00:00,64478,64587.52,64478,64582.52,537
2026-07-24T06:20:00+00:00,64582.52,64687.52,64573.01,64668,572
2026-07-24T06:25:00+00:00,64668,64782.51,64543.01,64637.52,816
2026-07-24T06:30:00+00:00,64637.52,64658.02,64518.01,64583.01,728
2026-07-24T06:35:00+00:00,64583.01,64682.51,64568.02,64653,440
2026-07-24T06:40:00+00:00,64653,64677.52,64523,64557.52,275
2026-07-24T06:45:00+00:00,64557.52,64557.52,64468,64490,263
2026-07-24T06:50:00+00:00,64490,64547.52,64463.01,64542.51,244
2026-07-24T06:55:00+00:00,64542.51,64672.51,64523.02,64662.51,241
2026-07-24T07:00:00+00:00,64662.51,64788.01,64653,64733,491
2026-07-24T07:05:00+00:00,64733,64887.52,64723,64887.51,255
2026-07-24T07:10:00+00:00,64887.51,64967.52,64887.51,64962.5,340
2026-07-24T07:15:00+00:00,64962.5,65063.01,64933.01,65047.51,376
2026-07-24T07:20:00+00:00,65047.51,65052.52,64997.52,65012.52,221
2026-07-24T07:25:00+00:00,65012.52,65087.5,64998,65043.01,224
2026-07-24T07:30:00+00:00,65043.01,65057.52,65003,65027.51,356
2026-07-24T07:35:00+00:00,65027.51,65042.51,64993,65013,235
2026-07-24T07:40:00+00:00,65013,65018.02,64963,64998.01,231
2026-07-24T07:45:00+00:00,64998.01,65027.52,64958,64988.01,214
2026-07-24T07:50:00+00:00,64988.01,64998.02,64943,64977.51,232
2026-07-24T07:55:00+00:00,64977.51,65012.52,64968,64973,213
2026-07-24T08:00:00+00:00,64973,64997.52,64712.52,64752.52,1191
2026-07-24T08:05:00+00:00,64752.52,64832.51,64703,64788,804
2026-07-24T08:10:00+00:00,64788,64807.52,64688,64733.01,530
2026-07-24T08:15:00+00:00,64733.01,64812.52,64718,64777.51,524
2026-07-24T08:20:00+00:00,64777.51,64792.52,64668,64673.02,592
2026-07-24T08:25:00+00:00,64673.02,64847.52,64643,64838.02,674
2026-07-24T08:30:00+00:00,64838.02,64897.52,64813,64853.01,588
2026-07-24T08:35:00+00:00,64853.01,64947.5,64843.02,64927.52,487
2026-07-24T08:40:00+00:00,64927.52,64952.52,64878.02,64952.5,474
2026-07-24T08:45:00+00:00,64952.5,64967.52,64883,64925.02,434
2026-07-24T08:50:00+00:00,64925.02,64942.52,64893,64933.01,467
2026-07-24T08:55:00+00:00,64933.01,64952.52,64898.01,64923.01,379
2026-07-24T09:00:00+00:00,64923.01,64977.51,64888,64893,545
2026-07-24T09:05:00+00:00,64893,65022.52,64868,65022.5,562
2026-07-24T09:10:00+00:00,65022.5,65037.51,64868,64882.5,424
2026-07-24T09:15:00+00:00,64882.5,64905,64843,64898.02,586
2026-07-24T09:20:00+00:00,64898.02,64932.52,64878,64932.52,472
2026-07-24T09:25:00+00:00,64932.52,64987.5,64928,64953,495
2026-07-24T09:30:00+00:00,64953,65020.02,64938.02,65002.51,583
2026-07-24T09:35:00+00:00,65002.51,65032.51,64978,65032.51,274
2026-07-24T09:40:00+00:00,65032.51,65077.52,65027.5,65033.02,373
2026-07-24T09:45:00+00:00,65033.02,65062.52,65023,65032.5,395
2026-07-24T09:50:00+00:00,65032.5,65058,65023,65028.01,253
2026-07-24T09:55:00+00:00,65028.01,65097.5,65028,65087.51,306
2026-07-24T10:00:00+00:00,65087.51,65107.52,65053,65067.52,449
2026-07-24T10:05:00+00:00,65067.52,65102.51,65038,65063.02,417
2026-07-24T10:10:00+00:00,65063.02,65112.52,65058.01,65098.02,310
2026-07-24T10:15:00+00:00,65098.02,65102.52,65043,65067.5,188
2026-07-24T10:20:00+00:00,65067.5,65092.51,65043.01,65080,110
2026-07-24T10:25:00+00:00,65080,65120.02,65043.02,65092.52,162
2026-07-24T10:30:00+00:00,65092.52,65127.52,65057.5,65057.52,357
2026-07-24T10:35:00+00:00,65057.52,65060.02,64998,65015.01,265
2026-07-24T10:40:00+00:00,65015.01,65020.02,64978,64998.02,234
2026-07-24T10:45:00+00:00,64998.02,65057.52,64998.01,65032.51,212
2026-07-24T10:50:00+00:00,65032.51,65032.52,64973,64983,335
2026-07-24T10:55:00+00:00,64983,65045.02,64978,65028,334
2026-07-24T11:00:00+00:00,65028,65085.01,64993,65058.01,677
2026-07-24T11:05:00+00:00,65058.01,65090.02,65032.51,65032.51,376
2026-07-24T11:10:00+00:00,65032.51,65070.02,65018.01,65067.52,222
2026-07-24T11:15:00+00:00,65067.52,65082.52,65038,65073.02,271
2026-07-24T11:20:00+00:00,65073.02,65082.51,65023.01,65063.02,248
2026-07-24T11:25:00+00:00,65063.02,65068.02,64993,65022.52,297
2026-07-24T11:30:00+00:00,65022.52,65043.02,64958,64997.5,314
2026-07-24T11:35:00+00:00,64997.5,65057.52,64973.02,65022.52,457
2026-07-24T11:40:00+00:00,65022.52,65022.52,64988,64992.51,330
2026-07-24T11:45:00+00:00,64992.51,65027.52,64933,64987.52,290
2026-07-24T11:50:00+00:00,64987.52,65007.52,64963.01,64987.52,234
2026-07-24T11:55:00+00:00,64987.52,65202.52,64922.51,65123.02,1052
2026-07-24T12:00:00+00:00,65123.02,65132.51,65023.01,65053.02,912
2026-07-24T12:05:00+00:00,65053.02,65167.52,64983.01,65158,490
2026-07-24T12:10:00+00:00,65158,65197.51,65123,65178.02,402
2026-07-24T12:15:00+00:00,65178.02,65222.52,65158,65172.51,500
2026-07-24T12:20:00+00:00,65172.51,65177.52,65128,65172.52,383
2026-07-24T12:25:00+00:00,65172.52,65172.52,65078.01,65153,418
2026-07-24T12:30:00+00:00,65153,65162.51,65053.01,65067.51,396
2026-07-24T12:35:00+00:00,65067.51,65102.51,65038.02,65078,383
2026-07-24T12:40:00+00:00,65078,65082.52,64988,65003.01,378
2026-07-24T12:45:00+00:00,65003.01,65027.52,64953,64958.01,305
2026-07-24T12:50:00+00:00,64958.01,64972.51,64873.01,64893.01,376
2026-07-24T12:55:00+00:00,64893.01,64912.51,64838,64887.51,414
2026-07-24T13:00:00+00:00,64887.51,64955.01,64878.01,64938.01,460
2026-07-24T13:05:00+00:00,64938.01,64947.52,64868,64912.52,359
2026-07-24T13:10:00+00:00,64912.52,64967.51,64888.01,64958.01,322
2026-07-24T13:15:00+00:00,64958.01,64982.52,64943,64962.52,271
2026-07-24T13:20:00+00:00,64962.52,64980.02,64933,64977.51,276
2026-07-24T13:25:00+00:00,64977.51,65007.5,64868,64872.51,651
2026-07-24T13:30:00+00:00,64872.51,64892.5,64753,64843.02,2864
2026-07-24T13:35:00+00:00,64843.02,64867.51,64673,64767.52,2344
2026-07-24T13:40:00+00:00,64767.52,64772.52,64613,64683.02,1299
2026-07-24T13:45:00+00:00,64683.02,64777.52,64638,64728,1889
2026-07-24T13:50:00+00:00,64728,64737.51,64503.01,64523,2108
2026-07-24T13:55:00+00:00,64523,64577.51,64478,64508.02,1985
2026-07-24T14:00:00+00:00,64508.02,64657.52,64487.51,64568.02,2655
2026-07-24T14:05:00+00:00,64568.02,64812.51,64563.02,64802.52,2276
2026-07-24T14:10:00+00:00,64802.52,64832.52,64733,64753.02,1937
2026-07-24T14:15:00+00:00,64753.02,64777.51,64468,64550.01,1801
2026-07-24T14:20:00+00:00,64550.01,64687.5,64468,64617.5,1902
2026-07-24T14:25:00+00:00,64617.5,64622.52,64523,64553,1896
2026-07-24T14:30:00+00:00,64553,64567.52,64412.51,64412.51,2149
2026-07-24T14:35:00+00:00,64412.51,64477.52,64348,64377.5,1565
2026-07-24T14:40:00+00:00,64377.5,64432.52,64308,64348,1618
2026-07-24T14:45:00+00:00,64348,64400.01,64263.01,64392.5,1417
2026-07-24T14:50:00+00:00,64392.5,64457.52,64327.52,64377.52,1198
2026-07-24T14:55:00+00:00,64377.52,64667.52,64373.01,64642.51,1418
2026-07-24T15:00:00+00:00,64642.51,64703.02,64538.02,64543,1831
2026-07-24T15:05:00+00:00,64543,64592.52,64463,64468.01,1829
2026-07-24T15:10:00+00:00,64468.01,64847.51,64458,64800,3064
2026-07-24T15:15:00+00:00,64800,64947.52,64733,64743.01,2508
2026-07-24T15:20:00+00:00,64743.01,64877.52,64733,64812.5,1432
2026-07-24T15:25:00+00:00,64812.5,64902.51,64803.01,64823,1208
2026-07-24T15:30:00+00:00,64823,64897.52,64797.52,64822.51,1466
2026-07-24T15:35:00+00:00,64822.51,64982.52,64798.02,64963,1436
2026-07-24T15:40:00+00:00,64963,64992.52,64788.02,64843.02,1106
2026-07-24T15:45:00+00:00,64843.02,64902.51,64808.01,64847.5,679
2026-07-24T15:50:00+00:00,64847.5,64957.51,64843,64918,659
2026-07-24T15:55:00+00:00,64918,65012.5,64913,64997.51,587
2026-07-24T16:00:00+00:00,64997.51,65018,64928,65013.01,473
2026-07-24T16:05:00+00:00,65013.01,65067.51,64993,65025.02,304
2026-07-24T16:10:00+00:00,65025.02,65072.51,64973.01,64987.52,591
2026-07-24T16:15:00+00:00,64987.52,64987.52,64933.01,64962.52,493
2026-07-24T16:20:00+00:00,64962.52,65007.51,64938.01,64977.52,387
2026-07-24T16:25:00+00:00,64977.52,64997.5,64948.02,64957.5,451
2026-07-24T16:30:00+00:00,64957.5,64957.5,64872.5,64922.5,613
2026-07-24T16:35:00+00:00,64922.5,64922.52,64818,64837.5,619
2026-07-24T16:40:00+00:00,64837.5,64837.5,64768.01,64778,704
2026-07-24T16:45:00+00:00,64778,64812.52,64688.01,64727.52,735
2026-07-24T16:50:00+00:00,64727.52,64732.52,64678,64703.01,828
2026-07-24T16:55:00+00:00,64703.01,64807.52,64683,64782.51,609
2026-07-24T17:00:00+00:00,64782.51,64802.51,64698.02,64738.02,809
2026-07-24T17:05:00+00:00,64738.02,64777.5,64648,64652.5,1082
2026-07-24T17:10:00+00:00,64652.5,64722.52,64633,64688.01,694
2026-07-24T17:15:00+00:00,64688.01,64792.51,64663,64778.02,667
2026-07-24T17:20:00+00:00,64778.02,64812.51,64728,64812.51,550
2026-07-24T17:25:00+00:00,64812.51,64877.52,64768,64862.51,505
2026-07-24T17:30:00+00:00,64862.51,64912.52,64838,64912.5,487
2026-07-24T17:35:00+00:00,64912.5,64917.52,64798.02,64807.5,547
2026-07-24T17:40:00+00:00,64807.5,64817.52,64763,64768,643
2026-07-24T17:45:00+00:00,64768,64792.52,64733,64787.5,352
2026-07-24T17:50:00+00:00,64787.5,64817.52,64738,64772.51,346
2026-07-24T17:55:00+00:00,64772.51,64792.52,64752.5,64752.5,196
2026-07-24T18:00:00+00:00,64752.5,64787.52,64718.01,64743.02,271
2026-07-24T18:05:00+00:00,64743.02,64797.51,64740,64743.01,355
2026-07-24T18:10:00+00:00,64743.01,64762.51,64683.01,64702.52,234
2026-07-24T18:15:00+00:00,64702.52,64707.52,64628,64633,302
2026-07-24T18:20:00+00:00,64633,64647.52,64608,64618,459
2026-07-24T18:25:00+00:00,64618,64632.52,64557.51,64563,717
2026-07-24T18:30:00+00:00,64563,64577.52,64450,64453.02,608
2026-07-24T18:35:00+00:00,64453.02,64500.01,64408.02,64432.51,590
2026-07-24T18:40:00+00:00,64432.51,64432.51,64338.01,64373.01,443
2026-07-24T18:45:00+00:00,64373.01,64497.51,64367.5,64458,688
2026-07-24T18:50:00+00:00,64458,64502.5,64418.01,64458.02,657
2026-07-24T18:55:00+00:00,64458.02,64535.02,64448.02,64497.52,424
2026-07-24T19:00:00+00:00,64497.52,64542.51,64438.01,64457.52,556
2026-07-24T19:05:00+00:00,64457.52,64517.52,64333.01,64343.02,591
2026-07-24T19:10:00+00:00,64343.02,64397.52,64298,64298.02,486
2026-07-24T19:15:00+00:00,64298.02,64347.51,64278,64332.52,416
2026-07-24T19:20:00+00:00,64332.52,64367.5,64278,64293.02,585
2026-07-24T19:25:00+00:00,64293.02,64372.52,64273,64342.52,461
2026-07-24T19:30:00+00:00,64342.52,64427.52,64328,64397.51,757
2026-07-24T19:35:00+00:00,64397.51,64462.52,64383.02,64393.01,809
2026-07-24T19:40:00+00:00,64393.01,64412.52,64343,64412.5,713
2026-07-24T19:45:00+00:00,64412.5,64427.52,64353,64422.52,506
2026-07-24T19:50:00+00:00,64422.52,64442.51,64328,64417.51,491
2026-07-24T19:55:00+00:00,64417.51,64427.51,64333,64413.02,713
2026-07-24T20:00:00+00:00,64413.02,64417.5,64338,64363.01,366
2026-07-24T20:05:00+00:00,64363.01,64372.52,64302.5,64317.5,175
2026-07-24T20:10:00+00:00,64317.5,64357.52,64293.02,64338.01,158
2026-07-24T20:15:00+00:00,64338.01,64387.52,64338,64362.51,107
2026-07-24T20:20:00+00:00,64362.51,64415,64358,64368.02,83
2026-07-24T20:25:00+00:00,64368.02,64390.01,64323.02,64323.02,72
2026-07-24T20:30:00+00:00,64323.02,64335.01,64283,64288.02,177
2026-07-24T20:35:00+00:00,64288.02,64342.52,64288.02,64342.52,91
2026-07-24T20:40:00+00:00,64342.52,64360.01,64323,64360.01,66
2026-07-26T22:00:00+00:00,64360.01,65630.56,64360.01,65520.07,79
2026-07-26T22:05:00+00:00,65520.07,65680.56,65467.56,65545.57,77
2026-07-26T22:10:00+00:00,65545.57,65545.57,65445.56,65500.55,57
2026-07-26T22:15:00+00:00,65500.55,65710.55,65440.56,65645.55,96
2026-07-26T22:20:00+00:00,65645.55,65715.07,65640.56,65655.57,44
2026-07-26T22:25:00+00:00,65655.57,65670.56,65515.56,65525.55,56
2026-07-26T22:30:00+00:00,65525.55,65540.56,65480.56,65485.56,28
2026-07-26T22:35:00+00:00,65485.56,65685.57,65485.55,65625.57,59
2026-07-26T22:40:00+00:00,65625.57,65655.55,65590.55,65590.56,48
2026-07-26T22:45:00+00:00,65590.56,65630.57,65380.57,65465.57,69
2026-07-26T22:50:00+00:00,65465.57,65495.56,65360.57,65455.56,38
2026-07-26T22:55:00+00:00,65455.56,65640.06,65425.56,65600.56,22
2026-07-26T23:00:00+00:00,65600.56,65600.56,65335.57,65390.56,95
2026-07-26T23:05:00+00:00,65390.56,65560.56,65390.56,65545.56,62
2026-07-26T23:10:00+00:00,65545.56,65590.07,65545.55,65555.56,35.948089020457786
2026-07-26T23:15:00+00:00,65555.56,65585.57,65515.57,65520.57,82
2026-07-26T23:20:00+00:00,65520.57,65535.05,65450.57,65450.57,51
2026-07-26T23:25:00+00:00,65450.57,65515.57,65430.55,65430.57,89
2026-07-26T23:30:00+00:00,65430.57,65500.56,65385.56,65475.56,140
2026-07-26T23:35:00+00:00,65475.56,65515.55,65430.57,65430.57,91
2026-07-26T23:40:00+00:00,65430.57,65550.56,65400.56,65410.57,183
2026-07-26T23:45:00+00:00,65410.57,65615.57,65270.55,65575.55,994
2026-07-26T23:50:00+00:00,65575.55,65630.57,65505.55,65555.55,640
2026-07-26T23:55:00+00:00,65555.55,65575.57,65360.56,65415.57,717
2026-07-27T00:00:00+00:00,65415.57,65415.57,64820.55,64870.55,3116
2026-07-27T00:05:00+00:00,64870.55,64995.57,64660.55,64715.57,2116
2026-07-27T00:10:00+00:00,64715.57,64970.07,64670.57,64935.55,2375
2026-07-27T00:15:00+00:00,64935.55,65065.07,64645.55,64675.56,3424
2026-07-27T00:20:00+00:00,64675.56,64780.56,64630.56,64675.57,3092
2026-07-27T00:25:00+00:00,64675.57,64805.57,64630.57,64700.07,2660
2026-07-27T00:30:00+00:00,64700.07,64865.07,64570.56,64795.56,2567
2026-07-27T00:35:00+00:00,64795.56,64845.55,64650.56,64730.57,2353
2026-07-27T00:40:00+00:00,64730.57,64815.06,64655.56,64655.56,1872
2026-07-27T00:45:00+00:00,64655.56,64885.56,64655.56,64870.56,2389
2026-07-27T00:50:00+00:00,64870.56,65005.06,64675.56,64735.56,2091
2026-07-27T00:55:00+00:00,64735.56,64785.07,64490.07,64530.57,2371
2026-07-27T01:00:00+00:00,64530.57,64620.55,64435.56,64465.57,2738
2026-07-27T01:05:00+00:00,64465.57,64635.07,64405.55,64580.57,2192
2026-07-27T01:10:00+00:00,64580.57,64585.07,64195.56,64245.06,1490
2026-07-27T01:15:00+00:00,64245.06,64460.56,64215.55,64340.57,1933
2026-07-27T01:20:00+00:00,64340.57,64375.57,64280.55,64335.05,1824
2026-07-27T01:25:00+00:00,64335.05,64345.06,64205.56,64310.57,1347
2026-07-27T01:30:00+00:00,64310.57,64675.56,64295.55,64515.56,2058
2026-07-27T01:35:00+00:00,64515.56,64740.56,64385.56,64720.57,2775
2026-07-27T01:40:00+00:00,64720.57,64810.06,64640.55,64670.57,2279
2026-07-27T01:45:00+00:00,64670.57,64795.06,64605.56,64740.07,2063
2026-07-27T01:50:00+00:00,64740.07,64765.57,64595.56,64630.55,1747
2026-07-27T01:55:00+00:00,64630.55,64820.06,64625.55,64820.06,1414
2026-07-27T02:00:00+00:00,64820.06,64840.05,64685.55,64705.55,1367
2026-07-27T02:05:00+00:00,64705.55,64830.07,64685.55,64795.56,1186
2026-07-27T02:10:00+00:00,64795.56,64825.07,64710.56,64775.07,849
2026-07-27T02:15:00+00:00,64775.07,64895.07,64760.55,64810.57,1102
2026-07-27T02:20:00+00:00,64810.57,64855.07,64705.55,64830.06,1081
2026-07-27T02:25:00+00:00,64830.06,64965.07,64805.55,64875.06,730
2026-07-27T02:30:00+00:00,64875.06,64875.07,64675.55,64720.06,862
2026-07-27T02:35:00+00:00,64720.06,64875.56,64695.56,64855.56,765
2026-07-27T02:40:00+00:00,64855.56,64930.07,64840.57,64865.55,541
2026-07-27T02:45:00+00:00,64865.55,64900.07,64705.55,64730.56,454
2026-07-27T02:50:00+00:00,64730.56,64740.07,64650.55,64660.57,447
2026-07-27T02:55:00+00:00,64660.57,64695.57,64640.56,64680.07,373
2026-07-27T03:00:00+00:00,64680.07,64840.56,64635.56,64775.06,618
2026-07-27T03:05:00+00:00,64775.06,64870.07,64760.56,64795.57,442
2026-07-27T03:10:00+00:00,64795.57,64925.57,64775.56,64920.56,353
2026-07-27T03:15:00+00:00,64920.56,64970.56,64915.55,64970.55,365
2026-07-27T03:20:00+00:00,64970.55,64997.57,64935.55,64945.55,487
2026-07-27T03:25:00+00:00,64945.55,64980.05,64895.57,64900.56,461
2026-07-27T03:30:00+00:00,64900.56,64920.55,64745.07,64760.56,1511
2026-07-27T03:35:00+00:00,64760.56,64835.57,64730.55,64790.57,1166
2026-07-27T03:40:00+00:00,64790.57,64960.55,64760.56,64855.55,976
2026-07-27T03:45:00+00:00,64855.55,64880.07,64710.57,64760.56,1103
2026-07-27T03:50:00+00:00,64760.56,64770.57,64565.55,64605.56,870
2026-07-27T03:55:00+00:00,64605.56,64675.55,64515.56,64620.55,1165
2026-07-27T04:00:00+00:00,64620.55,64665.57,64560.55,64615.56,1167
2026-07-27T04:05:00+00:00,64615.56,64670.05,64530.55,64585.06,1018
2026-07-27T04:10:00+00:00,64585.06,64645.07,64560.56,64635.55,797
2026-07-27T04:15:00+00:00,64635.55,64695.57,64565.55,64675.56,918
2026-07-27T04:20:00+00:00,64675.56,64825.05,64645.56,64710.55,862
2026-07-27T04:25:00+00:00,64710.55,64770.07,64575.55,64695.57,800
2026-07-27T04:30:00+00:00,64695.57,64760.06,64610.55,64745.56,854
2026-07-27T04:35:00+00:00,64745.56,64860.05,64720.56,64855.57,558
2026-07-27T04:40:00+00:00,64855.57,64920.06,64840.55,64905.07,549
2026-07-27T04:45:00+00:00,64905.07,64935.55,64855.55,64895.55,631
2026-07-27T04:50:00+00:00,64895.55,65000.05,64890.57,64975.57,430
2026-07-27T04:55:00+00:00,64975.57,64985.05,64820.55,64835.07,573
2026-07-27T05:00:00+00:00,64835.07,64905.07,64815.55,64840.57,846
2026-07-27T05:05:00+00:00,64840.57,64875.07,64830.55,64860.55,557
2026-07-27T05:10:00+00:00,64860.55,64920.05,64840.57,64855.55,419
2026-07-27T05:15:00+00:00,64855.55,64905.07,64830.56,64895.05,438
2026-07-27T05:20:00+00:00,64895.05,64930.06,64850.55,64850.56,484
2026-07-27T05:25:00+00:00,64850.56,64895.56,64825.55,64890.55,508
2026-07-27T05:30:00+00:00,64890.55,64950.07,64820.55,64880.07,525
2026-07-27T05:35:00+00:00,64880.07,64930.57,64815.55,64925.07,502
2026-07-27T05:40:00+00:00,64925.07,64940.07,64835.56,64895.55,531
2026-07-27T05:45:00+00:00,64895.55,64915.56,64825.55,64885.56,613
2026-07-27T05:50:00+00:00,64885.56,64925.05,64855.55,64900.56,506
2026-07-27T05:55:00+00:00,64900.56,64915.07,64850.55,64870.55,410
2026-07-27T06:00:00+00:00,64870.55,64970.07,64870.55,64930.55,580
2026-07-27T06:05:00+00:00,64930.55,64960.57,64885.57,64960.56,559
2026-07-27T06:10:00+00:00,64960.56,65055.07,64960.56,65025.57,388
2026-07-27T06:15:00+00:00,65025.57,65070.07,65010.55,65035.57,328
2026-07-27T06:20:00+00:00,65035.57,65040.07,64970.55,65025.55,299
2026-07-27T06:25:00+00:00,65025.55,65115.07,65010.55,65085.05,363
2026-07-27T06:30:00+00:00,65085.05,65165.06,65020.55,65150.57,398
2026-07-27T06:35:00+00:00,65150.57,65185.05,65120.55,65145.56,288
2026-07-27T06:40:00+00:00,65145.56,65180.07,65130.55,65140.57,224
2026-07-27T06:45:00+00:00,65140.57,65152.55,65115.55,65125.56,118
2026-07-27T06:50:00+00:00,65125.56,65125.56,65065.56,65075.05,137
2026-07-27T06:55:00+00:00,65075.05,65100.07,65035.06,65035.06,157
2026-07-27T07:00:00+00:00,65035.06,65155.06,65005.55,65130.55,387
2026-07-27T07:05:00+00:00,65130.55,65130.55,65050.55,65080.55,278
2026-07-27T07:10:00+00:00,65080.55,65155.56,65055.57,65145.57,206
2026-07-27T07:15:00+00:00,65145.57,65180.07,65125.56,65135.55,184
2026-07-27T07:20:00+00:00,65135.55,65150.56,65120.55,65120.57,128
2026-07-27T07:25:00+00:00,65120.57,65130.57,65060.57,65065.56,121
2026-07-27T07:30:00+00:00,65065.56,65070.56,65005.55,65040.55,131
2026-07-27T07:35:00+00:00,65040.55,65060.05,64965.55,64985.06,116
2026-07-27T07:40:00+00:00,64985.06,65020.07,64970.55,65005.57,141
2026-07-27T07:45:00+00:00,65005.57,65065.56,65000.55,65065.56,181
2026-07-27T07:50:00+00:00,65065.56,65065.56,65005.55,65030.55,137
2026-07-27T07:55:00+00:00,65030.55,65070.55,64930.56,64945.55,287
2026-07-27T08:00:00+00:00,64945.55,65080.56,64880.56,65030.55,1421
2026-07-27T08:05:00+00:00,65030.55,65075.57,65000.55,65045.56,800
2026-07-27T08:10:00+00:00,65045.56,65085.57,64970.57,65080.56,646
2026-07-27T08:15:00+00:00,65080.56,65110.07,64980.55,65065.56,410
2026-07-27T08:20:00+00:00,65065.56,65085.06,64980.55,65000.55,459
2026-07-27T08:25:00+00:00,65000.55,65055.57,65000.55,65050.55,390
2026-07-27T08:30:00+00:00,65050.55,65080.07,65010.57,65045.57,370
2026-07-27T08:35:00+00:00,65045.57,65160.07,65035.55,65150.57,421
2026-07-27T08:40:00+00:00,65150.57,65240.07,65150.57,65230.57,469
2026-07-27T08:45:00+00:00,65230.57,65240.06,65135.55,65135.57,381
2026-07-27T08:50:00+00:00,65135.57,65230.07,65120.55,65220.57,352
2026-07-27T08:55:00+00:00,65220.57,65235.07,65195.55,65200.56,335
2026-07-27T09:00:00+00:00,65200.56,65205.07,65130.55,65150.06,286
2026-07-27T09:05:00+00:00,65150.06,65160.07,65110.55,65125.57,277
2026-07-27T09:10:00+00:00,65125.57,65175.06,65125.56,65160.55,249
2026-07-27T09:15:00+00:00,65160.55,65185.07,65140.55,65155.56,199
2026-07-27T09:20:00+00:00,65155.56,65190.05,65140.56,65165.55,212
2026-07-27T09:25:00+00:00,65165.55,65195.07,65135.56,65135.56,272
2026-07-27T09:30:00+00:00,65135.56,65215.06,65125.55,65205.56,274
2026-07-27T09:35:00+00:00,65205.56,65240.07,65195.55,65230.57,289
2026-07-27T09:40:00+00:00,65230.57,65250.07,65210.55,65245.06,156
2026-07-27T09:45:00+00:00,65245.06,65255.07,65215.55,65220.55,205
2026-07-27T09:50:00+00:00,65220.55,65250.05,65210.57,65235.05,156
2026-07-27T09:55:00+00:00,65235.05,65245.07,65210.55,65210.55,180
2026-07-27T10:00:00+00:00,65210.55,65235.07,65200.55,65205.56,187
2026-07-27T10:05:00+00:00,65205.56,65240.07,65200.55,65205.57,165
2026-07-27T10:10:00+00:00,65205.57,65220.06,65165.55,65200.56,315
2026-07-27T10:15:00+00:00,65200.56,65235.07,65180.55,65190.56,183
2026-07-27T10:20:00+00:00,65190.56,65215.07,65175.56,65175.56,120
2026-07-27T10:25:00+00:00,65175.56,65205.06,65170.55,65195.06,143
2026-07-27T10:30:00+00:00,65195.06,65215.07,65170.57,65180.07,129
2026-07-27T10:35:00+00:00,65180.07,65195.06,65170.55,65180.56,91
2026-07-27T10:40:00+00:00,65180.56,65220.06,65155.55,65195.55,151
2026-07-27T10:45:00+00:00,65195.55,65250.07,65185.55,65250.07,128
2026-07-27T10:50:00+00:00,65250.07,65277.57,65245.57,65265.56,110
2026-07-27T10:55:00+00:00,65265.56,65320.07,65255.55,65285.07,193
2026-07-27T11:00:00+00:00,65285.07,65295.06,65195.55,65245.56,293
2026-07-27T11:05:00+00:00,65245.56,65265.07,65215.57,65235.55,235
2026-07-27T11:10:00+00:00,65235.55,65255.55,65195.55,65200.57,244
2026-07-27T11:15:00+00:00,65200.57,65215.07,65135.55,65140.05,250
2026-07-27T11:20:00+00:00,65140.05,65150.07,65090.55,65095.56,235
2026-07-27T11:25:00+00:00,65095.56,65115.07,64970.56,64970.57,285
2026-07-27T11:30:00+00:00,64970.57,65080.07,64970.55,65040.56,548
2026-07-27T11:35:00+00:00,65040.56,65065.07,65020.55,65030.55,219
2026-07-27T11:40:00+00:00,65030.55,65050.07,64980.05,65010.07,304
2026-07-27T11:45:00+00:00,65010.07,65045.07,65000.56,65025.56,188
2026-07-27T11:50:00+00:00,65025.56,65035.07,64985.55,64995.06,163
2026-07-27T11:55:00+00:00,64995.06,65050.07,64995.06,65035.57,221
2026-07-27T12:00:00+00:00,65035.57,65110.07,65035.56,65095.57,323
2026-07-27T12:05:00+00:00,65095.57,65115.07,65070.55,65075.57,180
2026-07-27T12:10:00+00:00,65075.57,65075.57,64915.55,64920.57,592
2026-07-27T12:15:00+00:00,64920.57,64980.07,64915.57,64945.07,341
2026-07-27T12:20:00+00:00,64945.07,64980.07,64920.55,64967.57,295
2026-07-27T12:25:00+00:00,64967.57,65005.06,64955.56,64960.56,120
2026-07-27T12:30:00+00:00,64960.56,65015.07,64945.07,65005.56,263
2026-07-27T12:35:00+00:00,65005.56,65045.07,64990.56,65020.07,240
2026-07-27T12:40:00+00:00,65020.07,65112.57,65015.55,65112.57,254
2026-07-27T12:45:00+00:00,65112.57,65160.07,65100.55,65140.07,180
2026-07-27T12:50:00+00:00,65140.07,65210.07,65095.57,65205.07,283
2026-07-27T12:55:00+00:00,65205.07,65220.07,65160.57,65220.06,219
2026-07-27T13:00:00+00:00,65220.06,65230.07,65145.55,65147.55,354
2026-07-27T13:05:00+00:00,65147.55,65160.06,64995.55,65020.07,353
2026-07-27T13:10:00+00:00,65020.07,65105.07,65015.55,65080.57,245
2026-07-27T13:15:00+00:00,65080.57,65125.06,65040.55,65045.06,188
2026-07-27T13:20:00+00:00,65045.06,65085.07,65040.55,65070.06,220
2026-07-27T13:25:00+00:00,65070.06,65075.07,64900.55,64900.55,429
2026-07-27T13:30:00+00:00,64900.55,64967.55,64705.55,64825.56,2067
2026-07-27T13:35:00+00:00,64825.56,65005.05,64800.55,64920.57,2078
2026-07-27T13:40:00+00:00,64920.57,64935.05,64660.05,64720.07,2287
2026-07-27T13:45:00+00:00,64720.07,64835.06,64645.55,64775.57,2182
2026-07-27T13:50:00+00:00,64775.57,64810.06,64625.55,64635.57,1867
2026-07-27T13:55:00+00:00,64635.57,64640.55,64395.55,64432.57,1721
2026-07-27T14:00:00+00:00,64432.57,64480.07,64310.55,64405.56,2074
2026-07-27T14:05:00+00:00,64405.56,64450.07,64230.55,64295.56,2167
2026-07-27T14:10:00+00:00,64295.56,64305.05,64150.55,64220.07,1878
2026-07-27T14:15:00+00:00,64220.07,64310.06,64170.55,64235.57,1955
2026-07-27T14:20:00+00:00,64235.57,64240.07,64060.55,64110.05,1892
2026-07-27T14:25:00+00:00,64110.05,64110.05,63900.07,63905.56,1765
2026-07-27T14:30:00+00:00,63905.56,63945.07,63830.57,63865.05,2584
2026-07-27T14:35:00+00:00,63865.05,63905.07,63745.56,63795.55,2619
2026-07-27T14:40:00+00:00,63795.55,63810.57,63655.55,63665.55,2475
2026-07-27T14:45:00+00:00,63665.55,63890.06,63665.55,63870.55,2313
2026-07-27T14:50:00+00:00,63870.55,63987.55,63870.55,63930.57,1999
2026-07-27T14:55:00+00:00,63930.57,64075.57,63895.55,64065.06,1761
2026-07-27T15:00:00+00:00,64065.06,64075.05,63940.57,64037.55,1836
2026-07-27T15:05:00+00:00,64037.55,64085.07,63960.56,63980.06,1288
2026-07-27T15:10:00+00:00,63980.06,64020.07,63935.05,63960.05,1235
2026-07-27T15:15:00+00:00,63960.05,63975.05,63755.55,63875.55,1534
2026-07-27T15:20:00+00:00,63875.55,63940.05,63745.55,63770.05,1990
2026-07-27T15:25:00+00:00,63770.05,63785.07,63675.57,63725.57,1581
2026-07-27T15:30:00+00:00,63725.57,63745.07,63600.55,63615.55,1500
2026-07-27T15:35:00+00:00,63615.55,63640.07,63555.55,63615.06,1300
2026-07-27T15:40:00+00:00,63615.06,63657.55,63570.55,63595.06,1341
2026-07-27T15:45:00+00:00,63595.06,63605.07,63515.56,63535.07,1468
2026-07-27T15:50:00+00:00,63535.07,63595.05,63490.56,63550.57,1286
2026-07-27T15:55:00+00:00,63550.57,63635.07,63530.56,63610.55,945
2026-07-27T16:00:00+00:00,63610.55,63680.05,63545.55,63670.57,1048
2026-07-27T16:05:00+00:00,63670.57,63705.57,63620.56,63695.57,990
2026-07-27T16:10:00+00:00,63695.57,63760.06,63585.56,63610.55,994
2026-07-27T16:15:00+00:00,63610.55,63620.07,63535.56,63580.07,1057
2026-07-27T16:20:00+00:00,63580.07,63620.06,63530.07,63595.56,1187
2026-07-27T16:25:00+00:00,63595.56,63895.07,63595.55,63765.05,2498
2026-07-27T16:30:00+00:00,63765.05,63845.07,63725.55,63755.57,1331
2026-07-27T16:35:00+00:00,63755.57,63840.07,63675.56,63780.07,1035
2026-07-27T16:40:00+00:00,63780.07,63785.06,63655.57,63690.05,960
2026-07-27T16:45:00+00:00,63690.05,63755.05,63665.55,63665.55,842
2026-07-27T16:50:00+00:00,63665.55,63670.07,63515.55,63540.05,1081
2026-07-27T16:55:00+00:00,63540.05,63545.05,63480.56,63505.56,912
2026-07-27T17:00:00+00:00,63505.56,63535.07,63395.56,63430.07,966
2026-07-27T17:05:00+00:00,63430.07,63470.06,63385.55,63455.57,839
2026-07-27T17:10:00+00:00,63455.57,63525.06,63430.55,63500.55,696
2026-07-27T17:15:00+00:00,63500.55,63562.56,63487.56,63540.05,995
2026-07-27T17:20:00+00:00,63540.05,63602.57,63525.05,63552.55,944
2026-07-27T17:25:00+00:00,63552.55,63575.07,63495.06,63527.56,891
2026-07-27T17:30:00+00:00,63527.56,63665.07,63520.06,63650.05,887
2026-07-27T17:35:00+00:00,63650.05,63670.06,63595.07,63610.07,916
2026-07-27T17:40:00+00:00,63610.07,63637.55,63575.06,63610.05,932
2026-07-27T17:45:00+00:00,63610.05,63657.55,63570.07,63575.05,854
2026-07-27T17:50:00+00:00,63575.05,63697.55,63567.57,63695.06,1075
2026-07-27T17:55:00+00:00,63695.06,63722.57,63680.06,63720.07,884
2026-07-27T18:00:00+00:00,63720.07,63740.07,63685.06,63695.07,877
2026-07-27T18:05:00+00:00,63695.07,63730.06,63665.55,63670.56,644
2026-07-27T18:10:00+00:00,63670.56,63720.07,63665.56,63690.55,461
2026-07-27T18:15:00+00:00,63690.55,63705.05,63605.57,63630.57,495
2026-07-27T18:20:00+00:00,63630.57,63690.05,63610.56,63680.07,333
2026-07-27T18:25:00+00:00,63680.07,63705.07,63660.56,63695.07,363
2026-07-27T18:30:00+00:00,63695.07,63695.07,63590.55,63605.05,380
2026-07-27T18:35:00+00:00,63605.05,63645.05,63585.55,63595.06,431
2026-07-27T18:40:00+00:00,63595.06,63700.05,63565.55,63665.56,955
2026-07-27T18:45:00+00:00,63665.56,63710.07,63640.56,63640.57,469
2026-07-27T18:50:00+00:00,63640.57,63840.07,63635.57,63820.05,668
2026-07-27T18:55:00+00:00,63820.05,63912.57,63815.55,63902.56,732
2026-07-27T19:00:00+00:00,63902.56,63945.05,63870.55,63900.05,450
2026-07-27T19:05:00+00:00,63900.05,64035.06,63880.05,64010.57,675
2026-07-27T19:10:00+00:00,64010.57,64060.06,63935.56,63972.57,497
2026-07-27T19:15:00+00:00,63972.57,64032.57,63967.55,64017.56,602
2026-07-27T19:20:00+00:00,64017.56,64075.05,63995.57,64052.57,404
2026-07-27T19:25:00+00:00,64052.57,64100.07,64010.57,64095.06,344
2026-07-27T19:30:00+00:00,64095.06,64140.06,64080.06,64100.06,318
2026-07-27T19:35:00+00:00,64100.06,64125.07,64025.55,64045.05,397
2026-07-27T19:40:00+00:00,64045.05,64080.06,64005.55,64020.55,509
2026-07-27T19:45:00+00:00,64020.55,64025.06,63955.55,64010.56,360
2026-07-27T19:50:00+00:00,64010.56,64025.06,63955.55,64005.05,430
2026-07-27T19:55:00+00:00,64005.05,64072.57,63970.56,64060.07,493
2026-07-27T20:00:00+00:00,64060.07,64100.05,64035.55,64055.56,194
2026-07-27T20:05:00+00:00,64055.56,64067.55,64020.55,64065.05,56
2026-07-27T20:10:00+00:00,64065.05,64065.06,64010.55,64050.56,71
2026-07-27T20:15:00+00:00,64050.56,64050.57,64030.55,64030.55,41
2026-07-27T20:20:00+00:00,64030.55,64052.56,64005.55,64015.56,36
2026-07-27T20:25:00+00:00,64015.56,64035.06,63970.56,63975.55,52
2026-07-27T20:30:00+00:00,63975.55,64010.55,63955.55,64005.56,65
2026-07-27T20:35:00+00:00,64005.56,64070.07,64000.56,64035.55,134
2026-07-27T20:40:00+00:00,64035.55,64040.06,64005.57,64005.57,47
2026-07-27T20:45:00+00:00,64005.57,64017.56,63985.55,63985.56,46
2026-07-27T20:50:00+00:00,63985.56,64020.57,63955.55,63985.06,98
2026-07-27T20:55:00+00:00,63985.06,63985.06,63890.57,63900.06,72
2026-07-27T22:00:00+00:00,63900.06,63900.06,63836.88,63871.87,2
2026-07-27T22:05:00+00:00,63871.87,63871.89,63816.87,63836.88,27
2026-07-27T22:10:00+00:00,63836.88,63846.39,63806.87,63806.88,44
2026-07-27T22:15:00+00:00,63806.88,63846.89,63806.88,63836.88,60
2026-07-27T22:20:00+00:00,63836.88,63846.89,63821.87,63821.89,23
2026-07-27T22:25:00+00:00,63821.89,63831.87,63816.87,63821.39,36
2026-07-27T22:30:00+00:00,63821.39,63876.88,63811.89,63876.88,23
2026-07-27T22:35:00+00:00,63876.88,63896.87,63871.87,63871.89,24
2026-07-27T22:40:00+00:00,63871.89,63896.39,63871.89,63886.87,33
2026-07-27T22:45:00+00:00,63886.87,63901.87,63876.87,63896.88,24
2026-07-27T22:50:00+00:00,63896.88,63971.88,63896.87,63911.88,26
2026-07-27T22:55:00+00:00,63911.88,63916.89,63891.88,63906.88,14
2026-07-27T23:00:00+00:00,63906.88,63931.36,63806.869999999995,63836.88,61
2026-07-27T23:05:00+00:00,63836.88,63906.88,63831.86,63866.869999999995,67
2026-07-27T23:10:00+00:00,63866.869999999995,63886.86,63866.869999999995,63871.869999999995,23
2026-07-27T23:15:00+00:00,63871.869999999995,63891.88,63851.88,63886.869999999995,46
2026-07-27T23:20:00+00:00,63886.869999999995,63951.38,63866.86,63941.369999999995,41
2026-07-27T23:25:00+00:00,63941.369999999995,63971.38,63931.86,63941.869999999995,31
2026-07-27T23:30:00+00:00,63941.869999999995,63941.869999999995,63901.86,63921.86,63
2026-07-27T23:35:00+00:00,63921.86,63928.869999999995,63856.869999999995,63903.88,92
2026-07-27T23:40:00+00:00,63903.88,63921.869999999995,63806.86,63836.869999999995,107
2026-07-27T23:45:00+00:00,63836.869999999995,63841.869999999995,63586.86,63651.88,963
2026-07-27T23:50:00+00:00,63651.88,63806.869999999995,63621.88,63786.869999999995,1222
2026-07-27T23:55:00+00:00,63786.869999999995,63796.88,63516.86,63551.869999999995,1104
2026-07-28T00:00:00+00:00,63551.869999999995,63641.88,63391.86,63511.86,3242
2026-07-28T00:05:00+00:00,63511.86,63531.88,63136.869999999995,63141.869999999995,2191
2026-07-28T00:10:00+00:00,63141.869999999995,63206.88,62911.86,63006.88,1973
2026-07-28T00:15:00+00:00,63006.88,63056.88,62746.88,62801.869999999995,3425
2026-07-28T00:20:00+00:00,62801.869999999995,62831.88,62601.86,62646.869999999995,3214
2026-07-28T00:25:00+00:00,62646.869999999995,62651.88,62431.86,62636.86,2149
2026-07-28T00:30:00+00:00,62636.86,62721.38,62356.869999999995,62651.86,3004
2026-07-28T00:35:00+00:00,62651.86,62791.88,62566.86,62606.88,3882
2026-07-28T00:40:00+00:00,62606.88,62696.369999999995,62516.86,62641.88,2299
2026-07-28T00:45:00+00:00,62641.88,62641.88,62311.86,62391.88,1997
2026-07-28T00:50:00+00:00,62391.88,62396.88,62246.86,62246.86,1308
2026-07-28T00:55:00+00:00,62246.86,62361.88,62211.86,62336.86,1132
2026-07-28T01:00:00+00:00,62336.86,62541.369999999995,62251.869999999995,62421.86,1952
2026-07-28T01:05:00+00:00,62421.86,62461.88,62236.86,62271.88,1900
2026-07-28T01:10:00+00:00,62271.88,62381.88,62191.86,62326.88,1731
2026-07-28T01:15:00+00:00,62326.88,62346.88,62206.86,62271.88,1770
2026-07-28T01:20:00+00:00,62271.88,62451.88,62226.86,62406.869999999995,1525
2026-07-28T01:25:00+00:00,62406.869999999995,62526.36,62326.86,62456.88,1161
2026-07-28T01:30:00+00:00,62456.88,62556.88,62436.86,62541.869999999995,1514
2026-07-28T01:35:00+00:00,62541.869999999995,62581.869999999995,62421.869999999995,62441.86,1282
2026-07-28T01:40:00+00:00,62441.86,62576.36,62421.86,62551.869999999995,1223
2026-07-28T01:45:00+00:00,62551.869999999995,62611.88,62471.86,62541.869999999995,1601
2026-07-28T01:50:00+00:00,62541.869999999995,62551.36,62261.86,62296.869999999995,1532
2026-07-28T01:55:00+00:00,62296.869999999995,62331.88,62201.86,62206.88,908
2026-07-28T02:00:00+00:00,62206.88,62226.88,62081.869999999995,62106.88,1000
2026-07-28T02:05:00+00:00,62106.88,62161.869999999995,62081.86,62131.88,1369
2026-07-28T02:10:00+00:00,62131.88,62181.88,62051.86,62081.88,995
2026-07-28T02:15:00+00:00,62081.88,62171.36,62011.86,62151.88,1041
2026-07-28T02:20:00+00:00,62151.88,62256.38,62141.88,62206.869999999995,1288
2026-07-28T02:25:00+00:00,62206.869999999995,62211.88,62081.86,62161.88,1206
2026-07-28T02:30:00+00:00,62161.88,62206.36,62091.869999999995,62191.869999999995,948
2026-07-28T02:35:00+00:00,62191.869999999995,62216.88,62111.88,62141.869999999995,925
2026-07-28T02:40:00+00:00,62141.869999999995,62156.869999999995,62086.86,62146.869999999995,825
2026-07-28T02:45:00+00:00,62146.869999999995,62196.88,62096.86,62186.88,669
2026-07-28T02:50:00+00:00,62186.88,62276.88,62141.86,62211.869999999995,877
2026-07-28T02:55:00+00:00,62211.869999999995,62226.86,62161.86,62206.86,515
2026-07-28T03:00:00+00:00,62206.86,62226.869999999995,62081.869999999995,62111.86,535
2026-07-28T03:05:00+00:00,62111.86,62153.88,62091.86,62106.88,549
2026-07-28T03:10:00+00:00,62106.88,62211.369999999995,62061.869999999995,62166.86,549
2026-07-28T03:15:00+00:00,62166.86,62341.88,62146.869999999995,62331.869999999995,779
2026-07-28T03:20:00+00:00,62331.869999999995,62478.88,62331.869999999995,62446.869999999995,878
2026-07-28T03:25:00+00:00,62446.869999999995,62486.88,62226.86,62271.869999999995,956
2026-07-28T03:30:00+00:00,62271.869999999995,62331.88,62011.86,62321.86,2184
2026-07-28T03:35:00+00:00,62321.86,62556.869999999995,62291.88,62511.86,1891
2026-07-28T03:40:00+00:00,62511.86,62591.88,62436.86,62556.88,1581
2026-07-28T03:45:00+00:00,62556.88,62636.88,62531.86,62636.38,1392
2026-07-28T03:50:00+00:00,62636.38,62651.88,62506.86,62546.869999999995,1352
2026-07-28T03:55:00+00:00,62546.869999999995,62571.869999999995,62466.869999999995,62536.869999999995,1312
2026-07-28T04:00:00+00:00,62536.869999999995,62536.88,62406.86,62406.869999999995,1552
2026-07-28T04:05:00+00:00,62406.869999999995,62456.88,62351.86,62361.36,1116
2026-07-28T04:10:00+00:00,62361.36,62376.88,62261.869999999995,62266.88,658
2026-07-28T04:15:00+00:00,62266.88,62471.869999999995,62261.86,62466.869999999995,1036
2026-07-28T04:20:00+00:00,62466.869999999995,62481.36,62346.869999999995,62401.86,785
2026-07-28T04:25:00+00:00,62401.86,62496.38,62366.88,62466.86,652
2026-07-28T04:30:00+00:00,62466.86,62526.88,62426.86,62501.86,826
2026-07-28T04:35:00+00:00,62501.86,62551.88,62451.86,62516.88,742
2026-07-28T04:40:00+00:00,62516.88,62541.88,62456.86,62511.86,1070
2026-07-28T04:45:00+00:00,62511.86,62596.86,62476.869999999995,62521.86,1021
2026-07-28T04:50:00+00:00,62521.86,62556.88,62466.86,62511.869999999995,594
2026-07-28T04:55:00+00:00,62511.869999999995,62536.88,62431.86,62441.88,514
2026-07-28T05:00:00+00:00,62441.88,62561.369999999995,62411.86,62496.869999999995,1247
2026-07-28T05:05:00+00:00,62496.869999999995,62501.88,62411.86,62486.869999999995,982
2026-07-28T05:10:00+00:00,62486.869999999995,62501.869999999995,62396.88,62416.86,768
2026-07-28T05:15:00+00:00,62416.86,62476.869999999995,62376.869999999995,62381.86,690
2026-07-28T05:20:00+00:00,62381.86,62396.88,62311.88,62316.88,927
2026-07-28T05:25:00+00:00,62316.88,62351.88,62266.86,62331.88,651
2026-07-28T05:30:00+00:00,62331.88,62346.869999999995,62176.86,62176.88,902
2026-07-28T05:35:00+00:00,62176.88,62296.869999999995,62156.86,62281.86,778
2026-07-28T05:40:00+00:00,62281.86,62281.869999999995,62161.86,62206.86,880
2026-07-28T05:45:00+00:00,62206.86,62241.38,62161.869999999995,62221.86,706
2026-07-28T05:50:00+00:00,62221.86,62341.369999999995,62206.86,62306.869999999995,710
2026-07-28T05:55:00+00:00,62306.869999999995,62346.38,62211.86,62246.869999999995,684
2026-07-28T06:00:00+00:00,62246.869999999995,62326.369999999995,62161.86,62176.86,1226
2026-07-28T06:05:00+00:00,62176.86,62261.36,62156.86,62261.36,753
2026-07-28T06:10:00+00:00,62261.36,62276.88,62181.86,62261.88,876
2026-07-28T06:15:00+00:00,62261.88,62441.869999999995,62246.86,62416.869999999995,804
2026-07-28T06:20:00+00:00,62416.869999999995,62473.869999999995,62311.86,62386.86,634
2026-07-28T06:25:00+00:00,62386.86,62486.88,62381.86,62436.88,1082
2026-07-28T06:30:00+00:00,62436.88,62511.38,62391.86,62406.88,1299
2026-07-28T06:35:00+00:00,62406.88,62541.36,62406.88,62526.36,746
2026-07-28T06:40:00+00:00,62526.36,62561.36,62426.869999999995,62426.88,410
2026-07-28T06:45:00+00:00,62426.88,62426.88,62346.869999999995,62416.88,308
2026-07-28T06:50:00+00:00,62416.88,62491.88,62366.869999999995,62491.88,271
2026-07-28T06:55:00+00:00,62491.88,62571.369999999995,62461.86,62511.88,256
2026-07-28T07:00:00+00:00,62511.88,62616.38,62511.88,62531.88,551
2026-07-28T07:05:00+00:00,62531.88,62616.88,62501.86,62586.88,419
2026-07-28T07:10:00+00:00,62586.88,62626.88,62556.869999999995,62616.869999999995,528
2026-07-28T07:15:00+00:00,62616.869999999995,62656.869999999995,62601.88,62606.869999999995,340
2026-07-28T07:20:00+00:00,62606.869999999995,62686.38,62596.869999999995,62651.86,255
2026-07-28T07:25:00+00:00,62651.86,62673.869999999995,62476.86,62501.88,452
2026-07-28T07:30:00+00:00,62501.88,62556.36,62481.869999999995,62531.869999999995,370
2026-07-28T07:35:00+00:00,62531.869999999995,62566.88,62451.86,62551.869999999995,361
2026-07-28T07:40:00+00:00,62551.869999999995,62601.36,62526.86,62536.86,215
2026-07-28T07:45:00+00:00,62536.86,62536.869999999995,62451.86,62466.88,278
2026-07-28T07:50:00+00:00,62466.88,62586.38,62431.869999999995,62551.869999999995,435
2026-07-28T07:55:00+00:00,62551.869999999995,62576.369999999995,62486.86,62501.38,267
2026-07-28T08:00:00+00:00,62501.38,62531.369999999995,62286.86,62486.869999999995,1822
2026-07-28T08:05:00+00:00,62486.869999999995,62523.86,62366.88,62381.869999999995,927
2026-07-28T08:10:00+00:00,62381.869999999995,62381.869999999995,62216.86,62286.869999999995,954
2026-07-28T08:15:00+00:00,62286.869999999995,62636.369999999995,62276.86,62551.88,1542
2026-07-28T08:20:00+00:00,62551.88,62686.88,62516.869999999995,62661.86,1617
2026-07-28T08:25:00+00:00,62661.86,62671.36,62596.869999999995,62631.86,1011
2026-07-28T08:30:00+00:00,62631.86,62713.869999999995,62551.86,62701.88,919
2026-07-28T08:35:00+00:00,62701.88,62736.36,62646.86,62721.88,863
2026-07-28T08:40:00+00:00,62721.88,62796.369999999995,62721.86,62786.38,542
2026-07-28T08:45:00+00:00,62786.38,62811.38,62711.86,62711.88,600
2026-07-28T08:50:00+00:00,62711.88,62771.38,62711.86,62756.869999999995,508
2026-07-28T08:55:00+00:00,62756.869999999995,62766.38,62681.86,62706.88,417
2026-07-28T09:00:00+00:00,62706.88,62721.369999999995,62661.88,62686.38,600
2026-07-28T09:05:00+00:00,62686.38,62701.88,62641.86,62651.36,359
2026-07-28T09:10:00+00:00,62651.36,62681.38,62596.86,62616.86,492
2026-07-28T09:15:00+00:00,62616.86,62646.38,62581.88,62646.38,448
2026-07-28T09:20:00+00:00,62646.38,62666.369999999995,62616.86,62651.88,379
2026-07-28T09:25:00+00:00,62651.88,62711.38,62636.88,62706.86,337
2026-07-28T09:30:00+00:00,62706.86,62706.86,62616.86,62626.88,410
2026-07-28T09:35:00+00:00,62626.88,62631.38,62566.86,62591.869999999995,410
2026-07-28T09:40:00+00:00,62591.869999999995,62626.369999999995,62551.869999999995,62566.369999999995,298
2026-07-28T09:45:00+00:00,62566.369999999995,62603.86,62541.86,62586.36,267
2026-07-28T09:50:00+00:00,62586.36,62601.38,62486.86,62496.88,294
2026-07-28T09:55:00+00:00,62496.88,62528.88,62461.86,62523.88,348
2026-07-28T10:00:00+00:00,62523.88,62523.88,62466.88,62491.86,350
2026-07-28T10:05:00+00:00,62491.86,62526.369999999995,62461.88,62496.369999999995,329
2026-07-28T10:10:00+00:00,62496.369999999995,62521.88,62446.86,62466.369999999995,340
2026-07-28T10:15:00+00:00,62466.369999999995,62501.38,62446.86,62496.86,334
2026-07-28T10:20:00+00:00,62496.86,62501.38,62426.869999999995,62441.86,385
2026-07-28T10:25:00+00:00,62441.86,62526.369999999995,62411.86,62516.869999999995,365
2026-07-28T10:30:00+00:00,62516.869999999995,62546.38,62446.38,62446.38,515
2026-07-28T10:35:00+00:00,62446.38,62461.38,62366.88,62376.88,804
2026-07-28T10:40:00+00:00,62376.88,62396.38,62341.86,62386.869999999995,498
2026-07-28T10:45:00+00:00,62386.869999999995,62431.369999999995,62376.86,62376.88,381
2026-07-28T10:50:00+00:00,62376.88,62426.38,62371.86,62426.38,329
2026-07-28T10:55:00+00:00,62426.38,62451.38,62401.86,62451.36,372
2026-07-28T11:00:00+00:00,62451.36,62471.38,62261.86,62266.869999999995,983
2026-07-28T11:05:00+00:00,62266.869999999995,62308.869999999995,62211.86,62216.869999999995,647
2026-07-28T11:10:00+00:00,62216.869999999995,62236.36,62166.86,62171.88,647
2026-07-28T11:15:00+00:00,62171.88,62386.38,62171.869999999995,62371.869999999995,1216
2026-07-28T11:20:00+00:00,62371.869999999995,62391.88,62281.86,62286.36,605
2026-07-28T11:25:00+00:00,62286.36,62291.38,62196.86,62216.36,461
2026-07-28T11:30:00+00:00,62216.36,62226.86,62161.869999999995,62171.369999999995,651
2026-07-28T11:35:00+00:00,62171.369999999995,62316.869999999995,62151.86,62151.88,692
2026-07-28T11:40:00+00:00,62151.88,62181.38,62086.86,62181.36,532
2026-07-28T11:45:00+00:00,62181.36,62281.369999999995,62151.86,62256.36,509
2026-07-28T11:50:00+00:00,62256.36,62356.36,62231.86,62348.88,485
2026-07-28T11:55:00+00:00,62348.88,62481.38,62346.86,62456.88,516
2026-07-28T12:00:00+00:00,62456.88,62621.369999999995,62456.86,62591.86,666
2026-07-28T12:05:00+00:00,62591.86,62631.369999999995,62496.88,62511.38,647
2026-07-28T12:10:00+00:00,62511.38,62526.369999999995,62471.86,62506.369999999995,454
2026-07-28T12:15:00+00:00,62506.369999999995,62521.86,62446.88,62486.86,487
2026-07-28T12:20:00+00:00,62486.86,62531.38,62456.86,62516.88,520
2026-07-28T12:25:00+00:00,62516.88,62581.88,62496.86,62556.86,631
2026-07-28T12:30:00+00:00,62556.86,62591.869999999995,62481.88,62486.86,881
2026-07-28T12:35:00+00:00,62486.86,62551.369999999995,62446.86,62456.369999999995,581
2026-07-28T12:40:00+00:00,62456.369999999995,62551.869999999995,62446.86,62536.88,675
2026-07-28T12:45:00+00:00,62536.88,62601.38,62526.86,62546.869999999995,645
2026-07-28T12:50:00+00:00,62546.869999999995,62586.38,62476.86,62566.86,698
2026-07-28T12:55:00+00:00,62566.86,62591.38,62506.86,62516.36,466
2026-07-28T13:00:00+00:00,62516.36,62531.36,62451.86,62451.869999999995,665
2026-07-28T13:05:00+00:00,62451.869999999995,62541.38,62441.86,62526.369999999995,507
2026-07-28T13:10:00+00:00,62526.369999999995,62526.369999999995,62446.88,62461.36,507
2026-07-28T13:15:00+00:00,62461.36,62501.38,62421.869999999995,62441.86,529
2026-07-28T13:20:00+00:00,62441.86,62486.38,62396.86,62421.36,482
2026-07-28T13:25:00+00:00,62421.36,62421.36,62316.86,62376.86,749
2026-07-28T13:30:00+00:00,62376.86,62466.369999999995,62301.86,62351.88,2732
2026-07-28T13:35:00+00:00,62351.88,62431.36,62176.86,62191.38,2629
2026-07-28T13:40:00+00:00,62191.38,62306.88,62166.369999999995,62246.88,2190
2026-07-28T13:45:00+00:00,62246.88,62321.869999999995,62066.869999999995,62321.36,2501
2026-07-28T13:50:00+00:00,62321.36,62386.36,62126.86,62191.88,3339
2026-07-28T13:55:00+00:00,62191.88,62256.38,62106.869999999995,62141.86,2012
2026-07-28T14:00:00+00:00,62141.86,62241.869999999995,62121.88,62186.88,2663
2026-07-28T14:05:00+00:00,62186.88,62326.38,62126.869999999995,62156.86,2651
2026-07-28T14:10:00+00:00,62156.86,62276.38,62051.86,62086.86,2401
2026-07-28T14:15:00+00:00,62086.86,62146.88,61966.86,61971.88,2324
2026-07-28T14:20:00+00:00,61971.88,62201.38,61926.869999999995,62121.36,2793
2026-07-28T14:25:00+00:00,62121.36,62271.369999999995,62081.86,62266.369999999995,2677
2026-07-28T14:30:00+00:00,62266.369999999995,62286.369999999995,62176.86,62181.869999999995,2412
2026-07-28T14:35:00+00:00,62181.869999999995,62401.36,62176.869999999995,62291.88,2056
2026-07-28T14:40:00+00:00,62291.88,62476.38,62286.86,62426.369999999995,1913
2026-07-28T14:45:00+00:00,62426.369999999995,62516.36,62351.86,62511.38,1610
2026-07-28T14:50:00+00:00,62511.38,62581.36,62471.869999999995,62481.869999999995,1378
2026-07-28T14:55:00+00:00,62481.869999999995,62536.38,62406.86,62421.36,1531
2026-07-28T15:00:00+00:00,62421.36,62491.38,62376.86,62386.369999999995,1558
2026-07-28T15:05:00+00:00,62386.369999999995,62436.38,62331.86,62426.36,1570
2026-07-28T15:10:00+00:00,62426.36,62571.38,62391.86,62511.86,1452
2026-07-28T15:15:00+00:00,62511.86,62646.869999999995,62481.88,62643.86,813
2026-07-28T15:20:00+00:00,62643.86,62758.86,62636.86,62736.36,880
2026-07-28T15:25:00+00:00,62736.36,62806.38,62681.869999999995,62711.88,733
2026-07-28T15:30:00+00:00,62711.88,62776.36,62676.86,62676.88,1150
2026-07-28T15:35:00+00:00,62676.88,62756.38,62671.86,62726.88,1242
2026-07-28T15:40:00+00:00,62726.88,62823.88,62691.869999999995,62816.36,968
2026-07-28T15:45:00+00:00,62816.36,62901.369999999995,62806.86,62881.369999999995,753
2026-07-28T15:50:00+00:00,62881.369999999995,62973.869999999995,62831.869999999995,62958.869999999995,1000
2026-07-28T15:55:00+00:00,62958.869999999995,62981.86,62896.88,62926.869999999995,726
2026-07-28T16:00:00+00:00,62926.869999999995,62986.36,62881.86,62901.88,933
2026-07-28T16:05:00+00:00,62901.88,62946.369999999995,62826.86,62841.369999999995,716
2026-07-28T16:10:00+00:00,62841.369999999995,62881.38,62811.88,62826.869999999995,784
2026-07-28T16:15:00+00:00,62826.869999999995,62881.38,62781.86,62881.38,703
2026-07-28T16:20:00+00:00,62881.38,62906.38,62821.86,62861.869999999995,510
2026-07-28T16:25:00+00:00,62861.869999999995,62896.38,62841.86,62851.88,520
2026-07-28T16:30:00+00:00,62851.88,62851.88,62766.86,62811.369999999995,656
2026-07-28T16:35:00+00:00,62811.369999999995,62861.369999999995,62776.869999999995,62856.869999999995,625
2026-07-28T16:40:00+00:00,62856.869999999995,62881.36,62826.86,62861.38,780
2026-07-28T16:45:00+00:00,62861.38,62881.369999999995,62771.86,62801.369999999995,628
2026-07-28T16:50:00+00:00,62801.369999999995,62911.38,62796.869999999995,62881.869999999995,534
2026-07-28T16:55:00+00:00,62881.869999999995,62903.869999999995,62856.869999999995,62861.88,382
2026-07-28T17:00:00+00:00,62861.88,62891.38,62776.86,62776.869999999995,623
2026-07-28T17:05:00+00:00,62776.869999999995,62801.369999999995,62696.86,62706.369999999995,871
2026-07-28T17:10:00+00:00,62706.369999999995,62731.369999999995,62656.869999999995,62676.88,944
2026-07-28T17:15:00+00:00,62676.88,62701.38,62651.86,62691.38,432
2026-07-28T17:20:00+00:00,62691.38,62836.36,62666.86,62666.869999999995,822
2026-07-28T17:25:00+00:00,62666.869999999995,62721.38,62651.869999999995,62656.88,554
2026-07-28T17:30:00+00:00,62656.88,62736.369999999995,62646.86,62711.86,582
2026-07-28T17:35:00+00:00,62711.86,62741.36,62641.86,62646.869999999995,456
2026-07-28T17:40:00+00:00,62646.869999999995,62673.869999999995,62571.86,62571.86,581
2026-07-28T17:45:00+00:00,62571.86,62621.369999999995,62526.869999999995,62606.86,549
2026-07-28T17:50:00+00:00,62606.86,62611.36,62496.869999999995,62501.869999999995,363
2026-07-28T17:55:00+00:00,62501.869999999995,62563.86,62476.88,62561.369999999995,378
2026-07-28T18:00:00+00:00,62561.369999999995,62616.38,62541.86,62581.88,740
2026-07-28T18:05:00+00:00,62581.88,62591.38,62521.88,62536.38,534
2026-07-28T18:10:00+00:00,62536.38,62543.86,62466.86,62471.38,710
2026-07-28T18:15:00+00:00,62471.38,62511.38,62461.88,62476.88,543
2026-07-28T18:20:00+00:00,62476.88,62511.369999999995,62451.86,62456.38,520
2026-07-28T18:25:00+00:00,62456.38,62471.38,62423.86,62453.86,790
2026-07-28T18:30:00+00:00,62453.86,62523.88,62441.869999999995,62491.369999999995,832
2026-07-28T18:35:00+00:00,62491.369999999995,62523.88,62471.86,62481.38,708
2026-07-28T18:40:00+00:00,62481.38,62491.369999999995,62446.369999999995,62476.369999999995,667
2026-07-28T18:45:00+00:00,62476.369999999995,62551.36,62451.88,62496.38,717
2026-07-28T18:50:00+00:00,62496.38,62538.88,62461.36,62476.369999999995,604
2026-07-28T18:55:00+00:00,62476.369999999995,62531.38,62453.86,62523.86,522
2026-07-28T19:00:00+00:00,62523.86,62636.36,62523.86,62631.369999999995,610
2026-07-28T19:05:00+00:00,62631.369999999995,62651.38,62556.869999999995,62566.38,581
2026-07-28T19:10:00+00:00,62566.38,62601.369999999995,62551.86,62586.36,448
2026-07-28T19:15:00+00:00,62586.36,62633.88,62551.369999999995,62631.369999999995,638
2026-07-28T19:20:00+00:00,62631.369999999995,62703.86,62606.869999999995,62698.86,541
2026-07-28T19:25:00+00:00,62698.86,62701.38,62636.36,62691.36,577
2026-07-28T19:30:00+00:00,62691.36,62721.38,62673.86,62693.88,571
2026-07-28T19:35:00+00:00,62693.88,62693.88,62551.36,62563.88,610
2026-07-28T19:40:00+00:00,62563.88,62588.88,62543.869999999995,62578.88,496
2026-07-28T19:45:00+00:00,62578.88,62588.88,62533.869999999995,62583.869999999995,554
2026-07-28T19:50:00+00:00,62583.869999999995,62626.38,62541.36,62616.36,698
2026-07-28T19:55:00+00:00,62616.36,62616.36,62523.869999999995,62541.369999999995,1029
2026-07-28T20:00:00+00:00,62541.369999999995,62566.36,62476.86,62491.86,319
2026-07-28T20:05:00+00:00,62491.86,62563.88,62416.86,62436.36,478
2026-07-28T20:10:00+00:00,62436.36,62481.38,62411.86,62436.38,218
2026-07-28T20:15:00+00:00,62436.38,62466.88,62401.869999999995,62466.88,182
2026-07-28T20:20:00+00:00,62466.88,62526.36,62461.86,62526.36,104
2026-07-28T20:25:00+00:00,62526.36,62616.369999999995,62516.86,62591.369999999995,153
2026-07-28T20:30:00+00:00,62591.369999999995,62591.38,62516.869999999995,62521.38,70
2026-07-28T20:35:00+00:00,62521.38,62556.38,62496.36,62526.86,180
2026-07-28T20:40:00+00:00,62526.86,62533.88,62451.869999999995,62493.869999999995,209
2026-07-28T20:45:00+00:00,62493.869999999995,62521.36,62481.88,62496.36,50
2026-07-28T20:50:00+00:00,62496.36,62496.369999999995,62441.86,62441.88,276
2026-07-28T20:55:00+00:00,62441.88,62446.38,62411.86,62421.38,119
2026-07-28T22:00:00+00:00,62416.39,62516.9,62416.39,62516.9,8
2026-07-28T22:05:00+00:00,62516.9,62616.92,62516.9,62616.92,12
2026-07-28T22:10:00+00:00,62616.92,62641.92,62511.92,62526.9,42
2026-07-28T22:15:00+00:00,62526.9,62536.92,62476.9,62476.9,24
2026-07-28T22:20:00+00:00,62476.9,62476.9,62431.91,62436.91,18
2026-07-28T22:25:00+00:00,62436.91,62476.9,62371.91,62396.9,95
2026-07-28T22:30:00+00:00,62396.9,62446.92,62291.92,62336.92,89
2026-07-28T22:35:00+00:00,62336.92,62351.92,62276.92,62276.92,27
2026-07-28T22:40:00+00:00,62276.92,62331.91,62191.91,62241.91,59
2026-07-28T22:45:00+00:00,62241.91,62251.92,62151.9,62151.92,95
2026-07-28T22:50:00+00:00,62151.92,62216.91,62051.92,62141.9,84
2026-07-28T22:55:00+00:00,62141.9,62183.9,62051.9,62051.91,29
2026-07-28T23:00:00+00:00,62051.91,62081.4,62026.91,62071.91,35
2026-07-28T23:05:00+00:00,62071.91,62173.91,62031.91,62036.9,24
2026-07-28T23:10:00+00:00,62036.9,62221.92,62031.9,62196.91,72
2026-07-28T23:15:00+00:00,62196.91,62211.91,62116.91,62126.9,48
2026-07-28T23:20:00+00:00,62126.9,62336.4,62101.9,62286.91,92
2026-07-28T23:25:00+00:00,62286.91,62311.91,62231.9,62266.91,90
2026-07-28T23:30:00+00:00,62266.91,62391.41,62206.91,62346.91,140
2026-07-28T23:35:00+00:00,62346.91,62428.9,62291.92,62396.91,163
2026-07-28T23:40:00+00:00,62396.91,62581.92,62341.91,62576.92,342
2026-07-28T23:45:00+00:00,62576.92,62956.9,62516.9,62931.91,1561
2026-07-28T23:50:00+00:00,62931.91,62941.92,62756.9,62836.9,889
2026-07-28T23:55:00+00:00,62836.9,62851.92,62636.91,62801.92,1401
2026-07-29T00:00:00+00:00,62801.92,62961.42,62501.9,62961.42,4202
2026-07-29T00:05:00+00:00,62961.42,63201.4,62911.91,63106.92,2187
2026-07-29T00:10:00+00:00,63106.92,63136.4,62901.9,62906.9,2173
2026-07-29T00:15:00+00:00,62906.9,63206.41,62751.92,63186.91,3494
2026-07-29T00:20:00+00:00,63186.91,63251.91,62851.9,62901.91,3206
2026-07-29T00:25:00+00:00,62901.91,62916.92,62681.91,62796.91,2712
2026-07-29T00:30:00+00:00,62796.91,62893.9,62626.91,62696.91,2833
2026-07-29T00:35:00+00:00,62696.91,62931.42,62631.9,62921.91,2315
2026-07-29T00:40:00+00:00,62921.91,62996.41,62786.91,62916.91,1933
2026-07-29T00:45:00+00:00,62916.91,62966.41,62756.9,62796.91,1989
2026-07-29T00:50:00+00:00,62796.91,62861.92,62731.9,62776.92,1991
2026-07-29T00:55:00+00:00,62776.92,62781.41,62456.9,62516.4,1920
2026-07-29T01:00:00+00:00,62516.4,62661.91,62426.92,62651.91,2617
2026-07-29T01:05:00+00:00,62651.91,62716.91,62346.9,62366.91,2507
2026-07-29T01:10:00+00:00,62366.91,62401.4,62131.91,62176.9,2198
2026-07-29T01:15:00+00:00,62176.9,62186.41,61991.91,62126.92,2634
2026-07-29T01:20:00+00:00,62126.92,62451.4,62126.9,62401.91,2537
2026-07-29T01:25:00+00:00,62401.91,62521.9,62361.91,62521.9,2340
2026-07-29T01:30:00+00:00,62521.9,62551.41,62301.9,62411.91,3539
2026-07-29T01:35:00+00:00,62411.91,62461.92,62316.9,62316.92,2838
2026-07-29T01:40:00+00:00,62316.92,62346.42,62091.9,62166.91,2368
2026-07-29T01:45:00+00:00,62166.91,62201.42,61926.9,61931.9,2461
2026-07-29T01:50:00+00:00,61931.9,61931.9,61616.9,61661.9,2181
2026-07-29T01:55:00+00:00,61661.9,61696.4,61401.9,61421.9,2263
2026-07-29T02:00:00+00:00,61421.9,61671.91,61286.9,61556.91,3981
2026-07-29T02:05:00+00:00,61556.91,61676.9,61431.9,61531.92,3491
2026-07-29T02:10:00+00:00,61531.92,61686.41,61511.91,61606.91,2945
2026-07-29T02:15:00+00:00,61606.91,61636.92,61361.9,61406.9,2512
2026-07-29T02:20:00+00:00,61406.9,61711.91,61341.9,61571.9,2464
2026-07-29T02:25:00+00:00,61571.9,61786.9,61531.9,61786.9,2213
2026-07-29T02:30:00+00:00,61786.9,61866.42,61686.9,61731.91,1993
2026-07-29T02:35:00+00:00,61731.91,61736.92,61561.9,61701.91,1461
2026-07-29T02:40:00+00:00,61701.91,61726.91,61566.9,61591.91,1421
2026-07-29T02:45:00+00:00,61591.91,61651.4,61441.9,61446.9,1064
2026-07-29T02:50:00+00:00,61446.9,61561.92,61366.9,61426.91,1035
2026-07-29T02:55:00+00:00,61426.91,61456.42,61361.9,61386.91,1120
2026-07-29T03:00:00+00:00,61386.91,61411.42,61196.92,61306.42,1134
2026-07-29T03:05:00+00:00,61306.42,61611.91,61281.91,61596.42,1392
2026-07-29T03:10:00+00:00,61596.42,61651.92,61336.9,61366.91,1690
2026-07-29T03:15:00+00:00,61366.91,61391.41,61266.9,61276.91,790
2026-07-29T03:20:00+00:00,61276.91,61381.42,61156.9,61211.92,904
2026-07-29T03:25:00+00:00,61211.92,61236.92,61141.91,61146.92,993
2026-07-29T03:30:00+00:00,61146.92,61206.42,61036.9,61176.91,2249
2026-07-29T03:35:00+00:00,61176.91,61211.92,60981.9,61006.91,1661
2026-07-29T03:40:00+00:00,61006.91,61196.92,60886.9,61196.9,1284
2026-07-29T03:45:00+00:00,61196.9,61233.92,61056.91,61071.4,1169
2026-07-29T03:50:00+00:00,61071.4,61071.91,60861.91,60876.92,876
2026-07-29T03:55:00+00:00,60876.92,60881.92,60811.91,60871.92,567
2026-07-29T04:00:00+00:00,60871.92,60921.42,60731.91,60781.9,770
2026-07-29T04:05:00+00:00,60781.9,60866.92,60701.9,60856.91,1028
2026-07-29T04:10:00+00:00,60856.91,60866.4,60706.92,60751.92,1384
2026-07-29T04:15:00+00:00,60751.92,60781.92,60616.9,60726.92,1331
2026-07-29T04:20:00+00:00,60726.92,60856.41,60651.91,60816.91,1868
2026-07-29T04:25:00+00:00,60816.91,60846.41,60651.91,60686.92,1703
2026-07-29T04:30:00+00:00,60686.92,60741.9,60576.91,60601.92,1400
2026-07-29T04:35:00+00:00,60601.92,60791.92,60601.9,60721.9,1832
2026-07-29T04:40:00+00:00,60721.9,60721.91,60546.9,60546.9,1421
2026-07-29T04:45:00+00:00,60546.9,60796.9,60521.9,60791.42,1499
2026-07-29T04:50:00+00:00,60791.42,61101.91,60786.4,61081.92,2064
2026-07-29T04:55:00+00:00,61081.92,61341.92,61081.9,61316.92,1994
2026-07-29T05:00:00+00:00,61316.92,61371.91,61196.92,61226.9,2439
2026-07-29T05:05:00+00:00,61226.9,61401.41,61096.9,61351.92,2143
2026-07-29T05:10:00+00:00,61351.92,61416.91,61316.9,61401.92,1497
2026-07-29T05:15:00+00:00,61401.92,61401.92,61091.91,61151.91,1597
2026-07-29T05:20:00+00:00,61151.91,61246.92,61101.9,61231.4,1643
2026-07-29T05:25:00+00:00,61231.4,61451.4,61216.91,61398.9,1432
2026-07-29T05:30:00+00:00,61398.9,61471.41,61306.91,61451.92,1984
2026-07-29T05:35:00+00:00,61451.92,61521.41,61411.9,61471.91,1461
2026-07-29T05:40:00+00:00,61471.91,61471.91,61341.92,61416.91,1777
2026-07-29T05:45:00+00:00,61416.91,61586.4,61366.91,61381.91,1788
2026-07-29T05:50:00+00:00,61381.91,61436.92,61241.9,61431.92,1800
2026-07-29T05:55:00+00:00,61431.92,61456.9,61361.92,61366.92,1281
2026-07-29T06:00:00+00:00,61366.92,61406.91,61221.91,61231.91,1775
2026-07-29T06:05:00+00:00,61231.91,61236.4,61086.9,61096.91,1451
2026-07-29T06:10:00+00:00,61096.91,61271.42,61036.9,61231.91,1387
2026-07-29T06:15:00+00:00,61231.91,61411.92,61206.91,61371.9,1313
2026-07-29T06:20:00+00:00,61371.9,61491.92,61321.91,61476.92,1139
2026-07-29T06:25:00+00:00,61476.92,61636.41,61476.92,61566.9,1343
2026-07-29T06:30:00+00:00,61566.9,62111.41,61566.9,62066.91,1577
2026-07-29T06:35:00+00:00,62066.91,62166.4,62056.9,62151.91,800
2026-07-29T06:40:00+00:00,62151.91,62406.41,62111.9,62331.91,513
2026-07-29T06:45:00+00:00,62331.91,62506.42,62266.42,62461.91,651
2026-07-29T06:50:00+00:00,62461.91,62511.91,62406.9,62451.91,318
2026-07-29T06:55:00+00:00,62451.91,62461.92,62411.91,62426.9,276
2026-07-29T07:00:00+00:00,62426.9,62461.91,62301.9,62411.92,639
2026-07-29T07:05:00+00:00,62411.92,62491.9,62351.91,62451.91,375
2026-07-29T07:10:00+00:00,62451.91,62491.92,62331.9,62351.91,360
2026-07-29T07:15:00+00:00,62351.91,62386.9,62326.9,62376.9,345
2026-07-29T07:20:00+00:00,62376.9,62421.41,62296.9,62301.91,284
2026-07-29T07:25:00+00:00,62301.91,62391.92,62286.9,62376.92,374
2026-07-29T07:30:00+00:00,62376.92,62476.91,62341.91,62461.92,330
2026-07-29T07:35:00+00:00,62461.92,62536.92,62436.91,62446.91,356
2026-07-29T07:40:00+00:00,62446.91,62496.42,62421.9,62426.91,250
2026-07-29T07:45:00+00:00,62426.91,62446.41,62381.9,62416.92,356
2026-07-29T07:50:00+00:00,62416.92,62421.42,62361.9,62391.42,328
2026-07-29T07:55:00+00:00,62391.42,62536.41,62371.9,62476.9,305
2026-07-29T08:00:00+00:00,62476.9,62526.9,62361.9,62506.92,1301
2026-07-29T08:05:00+00:00,62506.92,62591.42,62461.9,62581.92,724
2026-07-29T08:10:00+00:00,62581.92,62706.4,62531.9,62576.91,886
2026-07-29T08:15:00+00:00,62576.91,62721.41,62516.92,62611.9,1190
2026-07-29T08:20:00+00:00,62611.9,62611.92,62426.9,62431.91,925
2026-07-29T08:25:00+00:00,62431.91,62446.42,62331.9,62446.41,1045
2026-07-29T08:30:00+00:00,62446.41,62681.42,62376.92,62611.42,975
2026-07-29T08:35:00+00:00,62611.42,62671.91,62586.9,62626.9,800
2026-07-29T08:40:00+00:00,62626.9,62706.42,62596.9,62691.42,569
2026-07-29T08:45:00+00:00,62691.42,62741.4,62636.9,62701.9,610
2026-07-29T08:50:00+00:00,62701.9,62716.42,62606.9,62651.91,499
2026-07-29T08:55:00+00:00,62651.91,62671.92,62596.9,62611.9,411
2026-07-29T09:00:00+00:00,62611.9,62741.42,62606.9,62701.4,651
2026-07-29T09:05:00+00:00,62701.4,62741.42,62656.9,62726.41,575
2026-07-29T09:10:00+00:00,62726.41,62736.42,62671.92,62726.42,546
2026-07-29T09:15:00+00:00,62726.42,62776.41,62656.9,62726.91,589
2026-07-29T09:20:00+00:00,62726.91,62776.41,62711.91,62756.4,548
2026-07-29T09:25:00+00:00,62756.4,62801.42,62711.92,62751.4,480
2026-07-29T09:30:00+00:00,62751.4,62766.42,62691.91,62738.92,586
2026-07-29T09:35:00+00:00,62738.92,62851.91,62726.91,62796.9,578
2026-07-29T09:40:00+00:00,62796.9,62881.41,62791.9,62856.4,509
2026-07-29T09:45:00+00:00,62856.4,62891.4,62831.880000000005,62886.380000000005,445
2026-07-29T09:50:00+00:00,62886.380000000005,62906.4,62851.89000000001,62861.880000000005,542
2026-07-29T09:55:00+00:00,62861.880000000005,62866.4,62811.89000000001,62811.89000000001,621
2026-07-29T10:00:00+00:00,62811.89000000001,62831.4,62746.880000000005,62756.89000000001,565
2026-07-29T10:05:00+00:00,62756.89000000001,62821.380000000005,62711.89000000001,62771.9,676
2026-07-29T10:10:00+00:00,62771.9,62811.89000000001,62746.9,62811.880000000005,572
2026-07-29T10:15:00+00:00,62811.880000000005,62841.4,62791.880000000005,62823.89000000001,637
2026-07-29T10:20:00+00:00,62823.89000000001,62878.9,62821.380000000005,62861.89000000001,478
2026-07-29T10:25:00+00:00,62861.89000000001,62911.39000000001,62826.880000000005,62911.39000000001,436
2026-07-29T10:30:00+00:00,62911.39000000001,62926.4,62776.89000000001,62796.880000000005,434
2026-07-29T10:35:00+00:00,62796.880000000005,62811.39000000001,62736.39000000001,62756.880000000005,462
2026-07-29T10:40:00+00:00,62756.880000000005,62836.380000000005,62741.880000000005,62756.89000000001,444
2026-07-29T10:45:00+00:00,62756.89000000001,62766.4,62691.89000000001,62721.380000000005,417
2026-07-29T10:50:00+00:00,62721.380000000005,62736.9,62636.89000000001,62666.9,419
2026-07-29T10:55:00+00:00,62666.9,62676.39000000001,62626.89000000001,62646.880000000005,363
2026-07-29T11:00:00+00:00,62646.880000000005,62741.380000000005,62626.9,62691.380000000005,790
2026-07-29T11:05:00+00:00,62691.380000000005,62751.380000000005,62616.880000000005,62741.39000000001,527
2026-07-29T11:10:00+00:00,62741.39000000001,62776.9,62736.880000000005,62761.4,376
2026-07-29T11:15:00+00:00,62761.4,62806.89000000001,62721.9,62781.9,413
2026-07-29T11:20:00+00:00,62781.9,62821.4,62771.880000000005,62771.89000000001,280
2026-07-29T11:25:00+00:00,62771.89000000001,62816.4,62741.880000000005,62746.380000000005,390
2026-07-29T11:30:00+00:00,62746.380000000005,62776.39000000001,62716.9,62736.89000000001,499
2026-07-29T11:35:00+00:00,62736.89000000001,62751.380000000005,62701.880000000005,62721.4,427
2026-07-29T11:40:00+00:00,62721.4,62756.89000000001,62716.880000000005,62746.39000000001,351
2026-07-29T11:45:00+00:00,62746.39000000001,62841.4,62721.880000000005,62811.9,675
2026-07-29T11:50:00+00:00,62811.9,62816.39000000001,62741.880000000005,62751.39000000001,449
2026-07-29T11:55:00+00:00,62751.39000000001,62816.380000000005,62741.89000000001,62816.380000000005,382
2026-07-29T12:00:00+00:00,62816.380000000005,62821.39000000001,62741.880000000005,62761.880000000005,371
2026-07-29T12:05:00+00:00,62761.880000000005,62836.380000000005,62701.89000000001,62721.89000000001,478
2026-07-29T12:10:00+00:00,62721.89000000001,62781.39000000001,62666.880000000005,62686.880000000005,534
2026-07-29T12:15:00+00:00,62686.880000000005,62711.380000000005,62461.880000000005,62511.4,1876
2026-07-29T12:20:00+00:00,62511.4,62561.4,62466.880000000005,62491.380000000005,973
2026-07-29T12:25:00+00:00,62491.380000000005,62596.4,62476.9,62496.880000000005,484
2026-07-29T12:30:00+00:00,62496.880000000005,62556.39000000001,62446.380000000005,62556.39000000001,653
2026-07-29T12:35:00+00:00,62556.39000000001,62566.4,62486.880000000005,62556.380000000005,402
2026-07-29T12:40:00+00:00,62556.380000000005,62616.4,62531.89000000001,62591.9,442
2026-07-29T12:45:00+00:00,62591.9,62616.4,62571.89000000001,62611.89000000001,321
2026-07-29T12:50:00+00:00,62611.89000000001,62626.9,62571.9,62616.9,359
2026-07-29T12:55:00+00:00,62616.9,62636.4,62571.880000000005,62601.880000000005,318
2026-07-29T13:00:00+00:00,62601.880000000005,62621.39000000001,62481.880000000005,62501.9,613
2026-07-29T13:05:00+00:00,62501.9,62526.4,62471.880000000005,62498.89000000001,457
2026-07-29T13:10:00+00:00,62498.89000000001,62506.4,62451.89000000001,62461.880000000005,361
2026-07-29T13:15:00+00:00,62461.880000000005,62501.4,62436.880000000005,62471.9,568
2026-07-29T13:20:00+00:00,62471.9,62536.4,62451.880000000005,62496.39000000001,500
2026-07-29T13:25:00+00:00,62496.39000000001,62586.39000000001,62486.380000000005,62546.9,500
2026-07-29T13:30:00+00:00,62546.9,62776.4,62516.89000000001,62716.9,2773
2026-07-29T13:35:00+00:00,62716.9,62756.39000000001,62566.9,62591.9,2609
2026-07-29T13:40:00+00:00,62591.9,62656.880000000005,62551.880000000005,62651.9,2459
2026-07-29T13:45:00+00:00,62651.9,62696.4,62451.880000000005,62526.880000000005,2382
2026-07-29T13:50:00+00:00,62526.880000000005,62536.380000000005,62276.380000000005,62356.9,2531
2026-07-29T13:55:00+00:00,62356.9,62356.9,62181.880000000005,62301.4,2025
2026-07-29T14:00:00+00:00,62301.4,62476.4,62301.39000000001,62446.9,2947
2026-07-29T14:05:00+00:00,62446.9,62526.9,62276.9,62286.4,2261
2026-07-29T14:10:00+00:00,62286.4,62296.4,62081.880000000005,62106.89000000001,1876
2026-07-29T14:15:00+00:00,62106.89000000001,62166.9,62041.89000000001,62076.89000000001,2201
2026-07-29T14:20:00+00:00,62076.89000000001,62166.39000000001,61936.89000000001,61991.9,1921
2026-07-29T14:25:00+00:00,61991.9,62001.4,61796.880000000005,61891.880000000005,2202
2026-07-29T14:30:00+00:00,61891.880000000005,62116.39000000001,61891.880000000005,61996.89000000001,1848
2026-07-29T14:35:00+00:00,61996.89000000001,62001.4,61846.880000000005,61871.4,1412
2026-07-29T14:40:00+00:00,61871.4,61901.4,61741.89000000001,61791.880000000005,1194
2026-07-29T14:45:00+00:00,61791.880000000005,61816.39000000001,61686.9,61806.4,1414
2026-07-29T14:50:00+00:00,61806.4,61896.39000000001,61801.380000000005,61861.880000000005,1586
2026-07-29T14:55:00+00:00,61861.880000000005,61881.4,61741.9,61856.9,1766
2026-07-29T15:00:00+00:00,61856.9,61951.39000000001,61791.89000000001,61946.380000000005,1522
2026-07-29T15:05:00+00:00,61946.380000000005,61966.39000000001,61856.89000000001,61961.380000000005,1328
2026-07-29T15:10:00+00:00,61961.380000000005,61971.4,61811.4,61851.4,1466
2026-07-29T15:15:00+00:00,61851.4,61916.39000000001,61781.89000000001,61786.39000000001,1100
2026-07-29T15:20:00+00:00,61786.39000000001,61891.4,61751.880000000005,61881.89000000001,1681
2026-07-29T15:25:00+00:00,61881.89000000001,61911.4,61796.880000000005,61806.9,1389
2026-07-29T15:30:00+00:00,61806.9,61896.39000000001,61771.89000000001,61821.9,1280
2026-07-29T15:35:00+00:00,61821.9,61911.39000000001,61781.880000000005,61781.880000000005,1307
2026-07-29T15:40:00+00:00,61781.880000000005,61821.4,61706.880000000005,61746.9,997
2026-07-29T15:45:00+00:00,61746.9,61806.39000000001,61691.880000000005,61796.4,984
2026-07-29T15:50:00+00:00,61796.4,61811.39000000001,61666.880000000005,61671.9,1351
2026-07-29T15:55:00+00:00,61671.9,61721.4,61561.9,61711.380000000005,994
2026-07-29T16:00:00+00:00,61711.380000000005,61761.4,61541.880000000005,61556.4,728
2026-07-29T16:05:00+00:00,61556.4,61556.4,61471.880000000005,61528.89000000001,875
2026-07-29T16:10:00+00:00,61528.89000000001,61531.39000000001,61416.9,61421.4,729
2026-07-29T16:15:00+00:00,61421.4,61496.4,61391.880000000005,61476.9,671
2026-07-29T16:20:00+00:00,61476.9,61681.9,61471.4,61633.880000000005,1051
2026-07-29T16:25:00+00:00,61633.880000000005,61756.380000000005,61631.89000000001,61746.380000000005,711
2026-07-29T16:30:00+00:00,61746.380000000005,61816.380000000005,61671.880000000005,61671.89000000001,827
2026-07-29T16:35:00+00:00,61671.89000000001,61701.39000000001,61621.9,61691.4,557
2026-07-29T16:40:00+00:00,61691.4,61706.4,61571.89000000001,61606.89000000001,705
2026-07-29T16:45:00+00:00,61606.89000000001,61721.4,61591.880000000005,61711.89000000001,540
2026-07-29T16:50:00+00:00,61711.89000000001,61766.4,61676.89000000001,61726.89000000001,978
2026-07-29T16:55:00+00:00,61726.89000000001,61816.4,61716.880000000005,61806.4,947
2026-07-29T17:00:00+00:00,61806.4,61966.39000000001,61796.880000000005,61956.9,1113
2026-07-29T17:05:00+00:00,61956.9,61961.380000000005,61886.89000000001,61936.380000000005,920
2026-07-29T17:10:00+00:00,61936.380000000005,62068.9,61916.880000000005,62066.4,875
2026-07-29T17:15:00+00:00,62066.4,62081.39000000001,62006.89000000001,62046.39000000001,759
2026-07-29T17:20:00+00:00,62046.39000000001,62131.4,62016.880000000005,62016.89000000001,1007
2026-07-29T17:25:00+00:00,62016.89000000001,62051.4,61951.880000000005,61956.39000000001,1103
2026-07-29T17:30:00+00:00,61956.39000000001,62051.380000000005,61916.880000000005,61991.89000000001,1253
2026-07-29T17:35:00+00:00,61991.89000000001,62001.89000000001,61911.9,61971.4,903
2026-07-29T17:40:00+00:00,61971.4,61986.4,61921.89000000001,61966.9,1084
2026-07-29T17:45:00+00:00,61966.9,62006.4,61931.89000000001,61996.880000000005,956
2026-07-29T17:50:00+00:00,61996.880000000005,62071.9,61996.880000000005,62041.880000000005,759
2026-07-29T17:55:00+00:00,62041.880000000005,62066.9,61971.9,62061.39000000001,613
2026-07-29T18:00:00+00:00,62061.39000000001,62521.89000000001,62026.89000000001,62396.880000000005,2069
2026-07-29T18:05:00+00:00,62396.880000000005,62501.9,62341.89000000001,62431.380000000005,2149
2026-07-29T18:10:00+00:00,62431.380000000005,62486.4,62311.880000000005,62366.89000000001,2072
2026-07-29T18:15:00+00:00,62366.89000000001,62451.4,62221.880000000005,62256.89000000001,1487
2026-07-29T18:20:00+00:00,62256.89000000001,62276.9,62176.880000000005,62246.9,1062
2026-07-29T18:25:00+00:00,62246.9,62281.9,62166.89000000001,62276.89000000001,1729
2026-07-29T18:30:00+00:00,62276.89000000001,62376.9,62121.880000000005,62281.9,2638
2026-07-29T18:35:00+00:00,62281.9,62596.89000000001,62196.89000000001,62556.9,2367
2026-07-29T18:40:00+00:00,62556.9,62866.4,62551.880000000005,62816.4,2743
2026-07-29T18:45:00+00:00,62816.4,62951.39000000001,62776.880000000005,62926.380000000005,2329
2026-07-29T18:50:00+00:00,62926.380000000005,62991.4,62846.9,62981.380000000005,2140
2026-07-29T18:55:00+00:00,62981.380000000005,62998.880000000005,62856.89000000001,62983.9,2433
2026-07-29T19:00:00+00:00,62983.9,63071.39000000001,62806.880000000005,62861.39000000001,2579
2026-07-29T19:05:00+00:00,62861.39000000001,62871.9,62556.880000000005,62556.89000000001,2910
2026-07-29T19:10:00+00:00,62556.89000000001,62691.89000000001,62496.880000000005,62646.9,2936
2026-07-29T19:15:00+00:00,62646.9,62736.880000000005,62451.89000000001,62486.89000000001,2466
2026-07-29T19:20:00+00:00,62486.89000000001,62496.89000000001,62211.89000000001,62266.9,1735
2026-07-29T19:25:00+00:00,62266.9,62306.9,62151.880000000005,62226.880000000005,1521
2026-07-29T19:30:00+00:00,62226.880000000005,62326.9,61991.89000000001,62091.4,2378
2026-07-29T19:35:00+00:00,62091.4,62156.39000000001,61801.9,61801.9,2281
2026-07-29T19:40:00+00:00,61801.9,61871.380000000005,61661.880000000005,61711.9,2620
2026-07-29T19:45:00+00:00,61711.9,61736.89000000001,61516.880000000005,61716.89000000001,2491
2026-07-29T19:50:00+00:00,61716.89000000001,61716.89000000001,61456.880000000005,61486.39000000001,2582
2026-07-29T19:55:00+00:00,61486.39000000001,61486.39000000001,61266.880000000005,61333.89000000001,1747
2026-07-29T20:00:00+00:00,61333.89000000001,61376.880000000005,61096.880000000005,61201.89000000001,2640
2026-07-29T20:05:00+00:00,61201.89000000001,61406.89000000001,61086.89000000001,61091.880000000005,1556
2026-07-29T20:10:00+00:00,61091.880000000005,61286.89000000001,61046.89000000001,61166.89000000001,1346
2026-07-29T20:15:00+00:00,61166.89000000001,61241.9,61096.89000000001,61151.89000000001,1139
2026-07-29T20:20:00+00:00,61151.89000000001,61201.89000000001,61111.880000000005,61126.880000000005,832
2026-07-29T20:25:00+00:00,61126.880000000005,61176.880000000005,60946.880000000005,60986.9,465
2026-07-29T20:30:00+00:00,60986.9,61036.9,60896.880000000005,61016.9,563
2026-07-29T20:35:00+00:00,61016.9,61246.9,61011.9,61236.9,625
2026-07-29T20:40:00+00:00,61236.9,61251.380000000005,61136.89000000001,61171.9,368
2026-07-29T20:45:00+00:00,61171.9,61186.380000000005,60981.880000000005,60981.880000000005,426
2026-07-29T20:50:00+00:00,60981.880000000005,61046.9,60966.89000000001,61031.9,406
2026-07-29T20:55:00+00:00,61031.9,61066.89000000001,60991.880000000005,60991.880000000005,206
2026-07-29T22:00:00+00:00,61006.9,61219.61,61006.9,61219.61,54
2026-07-29T22:05:00+00:00,61219.61,61284.62,61184.62,61284.62,39
2026-07-29T22:10:00+00:00,61284.62,61634.62,61284.62,61369.1,72
2026-07-29T22:20:00+00:00,61369.1,61594.61,61369.1,61494.61,22
2026-07-29T22:25:00+00:00,61494.61,61494.61,61414.61,61474.61,35
2026-07-29T22:30:00+00:00,61474.61,61479.62,61439.6,61444.62,26
2026-07-29T22:35:00+00:00,61444.62,61494.61,61434.62,61494.61,34
2026-07-29T22:40:00+00:00,61494.61,61504.62,61464.6,61504.6,27
2026-07-29T22:45:00+00:00,61504.6,61534.62,61459.6,61459.61,36
2026-07-29T22:50:00+00:00,61459.61,61469.6,61439.62,61469.6,5
2026-07-29T22:55:00+00:00,61469.6,61469.6,61444.6,61459.61,15
2026-07-29T23:00:00+00:00,61459.61,61582.1,61459.61,61577.12,40.57782333845891
2026-07-29T23:05:00+00:00,61577.12,61647.11,61547.11,61622.12,65
2026-07-29T23:10:00+00:00,61622.12,61622.12,61507.1,61567.1,106
2026-07-29T23:15:00+00:00,61567.1,61612.1,61502.1,61607.12,87
2026-07-29T23:20:00+00:00,61607.12,61667.12,61567.1,61642.12,84
2026-07-29T23:25:00+00:00,61642.12,61671.6,61617.1,61647.1,63
2026-07-29T23:30:00+00:00,61647.1,61767.1,61647.1,61701.6,114
2026-07-29T23:35:00+00:00,61701.6,61862.12,61687.1,61827.12,142
2026-07-29T23:40:00+00:00,61827.12,62071.62,61797.1,61982.12,238
2026-07-29T23:45:00+00:00,61982.12,62182.12,61762.1,61767.1,1932
2026-07-29T23:50:00+00:00,61767.1,61797.12,61357.11,61647.12,1556
2026-07-29T23:55:00+00:00,61647.12,61802.11,61527.12,61542.12,1641
2026-07-30T00:00:00+00:00,61542.12,61797.11,61317.11,61482.12,4423
2026-07-30T00:05:00+00:00,61482.12,61882.11,61407.11,61882.11,3520
2026-07-30T00:10:00+00:00,61882.11,62137.1,61792.11,61822.11,2423
2026-07-30T00:15:00+00:00,61822.11,62207.11,61727.11,62087.12,4236
2026-07-30T00:20:00+00:00,62087.12,62372.11,62027.11,62357.12,4490
2026-07-30T00:25:00+00:00,62357.12,62557.11,62332.12,62557.11,3228
2026-07-30T00:30:00+00:00,62557.11,62581.61,62272.12,62292.1,3451
2026-07-30T00:35:00+00:00,62292.1,62317.11,61942.1,61982.11,2779
2026-07-30T00:40:00+00:00,61982.11,62022.11,61612.12,61722.11,2793
2026-07-30T00:45:00+00:00,61722.11,62236.61,61722.11,62157.11,3875
2026-07-30T00:50:00+00:00,62157.11,62257.12,61982.12,62232.1,3275
2026-07-30T00:55:00+00:00,62232.1,62362.12,62167.11,62357.12,3139
2026-07-30T01:00:00+00:00,62357.12,62617.1,62327.12,62617.1,3304
2026-07-30T01:05:00+00:00,62617.1,62896.62,62602.1,62681.61,3247
2026-07-30T01:10:00+00:00,62681.61,62686.6,62452.1,62482.12,3306
2026-07-30T01:15:00+00:00,62482.12,62601.61,62377.1,62532.12,3247
2026-07-30T01:20:00+00:00,62532.12,62592.11,62387.1,62562.12,3467
2026-07-30T01:25:00+00:00,62562.12,62726.61,62557.1,62697.11,2409
2026-07-30T01:30:00+00:00,62697.11,62872.1,62677.11,62827.11,2213
2026-07-30T01:35:00+00:00,62827.11,62931.62,62792.1,62897.12,1981
2026-07-30T01:40:00+00:00,62897.12,62999.11,62897.11,62957.11,1566
2026-07-30T01:45:00+00:00,62957.11,62972.12,62802.1,62917.12,2308
2026-07-30T01:50:00+00:00,62917.12,62976.62,62787.12,62852.11,1919
2026-07-30T01:55:00+00:00,62852.11,62911.61,62702.1,62722.1,1692
2026-07-30T02:00:00+00:00,62722.1,62901.6,62602.1,62632.11,2250
2026-07-30T02:05:00+00:00,62632.11,62637.11,62527.11,62576.62,2031
2026-07-30T02:10:00+00:00,62576.62,62601.61,62387.1,62427.11,1592
2026-07-30T02:15:00+00:00,62427.11,62467.11,62327.12,62327.12,1573
2026-07-30T02:20:00+00:00,62327.12,62481.62,62312.11,62382.11,1808
2026-07-30T02:25:00+00:00,62382.11,62417.1,62247.11,62292.11,1526
2026-07-30T02:30:00+00:00,62292.11,62292.11,62162.1,62172.12,1300
2026-07-30T02:35:00+00:00,62172.12,62172.12,62107.1,62137.12,965
2026-07-30T02:40:00+00:00,62137.12,62322.11,62102.1,62317.11,1009
2026-07-30T02:45:00+00:00,62317.11,62377.11,62227.1,62272.1,1050
2026-07-30T02:50:00+00:00,62272.1,62347.12,62172.1,62222.11,1021
2026-07-30T02:55:00+00:00,62222.11,62257.1,61977.1,61997.1,807
2026-07-30T03:00:00+00:00,61997.1,62152.12,61972.1,62102.11,1298
2026-07-30T03:05:00+00:00,62102.11,62162.11,61922.11,61927.1,1216
2026-07-30T03:10:00+00:00,61927.1,61947.12,61767.11,61857.12,916
2026-07-30T03:15:00+00:00,61857.12,61916.6,61752.11,61821.62,1157
2026-07-30T03:20:00+00:00,61821.62,61851.62,61747.1,61827.12,1080
2026-07-30T03:25:00+00:00,61827.12,61892.12,61742.1,61852.11,1219
2026-07-30T03:30:00+00:00,61852.11,62076.62,61677.1,62071.62,2307
2026-07-30T03:35:00+00:00,62071.62,62134.12,61877.1,61897.1,2293
2026-07-30T03:40:00+00:00,61897.1,62152.11,61797.11,62127.12,1645
2026-07-30T03:45:00+00:00,62127.12,62287.12,62022.1,62227.1,1605
2026-07-30T03:50:00+00:00,62227.1,62311.6,62142.12,62242.11,1350
2026-07-30T03:55:00+00:00,62242.11,62277.12,62007.1,62067.1,1333
2026-07-30T04:00:00+00:00,62067.1,62127.1,61957.079999999994,62087.09,1621
2026-07-30T04:05:00+00:00,62087.09,62107.1,61907.079999999994,61912.079999999994,1253
2026-07-30T04:10:00+00:00,61912.079999999994,61947.1,61852.09,61852.09,1038
2026-07-30T04:15:00+00:00,61852.09,61872.09,61772.079999999994,61847.079999999994,935
2026-07-30T04:20:00+00:00,61847.079999999994,61986.579999999994,61797.079999999994,61947.079999999994,1420
2026-07-30T04:25:00+00:00,61947.079999999994,62177.1,61942.079999999994,62172.079999999994,1531
2026-07-30T04:30:00+00:00,62172.079999999994,62236.6,62092.09,62162.09,1623
2026-07-30T04:35:00+00:00,62162.09,62247.1,61967.1,61992.1,1253
2026-07-30T04:40:00+00:00,61992.1,62017.1,61797.079999999994,61827.09,1420
2026-07-30T04:45:00+00:00,61827.09,62026.579999999994,61817.079999999994,61892.1,1496
2026-07-30T04:50:00+00:00,61892.1,61921.59,61747.079999999994,61797.09,1510
2026-07-30T04:55:00+00:00,61797.09,61806.579999999994,61647.079999999994,61702.079999999994,1094
2026-07-30T05:00:00+00:00,61702.079999999994,61797.1,61611.59,61652.09,2226
2026-07-30T05:05:00+00:00,61652.09,61726.579999999994,61572.079999999994,61647.09,1664
2026-07-30T05:10:00+00:00,61647.09,61752.09,61576.6,61752.09,1241
2026-07-30T05:15:00+00:00,61752.09,61951.6,61707.079999999994,61941.6,1298
2026-07-30T05:20:00+00:00,61941.6,61989.09,61842.079999999994,61987.09,1423
2026-07-30T05:25:00+00:00,61987.09,62016.6,61872.079999999994,61897.079999999994,1277
2026-07-30T05:30:00+00:00,61897.079999999994,62071.6,61857.09,62017.09,1695
2026-07-30T05:35:00+00:00,62017.09,62066.6,61912.079999999994,62032.079999999994,1482
2026-07-30T05:40:00+00:00,62032.079999999994,62231.59,62022.079999999994,62216.59,976
2026-07-30T05:45:00+00:00,62216.59,62321.59,62142.1,62192.1,1171
2026-07-30T05:50:00+00:00,62192.1,62222.1,62027.079999999994,62042.1,1143
2026-07-30T05:55:00+00:00,62042.1,62042.1,61897.09,61957.09,1137
2026-07-30T06:00:00+00:00,61957.09,62012.09,61917.079999999994,62002.09,1198
2026-07-30T06:05:00+00:00,62002.09,62097.1,61957.09,61957.1,1183
2026-07-30T06:10:00+00:00,61957.1,62007.09,61897.079999999994,61926.6,999
2026-07-30T06:15:00+00:00,61926.6,61926.6,61797.1,61847.079999999994,563
2026-07-30T06:20:00+00:00,61847.079999999994,61926.59,61782.09,61907.09,666
2026-07-30T06:25:00+00:00,61907.09,62072.079999999994,61892.079999999994,61974.1,803
2026-07-30T06:30:00+00:00,61974.1,61987.09,61827.079999999994,61887.1,750
2026-07-30T06:35:00+00:00,61887.1,61887.1,61817.079999999994,61842.1,387
2026-07-30T06:40:00+00:00,61842.1,61857.09,61727.09,61732.09,285
2026-07-30T06:45:00+00:00,61732.09,61811.6,61697.09,61717.1,343
2026-07-30T06:50:00+00:00,61717.1,61781.6,61702.09,61777.1,334
2026-07-30T06:55:00+00:00,61777.1,61857.09,61762.079999999994,61857.09,337
2026-07-30T07:00:00+00:00,61857.09,62121.579999999994,61752.079999999994,62036.579999999994,546
2026-07-30T07:05:00+00:00,62036.579999999994,62106.6,61877.09,61942.09,553
2026-07-30T07:10:00+00:00,61942.09,62006.579999999994,61862.079999999994,61927.09,567
2026-07-30T07:15:00+00:00,61927.09,61952.079999999994,61752.079999999994,61752.1,525
2026-07-30T07:20:00+00:00,61752.1,61762.09,61637.09,61752.09,492
2026-07-30T07:25:00+00:00,61752.09,61801.6,61692.079999999994,61727.079999999994,581
2026-07-30T07:30:00+00:00,61727.079999999994,61747.09,61552.079999999994,61562.09,392
2026-07-30T07:35:00+00:00,61562.09,61632.079999999994,61427.079999999994,61632.079999999994,421
2026-07-30T07:40:00+00:00,61632.079999999994,61772.1,61632.079999999994,61742.1,258
2026-07-30T07:45:00+00:00,61742.1,61767.09,61697.079999999994,61752.09,268
2026-07-30T07:50:00+00:00,61752.09,61817.079999999994,61697.079999999994,61697.079999999994,328
2026-07-30T07:55:00+00:00,61697.079999999994,61731.6,61667.09,61667.1,290
2026-07-30T08:00:00+00:00,61667.1,61701.6,61477.079999999994,61607.1,873
2026-07-30T08:05:00+00:00,61607.1,61856.59,61522.1,61851.59,1310
2026-07-30T08:10:00+00:00,61851.59,61981.6,61842.079999999994,61907.079999999994,1093
2026-07-30T08:15:00+00:00,61907.079999999994,61927.079999999994,61812.079999999994,61817.1,1144
2026-07-30T08:20:00+00:00,61817.1,62027.1,61802.079999999994,62012.61,850
2026-07-30T08:25:00+00:00,62012.61,62162.11,62012.59,62087.61,897
2026-07-30T08:30:00+00:00,62087.61,62127.1,62022.59,62022.59,883
2026-07-30T08:35:00+00:00,62022.59,62112.1,61947.6,61967.09,758
2026-07-30T08:40:00+00:00,61967.09,62007.6,61947.59,61967.6,779
2026-07-30T08:45:00+00:00,61967.6,62032.11,61907.6,61922.6,783
2026-07-30T08:50:00+00:00,61922.6,61967.1,61892.61,61957.59,550
2026-07-30T08:55:00+00:00,61957.59,62007.1,61882.59,61997.61,504
2026-07-30T09:00:00+00:00,61997.61,62057.1,61957.59,62027.6,664
2026-07-30T09:05:00+00:00,62027.6,62032.6,61972.59,61982.61,632
2026-07-30T09:10:00+00:00,61982.61,62137.1,61947.59,62082.1,834
2026-07-30T09:15:00+00:00,62082.1,62107.11,62027.61,62077.61,859
2026-07-30T09:20:00+00:00,62077.61,62137.11,62057.6,62117.1,618
2026-07-30T09:25:00+00:00,62117.1,62167.1,62082.6,62107.61,488
2026-07-30T09:30:00+00:00,62107.61,62142.11,62027.59,62142.1,540
2026-07-30T09:35:00+00:00,62142.1,62197.11,62082.59,62087.6,478
2026-07-30T09:40:00+00:00,62087.6,62102.1,62037.59,62052.61,462
2026-07-30T09:45:00+00:00,62052.61,62092.1,62032.61,62067.6,400
2026-07-30T09:50:00+00:00,62067.6,62102.11,62027.59,62067.61,447
2026-07-30T09:55:00+00:00,62067.61,62072.6,61937.61,61952.61,479
2026-07-30T10:00:00+00:00,61952.61,61972.11,61902.59,61912.6,641
2026-07-30T10:05:00+00:00,61912.6,62072.09,61907.59,62062.11,475
2026-07-30T10:10:00+00:00,62062.11,62082.11,61887.59,61912.61,559
2026-07-30T10:15:00+00:00,61912.61,62022.1,61837.59,62012.6,926
2026-07-30T10:20:00+00:00,62012.6,62152.1,62012.6,62107.11,736
2026-07-30T10:25:00+00:00,62107.11,62182.11,62099.6,62172.59,614
2026-07-30T10:30:00+00:00,62172.59,62222.11,62122.59,62147.11,561
2026-07-30T10:35:00+00:00,62147.11,62247.1,62137.59,62212.6,578
2026-07-30T10:40:00+00:00,62212.6,62327.11,62207.59,62262.09,827
2026-07-30T10:45:00+00:00,62262.09,62337.1,62237.61,62297.09,639
2026-07-30T10:50:00+00:00,62297.09,62372.1,62267.59,62277.1,744
2026-07-30T10:55:00+00:00,62277.1,62302.11,62237.59,62242.59,393
2026-07-30T11:00:00+00:00,62242.59,62352.11,62232.59,62347.11,931
2026-07-30T11:05:00+00:00,62347.11,62377.11,62327.6,62354.59,644
2026-07-30T11:10:00+00:00,62354.59,62387.11,62297.59,62332.59,566
2026-07-30T11:15:00+00:00,62332.59,62432.09,62322.6,62412.11,596
2026-07-30T11:20:00+00:00,62412.11,62467.1,62377.61,62457.61,542
2026-07-30T11:25:00+00:00,62457.61,62532.11,62452.59,62532.1,457
2026-07-30T11:30:00+00:00,62532.1,62567.09,62457.59,62472.6,570
2026-07-30T11:35:00+00:00,62472.6,62572.1,62462.59,62492.6,583
2026-07-30T11:40:00+00:00,62492.6,62572.11,62462.6,62512.6,454
2026-07-30T11:45:00+00:00,62512.6,62629.61,62507.59,62627.1,495
2026-07-30T11:50:00+00:00,62627.1,62709.59,62622.59,62692.6,603
2026-07-30T11:55:00+00:00,62692.6,62712.1,62642.59,62647.61,398
2026-07-30T12:00:00+00:00,62647.61,62757.11,62592.6,62747.6,674
2026-07-30T12:05:00+00:00,62747.6,62782.1,62732.59,62772.6,535
2026-07-30T12:10:00+00:00,62772.6,62782.11,62697.6,62732.59,554
2026-07-30T12:15:00+00:00,62732.59,62747.1,62642.6,62687.6,551
2026-07-30T12:20:00+00:00,62687.6,62747.1,62622.6,62717.6,602
2026-07-30T12:25:00+00:00,62717.6,62752.09,62637.59,62647.61,345
2026-07-30T12:30:00+00:00,62647.61,62777.61,62647.61,62737.11,1076
2026-07-30T12:35:00+00:00,62737.11,62832.6,62702.6,62787.59,964
2026-07-30T12:40:00+00:00,62787.59,62817.11,62707.59,62717.59,1112
2026-07-30T12:45:00+00:00,62717.59,62772.1,62687.59,62747.59,846
2026-07-30T12:50:00+00:00,62747.59,62782.11,62712.59,62767.59,658
2026-07-30T12:55:00+00:00,62767.59,62817.1,62707.6,62717.61,687
2026-07-30T13:00:00+00:00,62717.61,62872.11,62697.59,62842.6,1036
2026-07-30T13:05:00+00:00,62842.6,62934.59,62782.1,62787.09,919
2026-07-30T13:10:00+00:00,62787.09,62862.11,62727.59,62822.61,701
2026-07-30T13:15:00+00:00,62822.61,62842.09,62762.59,62777.6,702
2026-07-30T13:20:00+00:00,62777.6,62807.61,62752.59,62787.09,729
2026-07-30T13:25:00+00:00,62787.09,62922.11,62742.59,62912.09,983
2026-07-30T13:30:00+00:00,62912.09,62962.6,62787.6,62847.6,2712
2026-07-30T13:35:00+00:00,62847.6,62872.61,62487.61,62592.61,2273
2026-07-30T13:40:00+00:00,62592.61,62677.61,62527.6,62582.59,1652
2026-07-30T13:45:00+00:00,62582.59,62852.1,62582.59,62832.1,1347
2026-07-30T13:50:00+00:00,62832.1,62997.11,62807.6,62917.59,2419
2026-07-30T13:55:00+00:00,62917.59,63042.11,62867.6,62997.1,1888
2026-07-30T14:00:00+00:00,62997.1,63027.09,62927.59,62962.61,2038
2026-07-30T14:05:00+00:00,62962.61,62967.11,62827.59,62912.61,2334
2026-07-30T14:10:00+00:00,62912.61,62962.61,62852.59,62947.1,2329
2026-07-30T14:15:00+00:00,62947.1,62987.11,62857.59,62962.11,2204
2026-07-30T14:20:00+00:00,62962.11,63137.1,62937.59,63087.61,1998
2026-07-30T14:25:00+00:00,63087.61,63284.61,63067.59,63252.61,1445
2026-07-30T14:30:00+00:00,63252.61,63287.1,63177.59,63272.59,1499
2026-07-30T14:35:00+00:00,63272.59,63292.09,63207.59,63237.61,1364
2026-07-30T14:40:00+00:00,63237.61,63312.11,63227.59,63287.61,1233
2026-07-30T14:45:00+00:00,63287.61,63382.11,63257.59,63322.6,1574
2026-07-30T14:50:00+00:00,63322.6,63347.61,63177.6,63187.6,1875
2026-07-30T14:55:00+00:00,63187.6,63227.09,63087.59,63192.59,1973
2026-07-30T15:00:00+00:00,63192.59,63267.59,63062.6,63247.59,2115
2026-07-30T15:05:00+00:00,63247.59,63327.6,63117.59,63322.61,1946
2026-07-30T15:10:00+00:00,63322.61,63327.11,63122.6,63132.6,1675
2026-07-30T15:15:00+00:00,63132.6,63277.11,63112.61,63262.6,1445
2026-07-30T15:20:00+00:00,63262.6,63382.61,63257.59,63312.61,1274
2026-07-30T15:25:00+00:00,63312.61,63357.6,63182.6,63237.61,1581
2026-07-30T15:30:00+00:00,63237.61,63409.6,63222.59,63407.6,1299
2026-07-30T15:35:00+00:00,63407.6,63437.11,63347.59,63407.6,924
2026-07-30T15:40:00+00:00,63407.6,63447.09,63342.59,63387.59,943
2026-07-30T15:45:00+00:00,63387.59,63492.6,63387.59,63487.11,646
2026-07-30T15:50:00+00:00,63487.11,63497.1,63337.59,63424.59,929
2026-07-30T15:55:00+00:00,63424.59,63512.11,63352.59,63382.6,901
2026-07-30T16:00:00+00:00,63382.6,63534.6,63362.6,63527.6,798
2026-07-30T16:05:00+00:00,63527.6,63542.1,63452.59,63462.59,505
2026-07-30T16:10:00+00:00,63462.59,63572.11,63462.59,63572.11,483
2026-07-30T16:15:00+00:00,63572.11,63602.09,63547.6,63547.6,392
2026-07-30T16:20:00+00:00,63547.6,63587.59,63522.61,63567.61,482
2026-07-30T16:25:00+00:00,63567.61,63607.1,63547.59,63587.61,499
2026-07-30T16:30:00+00:00,63587.61,63612.59,63552.59,63607.6,634
2026-07-30T16:35:00+00:00,63607.6,63662.61,63602.59,63637.59,583
2026-07-30T16:40:00+00:00,63637.59,63637.59,63487.59,63507.59,683
2026-07-30T16:45:00+00:00,63507.59,63567.61,63477.59,63497.59,626
2026-07-30T16:50:00+00:00,63497.59,63552.09,63447.61,63477.09,545
2026-07-30T16:55:00+00:00,63477.09,63542.1,63477.09,63507.59,454
2026-07-30T17:00:00+00:00,63507.59,63622.11,63507.59,63592.6,726
2026-07-30T17:05:00+00:00,63592.6,63632.09,63567.59,63577.59,265
2026-07-30T17:10:00+00:00,63577.59,63602.11,63552.6,63572.6,314
2026-07-30T17:15:00+00:00,63572.6,63672.11,63562.61,63672.1,246
2026-07-30T17:20:00+00:00,63672.1,63674.59,63637.59,63662.6,201
2026-07-30T17:25:00+00:00,63662.6,63674.61,63627.6,63637.1,145
2026-07-30T17:30:00+00:00,63637.1,63657.1,63582.59,63602.6,287
2026-07-30T17:35:00+00:00,63602.6,63624.6,63457.6,63484.61,782
2026-07-30T17:40:00+00:00,63484.61,63587.11,63484.61,63542.6,750
2026-07-30T17:45:00+00:00,63542.6,63597.11,63532.59,63532.59,448
2026-07-30T17:50:00+00:00,63532.59,63557.1,63502.61,63542.6,274
2026-07-30T17:55:00+00:00,63542.6,63562.1,63502.59,63512.09,323
2026-07-30T18:00:00+00:00,63512.09,63557.11,63487.59,63497.11,227
2026-07-30T18:05:00+00:00,63497.11,63552.11,63492.59,63539.59,346
2026-07-30T18:10:00+00:00,63539.59,63539.61,63497.61,63532.6,228
2026-07-30T18:15:00+00:00,63532.6,63552.11,63499.61,63512.09,201
2026-07-30T18:20:00+00:00,63512.09,63544.61,63497.6,63527.1,182
2026-07-30T18:25:00+00:00,63527.1,63554.61,63517.59,63552.1,201
2026-07-30T18:30:00+00:00,63552.1,63577.11,63532.59,63542.11,217
2026-07-30T18:35:00+00:00,63542.11,63542.11,63477.59,63502.09,218
2026-07-30T18:40:00+00:00,63502.09,63557.11,63492.6,63557.11,258
2026-07-30T18:45:00+00:00,63557.11,63574.61,63542.59,63559.6,183
2026-07-30T18:50:00+00:00,63559.6,63579.61,63542.59,63552.1,148
2026-07-30T18:55:00+00:00,63552.1,63577.11,63537.59,63572.11,211
2026-07-30T19:00:00+00:00,63572.11,63659.59,63572.11,63657.1,192
2026-07-30T19:05:00+00:00,63657.1,63719.59,63647.59,63717.11,178
2026-07-30T19:10:00+00:00,63717.11,63772.11,63707.6,63722.09,277
2026-07-30T19:15:00+00:00,63722.09,63737.11,63689.59,63692.61,190
2026-07-30T19:20:00+00:00,63692.61,63702.11,63632.61,63632.61,340
2026-07-30T19:25:00+00:00,63632.61,63667.1,63627.59,63632.59,224
2026-07-30T19:30:00+00:00,63632.59,63687.11,63627.59,63662.61,316
2026-07-30T19:35:00+00:00,63662.61,63677.1,63622.59,63669.59,216
2026-07-30T19:40:00+00:00,63669.59,63669.61,63627.59,63632.6,225
2026-07-30T19:45:00+00:00,63632.6,63692.11,63627.61,63687.09,231
2026-07-30T19:50:00+00:00,63687.09,63699.59,63637.6,63672.11,389
2026-07-30T19:55:00+00:00,63672.11,63732.11,63627.61,63704.61,484
2026-07-30T20:00:00+00:00,63704.61,63837.59,63682.59,63792.6,1007
2026-07-30T20:05:00+00:00,63792.6,63812.59,63732.59,63737.61,322
2026-07-30T20:10:00+00:00,63737.61,63797.11,63702.6,63762.59,352
2026-07-30T20:15:00+00:00,63762.59,63797.61,63717.6,63762.61,352
2026-07-30T20:20:00+00:00,63762.61,63772.61,63712.6,63749.61,174
2026-07-30T20:25:00+00:00,63749.61,63752.11,63722.59,63737.6,81
2026-07-30T20:30:00+00:00,63737.6,63787.61,63667.61,63692.59,384
2026-07-30T20:35:00+00:00,63692.59,63702.61,63637.59,63692.6,132
2026-07-30T20:40:00+00:00,63692.6,63782.11,63672.6,63777.61,206
2026-07-30T20:45:00+00:00,63777.61,63792.1,63732.59,63732.59,151
2026-07-30T20:50:00+00:00,63732.59,63737.11,63702.59,63707.59,156
2026-07-30T20:55:00+00:00,63707.59,63719.61,63637.61,63667.11,105
2026-07-30T22:00:00+00:00,63684.12,63767.89,63684.12,63767.88,2
2026-07-30T22:05:00+00:00,63767.88,63767.88,63722.89,63722.89,1
2026-07-30T22:10:00+00:00,63722.89,63752.89,63722.89,63752.89,4
2026-07-30T22:15:00+00:00,63752.89,63752.89,63742.89,63742.89,1
2026-07-30T22:20:00+00:00,63742.89,63752.88,63727.88,63732.89,13
2026-07-30T22:30:00+00:00,63732.89,63812.88,63732.89,63812.88,4
2026-07-30T22:35:00+00:00,63812.88,63927.89,63812.88,63842.88,126
2026-07-30T22:40:00+00:00,63842.88,63857.9,63842.88,63857.89,17
2026-07-30T22:45:00+00:00,63857.89,63872.4,63847.9,63852.9,14
2026-07-30T22:50:00+00:00,63852.9,63872.9,63827.9,63872.9,17
2026-07-30T22:55:00+00:00,63872.9,63877.9,63872.88,63872.88,6
2026-07-30T23:00:00+00:00,63872.88,63897.39,63852.89,63892.39,88
2026-07-30T23:05:00+00:00,63892.39,63892.39,63817.88,63832.88,90
2026-07-30T23:10:00+00:00,63832.88,63842.4,63782.88,63787.89,52
2026-07-30T23:15:00+00:00,63787.89,63792.9,63762.89,63767.88,46
2026-07-30T23:20:00+00:00,63767.88,63792.4,63742.9,63792.4,67
2026-07-30T23:25:00+00:00,63792.4,63837.38,63787.89,63807.9,63
2026-07-30T23:30:00+00:00,63807.9,63894.89,63792.88,63894.89,140
2026-07-30T23:35:00+00:00,63894.89,64032.4,63877.88,64022.9,196
2026-07-30T23:40:00+00:00,64022.9,64072.9,63907.88,63982.9,213
2026-07-30T23:45:00+00:00,63982.9,64327.9,63847.88,64322.88,1066
2026-07-30T23:50:00+00:00,64322.88,64402.9,64222.89,64312.9,473
2026-07-30T23:55:00+00:00,64312.9,64487.38,64277.88,64287.88,605
2026-07-31T00:00:00+00:00,64287.88,64707.9,64287.88,64632.9,1796
2026-07-31T00:05:00+00:00,64632.9,64772.9,64552.88,64702.9,1668
2026-07-31T00:10:00+00:00,64702.9,64852.88,64682.88,64822.9,939
2026-07-31T00:15:00+00:00,64822.9,64887.9,64572.89,64887.9,1487
2026-07-31T00:20:00+00:00,64887.9,64934.88,64642.88,64852.88,2528
2026-07-31T00:25:00+00:00,64852.88,64962.4,64802.9,64962.4,1690
2026-07-31T00:30:00+00:00,64962.4,65202.4,64947.89,65097.89,1565
2026-07-31T00:35:00+00:00,65097.89,65147.9,65002.88,65027.89,1514
2026-07-31T00:40:00+00:00,65027.89,65057.9,64922.9,65037.9,1162
2026-07-31T00:45:00+00:00,65037.9,65072.4,64852.88,64867.9,1296
2026-07-31T00:50:00+00:00,64867.9,65122.4,64857.88,65072.38,1180
2026-07-31T00:55:00+00:00,65072.38,65317.4,65047.9,65272.9,1050
2026-07-31T01:00:00+00:00,65272.9,65402.4,65257.88,65292.4,1454
2026-07-31T01:05:00+00:00,65292.4,65399.9,65267.89,65394.89,1003
2026-07-31T01:10:00+00:00,65394.89,65424.88,65302.89,65367.38,885
2026-07-31T01:15:00+00:00,65367.38,65474.88,65337.9,65434.89,810
2026-07-31T01:20:00+00:00,65434.89,65512.4,65362.89,65372.88,566
2026-07-31T01:25:00+00:00,65372.88,65389.88,65207.88,65272.89,983
2026-07-31T01:30:00+00:00,65272.89,65349.89,65177.88,65287.9,1499
2026-07-31T01:35:00+00:00,65287.9,65317.38,65202.88,65312.9,1320
2026-07-31T01:40:00+00:00,65312.9,65312.9,65197.89,65264.9,1079
2026-07-31T01:45:00+00:00,65264.9,65277.38,65117.9,65192.88,949
2026-07-31T01:50:00+00:00,65192.88,65332.4,65122.89,65182.89,1153
2026-07-31T01:55:00+00:00,65182.89,65232.4,65132.88,65174.88,1062
2026-07-31T02:00:00+00:00,65174.88,65227.39,65002.88,65012.88,888
2026-07-31T02:05:00+00:00,65012.88,65137.39,65007.88,65047.88,833
2026-07-31T02:10:00+00:00,65047.88,65047.9,64797.89,64812.89,713
2026-07-31T02:15:00+00:00,64812.89,64812.9,64662.88,64667.89,970
2026-07-31T02:20:00+00:00,64667.89,64752.89,64602.88,64632.89,868
2026-07-31T02:25:00+00:00,64632.89,64722.9,64607.88,64657.88,841
2026-07-31T02:30:00+00:00,64657.88,64667.9,64547.88,64577.89,706
2026-07-31T02:35:00+00:00,64577.89,64582.9,64452.88,64512.88,486
2026-07-31T02:40:00+00:00,64512.88,64572.89,64462.88,64542.9,539
2026-07-31T02:45:00+00:00,64542.9,64632.9,64502.88,64512.9,602
2026-07-31T02:50:00+00:00,64512.9,64552.9,64427.89,64512.9,480
2026-07-31T02:55:00+00:00,64512.9,64617.9,64482.9,64542.89,509
2026-07-31T03:00:00+00:00,64542.89,64547.89,64367.88,64422.88,842
2026-07-31T03:05:00+00:00,64422.88,64432.89,64342.89,64387.89,665
2026-07-31T03:10:00+00:00,64387.89,64542.9,64162.88,64217.88,1070
2026-07-31T03:15:00+00:00,64217.88,64352.89,64207.88,64302.89,634
2026-07-31T03:20:00+00:00,64302.89,64412.88,64187.88,64372.9,920
2026-07-31T03:25:00+00:00,64372.9,64532.9,64357.88,64487.9,557
2026-07-31T03:30:00+00:00,64487.9,64602.9,64367.9,64367.9,1928
2026-07-31T03:35:00+00:00,64367.9,64387.9,64222.89,64317.9,1177
2026-07-31T03:40:00+00:00,64317.9,64342.88,64202.88,64212.9,947
2026-07-31T03:45:00+00:00,64212.9,64237.9,63922.88,64022.9,1097
2026-07-31T03:50:00+00:00,64022.9,64327.9,64017.88,64322.89,997
2026-07-31T03:55:00+00:00,64322.89,64357.89,64237.88,64272.89,840
2026-07-31T04:00:00+00:00,64272.89,64282.9,64067.88,64172.89,787
2026-07-31T04:05:00+00:00,64172.89,64242.9,64157.88,64207.89,687
2026-07-31T04:10:00+00:00,64207.89,64237.88,64117.89,64127.9,681
2026-07-31T04:15:00+00:00,64127.9,64197.9,64087.88,64157.9,586
2026-07-31T04:20:00+00:00,64157.9,64162.9,63997.88,64132.9,711
2026-07-31T04:25:00+00:00,64132.9,64242.88,64057.88,64237.89,766
2026-07-31T04:30:00+00:00,64237.89,64457.88,64232.88,64452.88,788
2026-07-31T04:35:00+00:00,64452.88,64457.89,64377.88,64437.89,647
2026-07-31T04:40:00+00:00,64437.89,64532.9,64432.88,64527.88,424
2026-07-31T04:45:00+00:00,64527.88,64577.39,64507.9,64532.9,447
2026-07-31T04:50:00+00:00,64532.9,64542.39,64377.88,64427.38,556
2026-07-31T04:55:00+00:00,64427.38,64472.39,64397.88,64437.89,461
2026-07-31T05:00:00+00:00,64437.89,64577.38,64432.88,64532.88,682
2026-07-31T05:05:00+00:00,64532.88,64612.4,64472.88,64587.89,597
2026-07-31T05:10:00+00:00,64587.89,64642.38,64547.88,64597.89,594
2026-07-31T05:15:00+00:00,64597.89,64644.89,64577.9,64644.89,452
2026-07-31T05:20:00+00:00,64644.89,64727.38,64627.88,64662.9,435
2026-07-31T05:25:00+00:00,64662.9,64667.9,64552.88,64607.9,536
2026-07-31T05:30:00+00:00,64607.9,64612.88,64352.89,64357.39,821
2026-07-31T05:35:00+00:00,64357.39,64357.4,64257.88,64267.89,1007
2026-07-31T05:40:00+00:00,64267.89,64342.9,64072.88,64077.9,849
2026-07-31T05:45:00+00:00,64077.9,64277.89,64012.89,64267.9,969
2026-07-31T05:50:00+00:00,64267.9,64352.88,64217.88,64347.38,683
2026-07-31T05:55:00+00:00,64347.38,64449.9,64287.88,64427.88,710
2026-07-31T06:00:00+00:00,64427.88,64502.4,64372.88,64387.88,1302
2026-07-31T06:05:00+00:00,64387.88,64492.39,64372.89,64372.89,671
2026-07-31T06:10:00+00:00,64372.89,64477.9,64362.89,64387.89,625
2026-07-31T06:15:00+00:00,64387.89,64437.89,64347.88,64407.89,571
2026-07-31T06:20:00+00:00,64407.89,64412.39,64327.88,64362.89,673
2026-07-31T06:25:00+00:00,64362.89,64512.89,64352.88,64417.9,970
2026-07-31T06:30:00+00:00,64417.9,64437.88,63792.9,63852.9,1722
2026-07-31T06:35:00+00:00,63852.9,63902.4,63712.88,63767.9,1218
2026-07-31T06:40:00+00:00,63767.9,63774.9,63537.9,63722.9,509
2026-07-31T06:45:00+00:00,63722.9,63752.4,63582.88,63662.89,577
2026-07-31T06:50:00+00:00,63662.89,63672.38,63532.88,63672.38,413
2026-07-31T06:55:00+00:00,63672.38,63817.39,63672.38,63757.9,248
2026-07-31T07:00:00+00:00,63757.9,63772.88,63647.88,63757.88,528
2026-07-31T07:05:00+00:00,63757.88,63874.9,63752.89,63837.88,374
2026-07-31T07:10:00+00:00,63837.88,63962.9,63837.88,63942.88,361
2026-07-31T07:15:00+00:00,63942.88,64077.4,63847.39,64072.9,348
2026-07-31T07:20:00+00:00,64072.9,64072.9,63962.88,64052.9,311
2026-07-31T07:25:00+00:00,64052.9,64157.4,64047.88,64092.88,336
2026-07-31T07:30:00+00:00,64092.88,64137.38,64052.88,64074.9,312
2026-07-31T07:35:00+00:00,64074.9,64137.38,64057.89,64097.89,377
2026-07-31T07:40:00+00:00,64097.89,64187.39,64087.88,64147.88,257
2026-07-31T07:45:00+00:00,64147.88,64202.9,64082.89,64082.89,325
2026-07-31T07:50:00+00:00,64082.89,64092.88,64032.88,64072.88,265
2026-07-31T07:55:00+00:00,64072.88,64077.4,64027.88,64037.89,261
2026-07-31T08:00:00+00:00,64037.89,64037.89,63717.88,63802.88,2162
2026-07-31T08:05:00+00:00,63802.88,63912.4,63792.88,63797.9,1277
2026-07-31T08:10:00+00:00,63797.9,63967.39,63752.88,63917.89,1048
2026-07-31T08:15:00+00:00,63917.89,63967.4,63832.89,63902.9,790
2026-07-31T08:20:00+00:00,63902.9,63912.4,63822.88,63907.9,883
2026-07-31T08:25:00+00:00,63907.9,64002.4,63882.9,63942.9,752
2026-07-31T08:30:00+00:00,63942.9,63962.4,63827.88,63877.4,650
2026-07-31T08:35:00+00:00,63877.4,63877.4,63697.88,63702.89,604
2026-07-31T08:40:00+00:00,63702.89,63712.38,63642.88,63677.4,620
2026-07-31T08:45:00+00:00,63677.4,63847.4,63652.88,63822.39,669
2026-07-31T08:50:00+00:00,63822.39,63892.39,63792.88,63847.88,544
2026-07-31T08:55:00+00:00,63847.88,63864.88,63642.9,63752.89,1394
2026-07-31T09:00:00+00:00,63752.89,63857.89,63722.88,63827.9,1674
2026-07-31T09:05:00+00:00,63827.9,63877.4,63692.89,63862.89,1174
2026-07-31T09:10:00+00:00,63862.89,64017.39,63852.88,63982.88,820
2026-07-31T09:15:00+00:00,63982.88,64007.4,63917.88,63917.88,558
2026-07-31T09:20:00+00:00,63917.88,63982.4,63897.89,63922.89,446
2026-07-31T09:25:00+00:00,63922.89,63932.4,63822.88,63847.39,526
2026-07-31T09:30:00+00:00,63847.39,63867.4,63777.88,63787.4,872
2026-07-31T09:35:00+00:00,63787.4,63877.9,63772.89,63832.39,814
2026-07-31T09:40:00+00:00,63832.39,63867.39,63787.9,63837.89,574
2026-07-31T09:45:00+00:00,63837.89,63902.4,63822.88,63877.88,585
2026-07-31T09:50:00+00:00,63877.88,63932.38,63847.88,63882.39,461
2026-07-31T09:55:00+00:00,63882.39,63922.39,63837.9,63862.88,475
2026-07-31T10:00:00+00:00,63862.88,63942.38,63832.9,63887.89,610
2026-07-31T10:05:00+00:00,63887.89,63982.9,63837.88,63977.9,641
2026-07-31T10:10:00+00:00,63977.9,64122.4,63977.88,64092.89,541
2026-07-31T10:15:00+00:00,64092.89,64157.9,64077.88,64157.9,303
2026-07-31T10:20:00+00:00,64157.9,64242.4,64137.89,64142.89,351
2026-07-31T10:25:00+00:00,64142.89,64222.89,64127.88,64202.39,462
2026-07-31T10:30:00+00:00,64202.39,64262.4,64192.88,64234.89,516
2026-07-31T10:35:00+00:00,64234.89,64267.39,64202.89,64237.39,444
2026-07-31T10:40:00+00:00,64237.39,64247.38,64182.88,64207.9,383
2026-07-31T10:45:00+00:00,64207.9,64222.9,64087.89,64107.9,328
2026-07-31T10:50:00+00:00,64107.9,64202.38,64102.88,64172.9,436
2026-07-31T10:55:00+00:00,64172.9,64192.4,64097.88,64147.9,582
2026-07-31T11:00:00+00:00,64147.9,64322.39,64147.9,64277.88,781
2026-07-31T11:05:00+00:00,64277.88,64297.4,64212.88,64227.89,524
2026-07-31T11:10:00+00:00,64227.89,64237.88,64187.88,64192.88,476
2026-07-31T11:15:00+00:00,64192.88,64207.39,64067.89,64112.9,1026
2026-07-31T11:20:00+00:00,64112.9,64137.4,64057.88,64112.89,549
2026-07-31T11:25:00+00:00,64112.89,64132.4,64052.88,64072.38,588
2026-07-31T11:30:00+00:00,64072.38,64079.88,63967.88,63982.39,641
2026-07-31T11:35:00+00:00,63982.39,64052.4,63947.88,63957.38,552
2026-07-31T11:40:00+00:00,63957.38,64007.4,63947.88,63997.88,467
2026-07-31T11:45:00+00:00,63997.88,64032.4,63987.88,63992.88,413
2026-07-31T11:50:00+00:00,63992.88,64057.39,63992.88,64037.89,343
2026-07-31T11:55:00+00:00,64037.89,64062.9,63992.9,64047.89,284
2026-07-31T12:00:00+00:00,64047.89,64062.4,63957.88,63974.88,443
2026-07-31T12:05:00+00:00,63974.88,64002.38,63937.88,63947.88,415
2026-07-31T12:10:00+00:00,63947.88,63969.89,63907.88,63937.89,367
2026-07-31T12:15:00+00:00,63937.89,63957.4,63877.88,63897.38,570
2026-07-31T12:20:00+00:00,63897.38,63962.89,63857.89,63947.88,525
2026-07-31T12:25:00+00:00,63947.88,63987.4,63927.88,63927.89,303
2026-07-31T12:30:00+00:00,63927.89,63977.4,63807.89,63842.88,792
2026-07-31T12:35:00+00:00,63842.88,63867.39,63782.88,63797.88,570
2026-07-31T12:40:00+00:00,63797.88,63857.39,63762.89,63822.88,651
2026-07-31T12:45:00+00:00,63822.88,63852.38,63802.88,63837.9,537
2026-07-31T12:50:00+00:00,63837.9,63952.39,63812.88,63932.88,471
2026-07-31T12:55:00+00:00,63932.88,63947.4,63837.88,63867.9,569
2026-07-31T13:00:00+00:00,63867.9,63937.88,63837.88,63912.9,756
2026-07-31T13:05:00+00:00,63912.9,63977.4,63902.88,63947.88,499
2026-07-31T13:10:00+00:00,63947.88,64017.38,63947.88,63997.88,372
2026-07-31T13:15:00+00:00,63997.88,64077.4,63997.88,64067.88,447
2026-07-31T13:20:00+00:00,64067.88,64094.88,63932.88,64044.88,1063
2026-07-31T13:25:00+00:00,64044.88,64107.4,63937.88,63957.89,1061
2026-07-31T13:30:00+00:00,63957.89,64097.39,63857.88,64062.39,2576
2026-07-31T13:35:00+00:00,64062.39,64132.39,63587.88,63592.9,3090
2026-07-31T13:40:00+00:00,63592.9,63617.4,63329.9,63407.89,2680
2026-07-31T13:45:00+00:00,63407.89,63529.89,63237.39,63297.4,4099
2026-07-31T13:50:00+00:00,63297.4,63307.39,63067.9,63132.88,3619
2026-07-31T13:55:00+00:00,63132.88,63227.4,63052.88,63132.9,2302
2026-07-31T14:00:00+00:00,63132.9,63207.88,62937.9,62942.39,2888
2026-07-31T14:05:00+00:00,62942.39,63027.4,62737.89,62827.39,3035
2026-07-31T14:10:00+00:00,62827.39,62892.4,62702.89,62782.89,3273
2026-07-31T14:15:00+00:00,62782.89,62984.9,62652.88,62912.88,3357
2026-07-31T14:20:00+00:00,62912.88,63082.38,62837.88,62912.9,3169
2026-07-31T14:25:00+00:00,62912.9,63112.39,62907.88,63097.88,2678
2026-07-31T14:30:00+00:00,63097.88,63177.89,63052.88,63137.88,2201
2026-07-31T14:35:00+00:00,63137.88,63312.4,63137.88,63232.88,2102
2026-07-31T14:40:00+00:00,63232.88,63292.4,63162.88,63267.89,2566
2026-07-31T14:45:00+00:00,63267.89,63452.4,63222.9,63427.89,1775
2026-07-31T14:50:00+00:00,63427.89,63462.4,63292.38,63307.88,1602
2026-07-31T14:55:00+00:00,63307.88,63392.39,63217.89,63342.88,1989
2026-07-31T15:00:00+00:00,63342.88,63392.4,63277.89,63372.4,2114
2026-07-31T15:05:00+00:00,63372.4,63427.4,63182.88,63252.89,2075
2026-07-31T15:10:00+00:00,63252.89,63342.4,63162.89,63267.9,2425
2026-07-31T15:15:00+00:00,63267.9,63417.39,63172.88,63212.89,2139
2026-07-31T15:20:00+00:00,63212.89,63232.38,63072.88,63082.39,1650
2026-07-31T15:25:00+00:00,63082.39,63092.4,62882.88,62987.9,1899
2026-07-31T15:30:00+00:00,62987.9,63047.89,62887.88,63047.89,2107
2026-07-31T15:35:00+00:00,63047.89,63242.4,63042.88,63187.9,1445
2026-07-31T15:40:00+00:00,63187.9,63227.9,63047.89,63177.38,1605
2026-07-31T15:45:00+00:00,63177.38,63202.4,63052.88,63137.38,1589
2026-07-31T15:50:00+00:00,63137.38,63317.39,63117.89,63292.9,1432
2026-07-31T15:55:00+00:00,63292.9,63332.88,63207.88,63247.88,1411
2026-07-31T16:00:00+00:00,63247.88,63292.89,63182.88,63197.38,1318
2026-07-31T16:05:00+00:00,63197.38,63222.4,63097.89,63152.89,1085
2026-07-31T16:10:00+00:00,63152.89,63242.4,63147.88,63212.88,1104
2026-07-31T16:15:00+00:00,63212.88,63242.4,63107.88,63187.38,1323
2026-07-31T16:20:00+00:00,63187.38,63327.38,63167.9,63287.88,1026
2026-07-31T16:25:00+00:00,63287.88,63322.89,63187.9,63322.89,970
2026-07-31T16:30:00+00:00,63322.89,63387.38,63302.88,63347.39,937
2026-07-31T16:35:00+00:00,63347.39,63362.4,63297.88,63317.9,900
2026-07-31T16:40:00+00:00,63317.9,63332.39,63207.88,63207.9,932
2026-07-31T16:45:00+00:00,63207.9,63247.4,63182.88,63232.9,1102
2026-07-31T16:50:00+00:00,63232.9,63307.4,63227.88,63257.89,827
2026-07-31T16:55:00+00:00,63257.89,63337.4,63257.88,63292.88,829
2026-07-31T17:00:00+00:00,63292.88,63402.4,63292.88,63377.4,652
2026-07-31T17:05:00+00:00,63377.4,63402.4,63307.88,63347.9,648
2026-07-31T17:10:00+00:00,63347.9,63392.4,63327.88,63362.39,471
2026-07-31T17:15:00+00:00,63362.39,63407.4,63352.88,63387.88,438
2026-07-31T17:20:00+00:00,63387.88,63467.4,63317.89,63442.9,287
2026-07-31T17:25:00+00:00,63442.9,63492.39,63352.89,63362.38,711
2026-07-31T17:30:00+00:00,63362.38,63372.4,63297.88,63352.39,749
2026-07-31T17:35:00+00:00,63352.39,63357.4,63272.9,63282.4,566
2026-07-31T17:40:00+00:00,63282.4,63317.4,63252.88,63282.9,551
2026-07-31T17:45:00+00:00,63282.9,63432.39,63282.9,63307.89,921
2026-07-31T17:50:00+00:00,63307.89,63372.4,63257.9,63307.88,778
2026-07-31T17:55:00+00:00,63307.88,63342.4,63302.88,63317.9,730
2026-07-31T18:00:00+00:00,63317.9,63432.39,63302.9,63372.39,846
2026-07-31T18:05:00+00:00,63372.39,63477.4,63352.88,63417.9,698
2026-07-31T18:10:00+00:00,63417.9,63432.39,63307.88,63327.89,620
2026-07-31T18:15:00+00:00,63327.89,63417.4,63322.89,63387.9,628
2026-07-31T18:20:00+00:00,63387.9,63437.4,63382.88,63427.9,447
2026-07-31T18:25:00+00:00,63427.9,63437.4,63377.88,63422.89,432
2026-07-31T18:30:00+00:00,63422.89,63472.4,63422.89,63457.38,423
2026-07-31T18:35:00+00:00,63457.38,63467.4,63407.88,63427.4,383
2026-07-31T18:40:00+00:00,63427.4,63442.38,63397.89,63412.39,283
2026-07-31T18:45:00+00:00,63412.39,63452.4,63397.88,63442.88,344
2026-07-31T18:50:00+00:00,63442.88,63482.4,63432.88,63457.89,345
2026-07-31T18:55:00+00:00,63457.89,63472.38,63387.88,63427.4,401
2026-07-31T19:00:00+00:00,63427.4,63487.4,63377.88,63392.4,514
2026-07-31T19:05:00+00:00,63392.4,63437.9,63357.88,63437.9,523
2026-07-31T19:10:00+00:00,63437.9,63459.89,63402.89,63432.89,388
2026-07-31T19:15:00+00:00,63432.89,63512.4,63402.88,63512.39,649
2026-07-31T19:20:00+00:00,63512.39,63522.4,63482.88,63487.9,598
2026-07-31T19:25:00+00:00,63487.9,63487.9,63442.89,63467.39,355
2026-07-31T19:30:00+00:00,63467.39,63472.39,63412.9,63432.89,469
2026-07-31T19:35:00+00:00,63432.89,63477.39,63417.88,63462.39,385
2026-07-31T19:40:00+00:00,63462.39,63534.88,63427.88,63527.38,476
2026-07-31T19:45:00+00:00,63527.38,63532.4,63427.89,63467.88,638
2026-07-31T19:50:00+00:00,63467.88,63527.4,63397.88,63502.39,741
2026-07-31T19:55:00+00:00,63502.39,63502.39,63262.89,63282.9,828
2026-07-31T20:00:00+00:00,63282.9,63362.4,63262.88,63287.9,922
2026-07-31T20:05:00+00:00,63287.9,63332.88,63277.9,63277.9,181
2026-07-31T20:10:00+00:00,63277.9,63292.9,63232.88,63257.9,230
2026-07-31T20:15:00+00:00,63257.9,63257.9,63097.88,63102.88,272
2026-07-31T20:20:00+00:00,63102.88,63127.89,63082.88,63087.88,207
2026-07-31T20:25:00+00:00,63087.88,63142.88,63067.9,63117.9,226
2026-07-31T20:30:00+00:00,63117.9,63142.9,63042.88,63142.88,233
2026-07-31T20:35:00+00:00,63142.88,63157.4,63082.88,63107.89,206
2026-07-31T20:40:00+00:00,63107.89,63127.4,63037.88,63057.4,205
2026-08-02T22:00:00+00:00,63057.4,63695.59,63057.4,63375.6,145
2026-08-02T22:05:00+00:00,63375.6,63390.59,63245.59,63280.58,49
2026-08-02T22:10:00+00:00,63280.58,63455.09,63280.58,63400.59,63
2026-08-02T22:15:00+00:00,63400.59,63435.09,63315.58,63315.58,94
2026-08-02T22:20:00+00:00,63315.58,63350.6,63290.58,63340.59,64
2026-08-02T22:25:00+00:00,63340.59,63415.6,63340.59,63405.6,24
2026-08-02T22:30:00+00:00,63405.6,63452.58,63385.6,63440.59,31
2026-08-02T22:35:00+00:00,63440.59,63535.08,63440.59,63510.58,17
2026-08-02T22:40:00+00:00,63510.58,63535.59,63480.6,63490.59,23
2026-08-02T22:45:00+00:00,63490.59,63535.6,63490.59,63535.58,9
2026-08-02T22:50:00+00:00,63535.58,63560.59,63535.08,63555.09,26
2026-08-02T22:55:00+00:00,63555.09,63560.6,63505.59,63520.6,21
2026-08-02T23:00:00+00:00,63520.6,63880.59,63520.6,63775.59,97
2026-08-02T23:05:00+00:00,63775.59,63895.6,63775.59,63840.6,48
2026-08-02T23:10:00+00:00,63840.6,63840.6,63625.6,63625.6,46
2026-08-02T23:15:00+00:00,63625.6,63665.58,63595.6,63665.58,21
2026-08-02T23:20:00+00:00,63665.58,63830.59,63665.58,63800.58,31.18407248450167
2026-08-02T23:25:00+00:00,63800.58,63800.58,63685.58,63700.6,60
2026-08-02T23:30:00+00:00,63700.6,63715.6,63595.58,63615.6,87
2026-08-02T23:35:00+00:00,63615.6,63640.6,63535.59,63535.59,58
2026-08-02T23:40:00+00:00,63535.59,63610.6,63520.58,63570.58,116
2026-08-02T23:45:00+00:00,63570.58,63890.59,63330.6,63870.59,1042
2026-08-02T23:50:00+00:00,63870.59,64190.58,63770.59,63800.59,1160
2026-08-02T23:55:00+00:00,63800.59,63945.6,63765.58,63795.58,380
2026-08-03T00:00:00+00:00,63795.58,63795.58,63270.58,63365.59,1862
2026-08-03T00:05:00+00:00,63365.59,63645.6,63345.59,63585.59,2185
2026-08-03T00:10:00+00:00,63585.59,63660.59,63280.58,63535.6,1313
2026-08-03T00:15:00+00:00,63535.6,63795.59,63455.6,63595.58,2578
2026-08-03T00:20:00+00:00,63595.58,63695.58,63495.59,63500.58,2596
2026-08-03T00:25:00+00:00,63500.58,63610.59,63190.6,63295.6,2788
2026-08-03T00:30:00+00:00,63295.6,63450.58,63175.59,63225.6,2738
2026-08-03T00:35:00+00:00,63225.6,63355.59,63075.58,63275.6,2615
2026-08-03T00:40:00+00:00,63275.6,63380.59,63065.58,63145.6,2350
2026-08-03T00:45:00+00:00,63145.6,63235.6,62990.59,63190.6,2856
2026-08-03T00:50:00+00:00,63190.6,63240.6,62915.58,63180.59,2409
2026-08-03T00:55:00+00:00,63180.59,63240.6,62965.58,63160.59,1878
2026-08-03T01:00:00+00:00,63160.59,63165.59,62920.58,63070.6,2211
2026-08-03T01:05:00+00:00,63070.6,63320.6,63065.58,63280.58,1706
2026-08-03T01:10:00+00:00,63280.58,63365.6,62870.6,62950.59,1831
2026-08-03T01:15:00+00:00,62950.59,62960.59,62790.59,62805.59,1638
2026-08-03T01:20:00+00:00,62805.59,63115.6,62785.58,63080.59,1252
2026-08-03T01:25:00+00:00,63080.59,63095.6,62955.6,63040.6,1636
2026-08-03T01:30:00+00:00,63040.6,63170.1,62940.58,62950.58,1533
2026-08-03T01:35:00+00:00,62950.58,62960.6,62815.58,62910.59,1567
2026-08-03T01:40:00+00:00,62910.59,63100.6,62890.59,63020.59,1580
2026-08-03T01:45:00+00:00,63020.59,63210.09,62980.6,63140.6,1752
2026-08-03T01:50:00+00:00,63140.6,63320.1,63140.6,63205.58,963
2026-08-03T01:55:00+00:00,63205.58,63395.09,63205.58,63345.6,757
2026-08-03T02:00:00+00:00,63345.6,63420.08,63245.6,63390.6,964
2026-08-03T02:05:00+00:00,63390.6,63490.1,63370.58,63435.6,786
2026-08-03T02:10:00+00:00,63435.6,63590.09,63430.59,63535.6,927
2026-08-03T02:15:00+00:00,63535.6,63600.08,63450.58,63595.59,781
2026-08-03T02:20:00+00:00,63595.59,63655.1,63425.6,63450.6,994
2026-08-03T02:25:00+00:00,63450.6,63455.08,63335.58,63340.59,955
2026-08-03T02:30:00+00:00,63340.59,63510.6,63340.59,63505.59,592
2026-08-03T02:35:00+00:00,63505.59,63525.09,63400.58,63420.6,751
2026-08-03T02:40:00+00:00,63420.6,63480.1,63370.58,63370.58,511
2026-08-03T02:45:00+00:00,63370.58,63450.09,63370.58,63425.59,401
2026-08-03T02:50:00+00:00,63425.59,63470.58,63390.59,63445.58,438
2026-08-03T02:55:00+00:00,63445.58,63465.58,63415.58,63465.08,295
2026-08-03T03:00:00+00:00,63465.08,63470.58,63395.58,63415.1,435
2026-08-03T03:05:00+00:00,63415.1,63440.1,63370.58,63415.59,333
2026-08-03T03:10:00+00:00,63415.59,63425.1,63380.58,63380.58,269
2026-08-03T03:15:00+00:00,63380.58,63395.1,63340.09,63375.58,364
2026-08-03T03:20:00+00:00,63375.58,63390.58,63260.58,63300.59,274
2026-08-03T03:25:00+00:00,63300.59,63365.1,63250.59,63315.58,358
2026-08-03T03:30:00+00:00,63315.58,63550.09,63305.58,63520.58,1883
2026-08-03T03:35:00+00:00,63520.58,63650.09,63485.58,63625.59,1016
2026-08-03T03:40:00+00:00,63625.59,63760.1,63625.59,63760.1,493
2026-08-03T03:45:00+00:00,63760.1,63835.08,63730.59,63820.58,497
2026-08-03T03:50:00+00:00,63820.58,64000.09,63800.58,63985.58,640
2026-08-03T03:55:00+00:00,63985.58,63995.1,63725.59,63735.6,774
2026-08-03T04:00:00+00:00,63735.6,63760.1,63670.58,63705.6,708
2026-08-03T04:05:00+00:00,63705.6,63795.1,63670.6,63735.09,680
2026-08-03T04:10:00+00:00,63735.09,63755.09,63640.58,63690.59,686
2026-08-03T04:15:00+00:00,63690.59,63805.09,63675.58,63775.59,677
2026-08-03T04:20:00+00:00,63775.59,63900.1,63760.58,63875.6,551
2026-08-03T04:25:00+00:00,63875.6,63910.6,63855.58,63885.08,484
2026-08-03T04:30:00+00:00,63885.08,63900.1,63820.58,63835.1,489
2026-08-03T04:35:00+00:00,63835.1,63860.1,63750.1,63750.1,500
2026-08-03T04:40:00+00:00,63750.1,63780.58,63705.59,63765.08,481
2026-08-03T04:45:00+00:00,63765.08,63860.6,63725.59,63840.58,835
2026-08-03T04:50:00+00:00,63840.58,63855.1,63775.59,63785.6,595
2026-08-03T04:55:00+00:00,63785.6,63800.1,63695.58,63725.08,718
2026-08-03T05:00:00+00:00,63725.08,63825.1,63695.59,63710.58,801
2026-08-03T05:05:00+00:00,63710.58,63725.59,63655.6,63720.58,602
2026-08-03T05:10:00+00:00,63720.58,63805.58,63715.58,63735.59,525
2026-08-03T05:15:00+00:00,63735.59,63735.59,63620.58,63640.58,464
2026-08-03T05:20:00+00:00,63640.58,63710.58,63635.59,63705.09,510
2026-08-03T05:25:00+00:00,63705.09,63747.58,63685.58,63725.08,541
2026-08-03T05:30:00+00:00,63725.08,63780.09,63700.58,63725.6,525
2026-08-03T05:35:00+00:00,63725.6,63780.09,63690.58,63735.09,609
2026-08-03T05:40:00+00:00,63735.09,63745.08,63650.58,63705.59,805
2026-08-03T05:45:00+00:00,63705.59,63795.09,63690.58,63780.1,640
2026-08-03T05:50:00+00:00,63780.1,63780.1,63680.58,63695.1,539
2026-08-03T05:55:00+00:00,63695.1,63745.1,63670.6,63715.58,540
2026-08-03T06:00:00+00:00,63715.58,63732.58,63620.58,63725.6,679
2026-08-03T06:05:00+00:00,63725.6,63805.08,63715.59,63800.6,635
2026-08-03T06:10:00+00:00,63800.6,63845.1,63720.58,63720.58,365
2026-08-03T06:15:00+00:00,63720.58,63835.08,63695.58,63805.58,357
2026-08-03T06:20:00+00:00,63805.58,63827.59,63745.58,63765.09,364
2026-08-03T06:25:00+00:00,63765.09,63805.6,63685.59,63775.08,802
2026-08-03T06:30:00+00:00,63775.08,63915.59,63755.58,63790.59,615
2026-08-03T06:35:00+00:00,63790.59,63815.08,63740.1,63800.59,420
2026-08-03T06:40:00+00:00,63800.59,63855.1,63760.58,63830.6,226
2026-08-03T06:45:00+00:00,63830.6,63882.59,63830.58,63850.1,182
2026-08-03T06:50:00+00:00,63850.1,63850.1,63765.1,63770.6,122
2026-08-03T06:55:00+00:00,63770.6,63780.09,63700.59,63700.6,112
2026-08-03T07:00:00+00:00,63700.6,63755.59,63605.58,63680.58,293
2026-08-03T07:05:00+00:00,63680.58,63815.58,63680.58,63725.58,316
2026-08-03T07:10:00+00:00,63725.58,63795.59,63700.6,63780.59,260
2026-08-03T07:15:00+00:00,63780.59,63790.58,63595.58,63630.59,778
2026-08-03T07:20:00+00:00,63630.59,63740.6,63615.6,63735.59,515
2026-08-03T07:25:00+00:00,63735.59,63750.6,63670.58,63710.59,294
2026-08-03T07:30:00+00:00,63710.59,63745.58,63675.6,63735.6,239
2026-08-03T07:35:00+00:00,63735.6,63770.59,63650.58,63685.6,291
2026-08-03T07:40:00+00:00,63685.6,63685.6,63605.58,63610.59,233
2026-08-03T07:45:00+00:00,63610.59,63732.58,63605.6,63700.59,211
2026-08-03T07:50:00+00:00,63700.59,63720.6,63650.58,63695.59,238
2026-08-03T07:55:00+00:00,63695.59,63765.59,63695.59,63765.59,251
2026-08-03T08:00:00+00:00,63765.59,63795.6,63365.58,63380.59,1042
2026-08-03T08:05:00+00:00,63380.59,63485.58,63330.59,63450.58,830
2026-08-03T08:10:00+00:00,63450.58,63525.08,63370.58,63515.58,598
2026-08-03T08:15:00+00:00,63515.58,63520.09,63335.6,63345.59,438
2026-08-03T08:20:00+00:00,63345.59,63365.6,63315.58,63330.59,472
2026-08-03T08:25:00+00:00,63330.59,63360.6,63290.6,63340.59,559
2026-08-03T08:30:00+00:00,63340.59,63385.09,63295.58,63325.58,468
2026-08-03T08:35:00+00:00,63325.58,63420.6,63275.59,63410.6,715
2026-08-03T08:40:00+00:00,63410.6,63440.59,63350.58,63380.59,380
2026-08-03T08:45:00+00:00,63380.59,63430.58,63355.58,63400.6,469
2026-08-03T08:50:00+00:00,63400.6,63420.6,63385.58,63410.59,243
2026-08-03T08:55:00+00:00,63410.59,63527.6,63410.59,63520.6,305
2026-08-03T09:00:00+00:00,63520.6,63545.1,63410.59,63425.59,454
2026-08-03T09:05:00+00:00,63425.59,63480.6,63415.58,63415.59,256
2026-08-03T09:10:00+00:00,63415.59,63440.1,63290.08,63325.58,486
2026-08-03T09:15:00+00:00,63325.58,63355.6,63300.58,63345.59,409
2026-08-03T09:20:00+00:00,63345.59,63360.6,63255.58,63255.58,369
2026-08-03T09:25:00+00:00,63255.58,63285.6,63255.58,63285.59,314
2026-08-03T09:30:00+00:00,63285.59,63335.59,63265.58,63315.58,495
2026-08-03T09:35:00+00:00,63315.58,63380.6,63305.58,63325.58,459
2026-08-03T09:40:00+00:00,63325.58,63350.58,63270.58,63275.59,396
2026-08-03T09:45:00+00:00,63275.59,63325.6,63177.58,63205.1,411
2026-08-03T09:50:00+00:00,63205.1,63207.59,63080.59,63130.6,490
2026-08-03T09:55:00+00:00,63130.6,63220.1,63120.58,63205.08,490
2026-08-03T10:00:00+00:00,63205.08,63215.1,63100.58,63150.08,618
2026-08-03T10:05:00+00:00,63150.08,63150.1,63070.6,63085.6,473
2026-08-03T10:10:00+00:00,63085.6,63105.1,63060.58,63075.58,494
2026-08-03T10:15:00+00:00,63075.58,63120.1,63045.6,63055.1,575
2026-08-03T10:20:00+00:00,63055.1,63060.1,62910.59,62925.58,671
2026-08-03T10:25:00+00:00,62925.58,62995.58,62895.58,62995.58,641
2026-08-03T10:30:00+00:00,62995.58,63040.08,62930.58,63040.08,454
2026-08-03T10:35:00+00:00,63040.08,63060.59,63010.58,63035.6,443
2026-08-03T10:40:00+00:00,63035.6,63055.1,62990.59,63020.1,489
2026-08-03T10:45:00+00:00,63020.1,63035.1,62980.58,62985.59,414
2026-08-03T10:50:00+00:00,62985.59,63040.08,62980.58,63020.59,435
2026-08-03T10:55:00+00:00,63020.59,63075.1,63020.59,63050.58,294
2026-08-03T11:00:00+00:00,63050.58,63055.1,62895.58,62955.59,847
2026-08-03T11:05:00+00:00,62955.59,62965.1,62880.59,62905.59,600
2026-08-03T11:10:00+00:00,62905.59,62925.1,62890.58,62910.6,420
2026-08-03T11:15:00+00:00,62910.6,62970.08,62885.58,62965.09,470
2026-08-03T11:20:00+00:00,62965.09,62975.09,62900.58,62900.6,500
2026-08-03T11:25:00+00:00,62900.6,62930.09,62880.59,62895.1,441
2026-08-03T11:30:00+00:00,62895.1,62990.09,62875.58,62965.6,706
2026-08-03T11:35:00+00:00,62965.6,62990.08,62825.58,62830.59,571
2026-08-03T11:40:00+00:00,62830.59,62850.09,62780.58,62830.59,515
2026-08-03T11:45:00+00:00,62830.59,62835.58,62725.59,62790.59,499
2026-08-03T11:50:00+00:00,62790.59,62790.59,62665.58,62670.08,656
2026-08-03T11:55:00+00:00,62670.08,62690.08,62625.58,62665.59,546
2026-08-03T12:00:00+00:00,62665.59,62665.59,62565.6,62580.58,811
2026-08-03T12:05:00+00:00,62580.58,62650.09,62535.58,62640.08,669
2026-08-03T12:10:00+00:00,62640.08,62690.09,62610.58,62680.1,550
2026-08-03T12:15:00+00:00,62680.1,62715.1,62650.58,62665.6,468
2026-08-03T12:20:00+00:00,62665.6,62685.1,62625.58,62630.08,611
2026-08-03T12:25:00+00:00,62630.08,62690.1,62595.58,62640.58,496
2026-08-03T12:30:00+00:00,62640.58,62670.09,62615.58,62665.59,476
2026-08-03T12:35:00+00:00,62665.59,62680.1,62625.58,62655.59,377
2026-08-03T12:40:00+00:00,62655.59,62730.1,62640.59,62725.59,573
2026-08-03T12:45:00+00:00,62725.59,62735.1,62585.58,62590.1,484
2026-08-03T12:50:00+00:00,62590.1,62640.1,62570.58,62615.6,458
2026-08-03T12:55:00+00:00,62615.6,62650.1,62595.58,62640.59,493
2026-08-03T13:00:00+00:00,62640.59,62690.08,62575.59,62630.58,739
2026-08-03T13:05:00+00:00,62630.58,62660.09,62600.58,62620.58,614
2026-08-03T13:10:00+00:00,62620.58,62640.6,62540.59,62575.59,573
2026-08-03T13:15:00+00:00,62575.59,62605.59,62510.59,62570.58,615
2026-08-03T13:20:00+00:00,62570.58,62595.1,62525.58,62575.59,722
2026-08-03T13:25:00+00:00,62575.59,62595.09,62480.58,62535.58,926
2026-08-03T13:30:00+00:00,62535.58,62550.59,62140.08,62147.58,2791
2026-08-03T13:35:00+00:00,62147.58,62587.59,62127.59,62465.08,2545
2026-08-03T13:40:00+00:00,62465.08,62497.6,62290.58,62415.6,2155
2026-08-03T13:45:00+00:00,62415.6,62550.08,62365.6,62415.08,2145
2026-08-03T13:50:00+00:00,62415.08,62570.08,62405.58,62525.1,2337
2026-08-03T13:55:00+00:00,62525.1,62660.1,62505.59,62635.58,1394
2026-08-03T14:00:00+00:00,62635.58,62750.08,62580.1,62595.08,1861
2026-08-03T14:05:00+00:00,62595.08,62635.09,62495.09,62545.59,2207
2026-08-03T14:10:00+00:00,62545.59,62730.1,62495.09,62670.08,2100
2026-08-03T14:15:00+00:00,62670.08,62770.08,62630.08,62690.58,1930
2026-08-03T14:20:00+00:00,62690.58,62787.59,62680.58,62770.08,1374
2026-08-03T14:25:00+00:00,62770.08,62912.6,62765.58,62910.09,1495
2026-08-03T14:30:00+00:00,62910.09,62992.6,62880.1,62975.08,1290
2026-08-03T14:35:00+00:00,62975.08,63057.6,62975.08,63040.1,900
2026-08-03T14:40:00+00:00,63040.1,63065.09,62950.58,62950.58,1015
2026-08-03T14:45:00+00:00,62950.58,63145.1,62935.58,63120.59,1098
2026-08-03T14:50:00+00:00,63120.59,63260.6,63115.58,63210.59,722
2026-08-03T14:55:00+00:00,63210.59,63275.1,63195.6,63230.59,649
2026-08-03T15:00:00+00:00,63230.59,63245.1,63105.59,63165.08,629
2026-08-03T15:05:00+00:00,63165.08,63195.09,63115.58,63140.58,767
2026-08-03T15:10:00+00:00,63140.58,63170.1,63045.58,63110.6,925
2026-08-03T15:15:00+00:00,63110.6,63155.08,63095.58,63120.6,758
2026-08-03T15:20:00+00:00,63120.6,63165.1,63065.6,63085.09,647
2026-08-03T15:25:00+00:00,63085.09,63140.08,63025.6,63045.08,898
2026-08-03T15:30:00+00:00,63045.08,63215.09,63040.58,63185.09,875
2026-08-03T15:35:00+00:00,63185.09,63215.59,63125.58,63205.6,886
2026-08-03T15:40:00+00:00,63205.6,63265.1,63195.58,63202.59,531
2026-08-03T15:45:00+00:00,63202.59,63235.1,63180.58,63190.08,537
2026-08-03T15:50:00+00:00,63190.08,63250.09,63150.58,63220.08,394
2026-08-03T15:55:00+00:00,63220.08,63220.08,63145.58,63190.1,438
2026-08-03T16:00:00+00:00,63190.1,63245.08,63165.58,63220.6,414
2026-08-03T16:05:00+00:00,63220.6,63270.1,63205.58,63225.6,388
2026-08-03T16:10:00+00:00,63225.6,63235.1,63185.59,63205.59,350
2026-08-03T16:15:00+00:00,63205.59,63270.1,63160.08,63260.59,431
2026-08-03T16:20:00+00:00,63260.59,63275.1,63190.6,63210.1,369
2026-08-03T16:25:00+00:00,63210.1,63235.09,63175.58,63205.58,321
2026-08-03T16:30:00+00:00,63205.58,63230.1,63155.6,63180.6,330
2026-08-03T16:35:00+00:00,63180.6,63195.08,63125.58,63130.09,304
2026-08-03T16:40:00+00:00,63130.09,63165.1,63105.58,63155.59,265
2026-08-03T16:45:00+00:00,63155.59,63180.1,63135.6,63135.6,348
2026-08-03T16:50:00+00:00,63135.6,63160.1,63080.59,63100.08,190
2026-08-03T16:55:00+00:00,63100.08,63125.1,63080.58,63100.08,185
2026-08-03T17:00:00+00:00,63100.08,63115.1,63065.58,63100.08,243
2026-08-03T17:05:00+00:00,63100.08,63160.1,63080.58,63157.58,227
2026-08-03T17:10:00+00:00,63157.58,63195.1,63145.59,63175.09,160
2026-08-03T17:15:00+00:00,63175.09,63195.1,63160.58,63165.58,149
2026-08-03T17:20:00+00:00,63165.58,63200.1,63160.58,63195.08,106
2026-08-03T17:25:00+00:00,63195.08,63212.6,63167.6,63175.59,160
2026-08-03T17:30:00+00:00,63175.59,63235.1,63170.1,63235.1,170
2026-08-03T17:35:00+00:00,63235.1,63250.1,63215.58,63235.6,199
2026-08-03T17:40:00+00:00,63235.6,63285.08,63230.58,63285.08,177
2026-08-03T17:45:00+00:00,63285.08,63310.1,63275.58,63280.58,110
2026-08-03T17:50:00+00:00,63280.58,63320.09,63280.58,63290.09,130
2026-08-03T17:55:00+00:00,63290.09,63352.59,63285.6,63345.09,130
2026-08-03T18:00:00+00:00,63345.09,63405.1,63345.09,63400.09,220
2026-08-03T18:05:00+00:00,63400.09,63435.1,63380.58,63420.59,234
2026-08-03T18:10:00+00:00,63420.59,63460.09,63380.58,63400.08,229
2026-08-03T18:15:00+00:00,63400.08,63440.1,63365.58,63370.09,142
2026-08-03T18:20:00+00:00,63370.09,63405.1,63355.59,63390.1,173
2026-08-03T18:25:00+00:00,63390.1,63395.1,63325.58,63330.6,150
2026-08-03T18:30:00+00:00,63330.6,63355.09,63290.58,63340.1,326
2026-08-03T18:35:00+00:00,63340.1,63340.1,63300.58,63307.59,218
2026-08-03T18:40:00+00:00,63307.59,63335.08,63295.08,63330.1,226
2026-08-03T18:45:00+00:00,63330.1,63335.1,63280.58,63315.08,146
2026-08-03T18:50:00+00:00,63315.08,63330.09,63295.59,63300.08,124
2026-08-03T18:55:00+00:00,63300.08,63307.6,63270.59,63285.58,101
2026-08-03T19:00:00+00:00,63285.58,63380.09,63285.58,63350.58,170
2026-08-03T19:05:00+00:00,63350.58,63360.09,63310.09,63335.09,271
2026-08-03T19:10:00+00:00,63335.09,63355.1,63325.58,63345.1,202
2026-08-03T19:15:00+00:00,63345.1,63370.1,63340.59,63360.08,263
2026-08-03T19:20:00+00:00,63360.08,63375.08,63355.58,63365.1,141
2026-08-03T19:25:00+00:00,63365.1,63367.6,63347.59,63357.58,116
2026-08-03T19:30:00+00:00,63357.58,63395.1,63357.58,63387.59,178
2026-08-03T19:35:00+00:00,63387.59,63415.1,63385.08,63415.08,119
2026-08-03T19:40:00+00:00,63415.08,63440.1,63405.08,63425.09,175
2026-08-03T19:45:00+00:00,63425.09,63445.1,63415.58,63442.59,124
2026-08-03T19:50:00+00:00,63442.59,63475.1,63400.58,63405.59,294
2026-08-03T19:55:00+00:00,63405.59,63425.1,63370.6,63422.58,326
2026-08-03T20:00:00+00:00,63422.58,63430.09,63390.58,63430.09,165
2026-08-03T20:05:00+00:00,63430.09,63505.1,63430.09,63502.6,66
2026-08-03T20:10:00+00:00,63502.6,63535.1,63500.58,63520.6,113
2026-08-03T20:15:00+00:00,63520.6,63585.09,63520.6,63585.09,76
2026-08-03T20:20:00+00:00,63585.09,63590.1,63540.59,63540.59,87
2026-08-03T20:25:00+00:00,63540.59,63565.09,63540.58,63555.6,78
2026-08-03T20:30:00+00:00,63555.6,63585.1,63555.6,63580.08,51
2026-08-03T20:35:00+00:00,63580.08,63635.1,63580.08,63625.58,65
2026-08-03T20:40:00+00:00,63625.58,63650.09,63625.58,63640.1,57
2026-08-03T20:45:00+00:00,63640.1,63640.1,63595.6,63600.58,41
2026-08-03T20:50:00+00:00,63600.58,63600.58,63530.58,63535.58,62
2026-08-03T20:55:00+00:00,63535.58,63535.58,63470.58,63482.58,47
2026-08-03T22:05:00+00:00,63482.58,63513.13,63482.58,63498.12,5
2026-08-03T22:10:00+00:00,63498.12,63520.12,63498.12,63503.14,18
2026-08-03T22:15:00+00:00,63503.14,63533.12,63503.12,63533.12,14
2026-08-03T22:20:00+00:00,63533.12,63538.14,63528.12,63528.12,10
2026-08-03T22:25:00+00:00,63528.12,63528.14,63508.12,63508.13,9
2026-08-03T22:30:00+00:00,63508.13,63518.14,63508.13,63518.12,5
2026-08-03T22:40:00+00:00,63518.12,63583.12,63518.12,63568.12,11
2026-08-03T22:45:00+00:00,63568.12,63568.13,63518.13,63548.14,28
2026-08-03T22:50:00+00:00,63548.14,63548.14,63538.12,63548.12,10
2026-08-03T22:55:00+00:00,63548.12,63563.14,63533.14,63533.14,12
2026-08-03T23:00:00+00:00,63533.14,63543.13,63508.12,63528.13,34
2026-08-03T23:05:00+00:00,63528.13,63528.13,63508.12,63508.12,18
2026-08-03T23:10:00+00:00,63508.12,63558.13,63508.12,63538.14,16.989919131494403
2026-08-03T23:15:00+00:00,63538.14,63578.14,63533.14,63578.14,19.51165002377556
2026-08-03T23:20:00+00:00,63578.14,63588.14,63573.12,63573.14,21
2026-08-03T23:25:00+00:00,63573.14,63598.14,63563.12,63573.13,12
2026-08-03T23:30:00+00:00,63573.13,63583.14,63538.13,63573.12,56
2026-08-03T23:35:00+00:00,63573.12,63683.14,63558.14,63628.14,94
2026-08-03T23:40:00+00:00,63628.14,63678.13,63628.13,63663.13,88
2026-08-03T23:45:00+00:00,63663.13,64158.12,63663.13,64098.12,665
2026-08-03T23:50:00+00:00,64098.12,64153.14,63973.14,64028.14,578
2026-08-03T23:55:00+00:00,64028.14,64313.14,64018.12,64308.12,623
2026-08-04T00:00:00+00:00,64308.12,64323.14,63963.14,64198.12,3072
2026-08-04T00:05:00+00:00,64198.12,64233.14,63968.13,63988.13,1722
2026-08-04T00:10:00+00:00,63988.13,64033.14,63818.12,63883.13,1278
2026-08-04T00:15:00+00:00,63883.13,63903.12,63618.12,63643.14,1643
2026-08-04T00:20:00+00:00,63643.14,63753.12,63583.12,63583.12,2258
2026-08-04T00:25:00+00:00,63583.12,63728.14,63538.12,63683.14,1863
2026-08-04T00:30:00+00:00,63683.14,63743.13,63393.12,63423.13,1682
2026-08-04T00:35:00+00:00,63423.13,63427.62,63178.13,63188.14,1268
2026-08-04T00:40:00+00:00,63188.14,63312.63,63028.14,63298.12,1463
2026-08-04T00:45:00+00:00,63298.12,63385.13,63158.12,63358.14,1845
2026-08-04T00:50:00+00:00,63358.14,63470.13,63283.13,63333.12,1688
2026-08-04T00:55:00+00:00,63333.12,63343.13,63173.12,63188.13,1778
2026-08-04T01:00:00+00:00,63188.13,63238.14,63038.12,63098.13,2359
2026-08-04T01:05:00+00:00,63098.13,63173.14,63043.13,63153.13,1983
2026-08-04T01:10:00+00:00,63153.13,63283.13,63118.13,63223.13,1215
2026-08-04T01:15:00+00:00,63223.13,63340.14,63003.12,63038.12,1490
2026-08-04T01:20:00+00:00,63038.12,63138.14,62978.13,62978.13,1491
2026-08-04T01:25:00+00:00,62978.13,63178.12,62948.12,63178.12,1146
2026-08-04T01:30:00+00:00,63178.12,63417.63,63168.12,63398.12,1280
2026-08-04T01:35:00+00:00,63398.12,63442.63,63143.13,63148.12,1247
2026-08-04T01:40:00+00:00,63148.12,63408.14,63128.12,63408.14,939
2026-08-04T01:45:00+00:00,63408.14,63535.12,63373.13,63503.12,651
2026-08-04T01:50:00+00:00,63503.12,63757.63,63493.12,63737.64,796
2026-08-04T01:55:00+00:00,63737.64,63777.64,63668.13,63738.14,932
2026-08-04T02:00:00+00:00,63738.14,63748.14,63438.12,63438.14,1068
2026-08-04T02:05:00+00:00,63438.14,63555.14,63368.12,63513.13,1017
2026-08-04T02:10:00+00:00,63513.13,63528.14,63433.13,63483.14,946
2026-08-04T02:15:00+00:00,63483.14,63488.13,63383.13,63458.14,917
2026-08-04T02:20:00+00:00,63458.14,63473.14,63348.12,63413.12,845
2026-08-04T02:25:00+00:00,63413.12,63473.13,63393.12,63418.14,811
2026-08-04T02:30:00+00:00,63418.14,63583.14,63418.14,63548.13,727
2026-08-04T02:35:00+00:00,63548.13,63603.14,63523.12,63543.14,541
2026-08-04T02:40:00+00:00,63543.14,63583.14,63488.13,63563.13,440
2026-08-04T02:45:00+00:00,63563.13,63568.14,63468.12,63498.13,475
2026-08-04T02:50:00+00:00,63498.13,63528.14,63463.14,63498.13,474
2026-08-04T02:55:00+00:00,63498.13,63518.14,63393.13,63403.13,272
2026-08-04T03:00:00+00:00,63403.13,63488.14,63388.12,63398.14,375
2026-08-04T03:05:00+00:00,63398.14,63463.14,63358.12,63423.12,358
2026-08-04T03:10:00+00:00,63423.12,63437.62,63318.12,63353.14,319
2026-08-04T03:15:00+00:00,63353.14,63383.14,63318.12,63363.12,313
2026-08-04T03:20:00+00:00,63363.12,63483.12,63358.12,63468.12,283
2026-08-04T03:25:00+00:00,63468.12,63498.14,63408.12,63453.12,345
2026-08-04T03:30:00+00:00,63453.12,63643.14,63453.12,63588.12,1108
2026-08-04T03:35:00+00:00,63588.12,63610.13,63508.12,63593.13,730
2026-08-04T03:40:00+00:00,63593.13,63618.14,63358.13,63408.13,896
2026-08-04T03:45:00+00:00,63408.13,63507.62,63373.12,63488.13,655
2026-08-04T03:50:00+00:00,63488.13,63623.14,63478.12,63548.13,613
2026-08-04T03:55:00+00:00,63548.13,63643.13,63518.12,63593.12,575
2026-08-04T04:00:00+00:00,63593.12,63653.14,63513.13,63528.13,675
2026-08-04T04:05:00+00:00,63528.13,63533.14,63423.13,63448.14,727
2026-08-04T04:10:00+00:00,63448.14,63467.62,63348.13,63463.14,545
2026-08-04T04:15:00+00:00,63463.14,63653.14,63453.12,63643.12,614
2026-08-04T04:20:00+00:00,63643.12,63648.14,63528.12,63628.14,598
2026-08-04T04:25:00+00:00,63628.14,63653.14,63558.14,63653.12,462
2026-08-04T04:30:00+00:00,63653.12,63688.14,63613.12,63613.12,600
2026-08-04T04:35:00+00:00,63613.12,63623.14,63538.13,63538.13,477
2026-08-04T04:40:00+00:00,63538.13,63587.63,63528.12,63572.63,528
2026-08-04T04:45:00+00:00,63572.63,63697.64,63548.12,63693.14,578
2026-08-04T04:50:00+00:00,63693.14,63757.63,63653.13,63713.14,480
2026-08-04T04:55:00+00:00,63713.14,63758.13,63578.13,63653.14,511
2026-08-04T05:00:00+00:00,63653.14,63712.64,63548.12,63588.13,1173
2026-08-04T05:05:00+00:00,63588.13,63653.14,63553.14,63643.14,725
2026-08-04T05:10:00+00:00,63643.14,63643.14,63468.12,63533.12,630
2026-08-04T05:15:00+00:00,63533.12,63563.12,63468.12,63558.14,607
2026-08-04T05:20:00+00:00,63558.14,63658.12,63553.12,63653.14,457
2026-08-04T05:25:00+00:00,63653.14,63687.63,63578.12,63668.14,532
2026-08-04T05:30:00+00:00,63668.14,63738.12,63623.12,63718.12,533
2026-08-04T05:35:00+00:00,63718.12,63868.14,63718.12,63773.14,456
2026-08-04T05:40:00+00:00,63773.14,63868.12,63763.12,63858.14,381
2026-08-04T05:45:00+00:00,63858.14,63943.13,63838.12,63908.13,226
2026-08-04T05:50:00+00:00,63908.13,64023.12,63893.12,64023.12,243
2026-08-04T05:55:00+00:00,64023.12,64062.63,63978.13,64053.13,340
2026-08-04T06:00:00+00:00,64053.13,64067.62,63983.12,64053.12,491
2026-08-04T06:05:00+00:00,64053.12,64072.64,64028.12,64043.14,201
2026-08-04T06:10:00+00:00,64043.14,64102.64,64033.12,64092.62,262
2026-08-04T06:15:00+00:00,64092.62,64103.12,64018.12,64033.14,225
2026-08-04T06:20:00+00:00,64033.14,64087.64,64013.12,64033.13,302
2026-08-04T06:25:00+00:00,64033.13,64087.62,63983.12,64047.62,352
2026-08-04T06:30:00+00:00,64047.62,64047.62,63893.12,63917.63,460
2026-08-04T06:35:00+00:00,63917.63,63937.62,63885.12,63890.12,229
2026-08-04T06:40:00+00:00,63890.12,63927.63,63877.63,63927.63,97
2026-08-04T06:45:00+00:00,63927.63,63957.63,63918.13,63927.62,53
2026-08-04T06:50:00+00:00,63927.62,63970.14,63913.13,63967.64,39
2026-08-04T06:55:00+00:00,63967.64,63987.62,63947.62,63983.12,61
2026-08-04T07:00:00+00:00,63983.12,64113.14,63978.12,64092.62,222
2026-08-04T07:05:00+00:00,64092.62,64092.62,63993.13,64017.63,147
2026-08-04T07:10:00+00:00,64017.63,64052.63,63988.12,64042.64,158
2026-08-04T07:15:00+00:00,64042.64,64107.63,64023.14,64088.14,199
2026-08-04T07:20:00+00:00,64088.14,64097.64,64008.13,64052.63,134
2026-08-04T07:25:00+00:00,64052.63,64092.63,64043.12,64047.64,80
2026-08-04T07:30:00+00:00,64047.64,64092.64,64023.14,64058.14,161
2026-08-04T07:35:00+00:00,64058.14,64067.64,64013.14,64067.62,104
2026-08-04T07:40:00+00:00,64067.62,64082.62,63993.12,64007.64,165
2026-08-04T07:45:00+00:00,64007.64,64067.64,63997.62,64057.64,141
2026-08-04T07:50:00+00:00,64057.64,64072.63,63998.12,64002.62,158
2026-08-04T07:55:00+00:00,64002.62,64020.13,63993.12,64010.14,139
2026-08-04T08:00:00+00:00,64010.14,64142.64,63928.14,64098.13,789
2026-08-04T08:05:00+00:00,64098.13,64172.64,64093.12,64172.63,613
2026-08-04T08:10:00+00:00,64172.63,64187.64,64118.12,64167.63,399
2026-08-04T08:15:00+00:00,64167.63,64205.12,64133.13,64157.63,386
2026-08-04T08:20:00+00:00,64157.63,64182.64,64040.12,64052.62,488
2026-08-04T08:25:00+00:00,64052.62,64067.62,63968.14,64027.63,361
2026-08-04T08:30:00+00:00,64027.63,64027.63,63918.12,63928.12,420
2026-08-04T08:35:00+00:00,63928.12,63947.63,63888.12,63932.63,323
2026-08-04T08:40:00+00:00,63932.63,63932.64,63883.13,63907.64,276
2026-08-04T08:45:00+00:00,63907.64,63912.63,63853.13,63890.13,346
2026-08-04T08:50:00+00:00,63890.13,63922.64,63877.62,63907.62,193
2026-08-04T08:55:00+00:00,63907.62,63912.64,63850.12,63872.63,186
2026-08-04T09:00:00+00:00,63872.63,63877.64,63778.13,63812.64,455
2026-08-04T09:05:00+00:00,63812.64,63812.64,63738.12,63777.62,394
2026-08-04T09:10:00+00:00,63777.62,63787.64,63738.12,63767.62,426
2026-08-04T09:15:00+00:00,63767.62,63772.63,63678.12,63717.63,368
2026-08-04T09:20:00+00:00,63717.63,63742.64,63688.13,63732.62,240
2026-08-04T09:25:00+00:00,63732.62,63782.64,63713.12,63782.64,273
2026-08-04T09:30:00+00:00,63782.64,63802.62,63743.14,63797.64,207
2026-08-04T09:35:00+00:00,63797.64,63832.64,63788.12,63832.63,223
2026-08-04T09:40:00+00:00,63832.63,63885.14,63828.13,63857.64,169
2026-08-04T09:45:00+00:00,63857.64,63882.64,63797.63,63848.12,368
2026-08-04T09:50:00+00:00,63848.12,63848.12,63773.13,63782.64,301
2026-08-04T09:55:00+00:00,63782.64,63812.62,63748.12,63807.63,269
2026-08-04T10:00:00+00:00,63807.63,63830.13,63755.14,63790.14,337
2026-08-04T10:05:00+00:00,63790.14,63900.13,63785.12,63885.12,347
2026-08-04T10:10:00+00:00,63885.12,63942.63,63867.64,63903.13,274
2026-08-04T10:15:00+00:00,63903.13,63912.64,63848.12,63862.63,236
2026-08-04T10:20:00+00:00,63862.63,63920.14,63843.12,63912.63,164
2026-08-04T10:25:00+00:00,63912.63,63947.62,63905.13,63927.64,206
2026-08-04T10:30:00+00:00,63927.64,63987.64,63927.62,63957.63,458
2026-08-04T10:35:00+00:00,63957.63,63970.14,63905.12,63942.64,297
2026-08-04T10:40:00+00:00,63942.64,64062.62,63902.64,64042.64,450
2026-08-04T10:45:00+00:00,64042.64,64142.62,64018.12,64102.62,897
2026-08-04T10:50:00+00:00,64102.62,64102.62,63982.63,63995.13,312
2026-08-04T10:55:00+00:00,63995.13,64010.14,63952.62,63965.12,349
2026-08-04T11:00:00+00:00,63965.12,64070.14,63965.12,64067.64,524
2026-08-04T11:05:00+00:00,64067.64,64067.64,64028.12,64057.62,316
2026-08-04T11:10:00+00:00,64057.62,64097.64,64018.13,64062.64,339
2026-08-04T11:15:00+00:00,64062.64,64087.64,64058.12,64082.62,260
2026-08-04T11:20:00+00:00,64082.62,64207.64,64082.62,64167.63,223
2026-08-04T11:25:00+00:00,64167.63,64322.63,64162.62,64322.63,268
2026-08-04T11:30:00+00:00,64322.63,64347.62,64272.62,64332.62,340
2026-08-04T11:35:00+00:00,64332.62,64337.64,64268.13,64292.64,371
2026-08-04T11:40:00+00:00,64292.64,64497.64,64208.13,64477.62,720
2026-08-04T11:45:00+00:00,64477.62,64507.63,64403.13,64502.64,822
2026-08-04T11:50:00+00:00,64502.64,64527.64,64467.62,64497.63,689
2026-08-04T11:55:00+00:00,64497.63,64522.64,64425.13,64457.63,535
2026-08-04T12:00:00+00:00,64457.63,64460.14,64342.62,64350.12,342
2026-08-04T12:05:00+00:00,64350.12,64362.64,64273.12,64312.64,315
2026-08-04T12:10:00+00:00,64312.64,64322.63,64290.13,64300.12,296
2026-08-04T12:15:00+00:00,64300.12,64370.14,64292.62,64367.64,338
2026-08-04T12:20:00+00:00,64367.64,64372.62,64327.62,64340.14,150
2026-08-04T12:25:00+00:00,64340.14,64367.63,64333.12,64333.14,149
2026-08-04T12:30:00+00:00,64333.14,64347.64,64282.64,64302.62,199
2026-08-04T12:35:00+00:00,64302.62,64332.64,64292.62,64307.62,199
2026-08-04T12:40:00+00:00,64307.62,64327.64,64297.62,64307.64,197
2026-08-04T12:45:00+00:00,64307.64,64332.64,64280.14,64292.63,210
2026-08-04T12:50:00+00:00,64292.63,64315.14,64252.62,64262.62,171
2026-08-04T12:55:00+00:00,64262.62,64327.63,64252.64,64307.64,137
2026-08-04T13:00:00+00:00,64307.64,64350.14,64282.62,64315.12,250
2026-08-04T13:05:00+00:00,64315.12,64357.64,64312.64,64315.12,208
2026-08-04T13:10:00+00:00,64315.12,64360.14,64300.14,64345.13,216
2026-08-04T13:15:00+00:00,64345.13,64397.64,64345.13,64382.64,189
2026-08-04T13:20:00+00:00,64382.64,64590.13,64382.64,64503.12,867
2026-08-04T13:25:00+00:00,64503.12,64547.64,64293.12,64313.13,611
2026-08-04T13:30:00+00:00,64313.13,64452.64,64253.12,64452.64,1158
2026-08-04T13:35:00+00:00,64452.64,64630.12,64413.13,64627.64,1669
2026-08-04T13:40:00+00:00,64627.64,64777.63,64612.62,64685.13,1243
2026-08-04T13:45:00+00:00,64685.13,64752.64,64670.12,64727.62,946
2026-08-04T13:50:00+00:00,64727.62,64827.62,64727.62,64810.13,946
2026-08-04T13:55:00+00:00,64810.13,64812.62,64635.13,64653.14,651
2026-08-04T14:00:00+00:00,64653.14,64720.13,64573.12,64690.14,570
2026-08-04T14:05:00+00:00,64690.14,64757.64,64682.62,64725.13,623
2026-08-04T14:10:00+00:00,64725.13,64805.14,64702.62,64785.14,693
2026-08-04T14:15:00+00:00,64785.14,64820.12,64702.62,64737.64,568
2026-08-04T14:20:00+00:00,64737.64,64792.64,64672.63,64755.12,767
2026-08-04T14:25:00+00:00,64755.12,64847.64,64747.62,64835.14,542
2026-08-04T14:30:00+00:00,64835.14,64857.62,64785.12,64810.14,559
2026-08-04T14:35:00+00:00,64810.14,64913.12,64797.62,64857.63,656
2026-08-04T14:40:00+00:00,64857.63,64867.64,64788.13,64822.62,444
2026-08-04T14:45:00+00:00,64822.62,64875.13,64797.63,64860.13,364
2026-08-04T14:50:00+00:00,64860.13,64882.62,64820.12,64835.14,366
2026-08-04T14:55:00+00:00,64835.14,64867.64,64810.13,64857.63,411
2026-08-04T15:00:00+00:00,64857.63,64905.12,64843.13,64887.63,393
2026-08-04T15:05:00+00:00,64887.63,64925.14,64860.14,64907.63,277
2026-08-04T15:10:00+00:00,64907.63,64977.64,64890.14,64975.13,198
2026-08-04T15:15:00+00:00,64975.13,65017.63,64962.62,65010.12,289
2026-08-04T15:20:00+00:00,65010.12,65022.63,64977.62,64980.14,220
2026-08-04T15:25:00+00:00,64980.14,64997.64,64937.62,64952.64,214
2026-08-04T15:30:00+00:00,64952.64,64997.63,64920.14,64995.14,323
2026-08-04T15:35:00+00:00,64995.14,65135.12,64995.14,65067.62,405
2026-08-04T15:40:00+00:00,65067.62,65090.13,65015.14,65035.12,279
2026-08-04T15:45:00+00:00,65035.12,65090.14,65027.63,65035.14,274
2026-08-04T15:50:00+00:00,65035.14,65097.64,65027.63,65062.64,241
2026-08-04T15:55:00+00:00,65062.64,65107.63,65057.64,65082.62,159
2026-08-04T16:00:00+00:00,65082.62,65170.13,65080.12,65150.14,233
2026-08-04T16:05:00+00:00,65150.14,65170.14,65135.12,65140.12,217
2026-08-04T16:10:00+00:00,65140.12,65145.12,65070.12,65105.12,266
2026-08-04T16:15:00+00:00,65105.12,65162.64,65097.63,65152.63,194
2026-08-04T16:20:00+00:00,65152.63,65177.64,65147.62,65175.14,142
2026-08-04T16:25:00+00:00,65175.14,65187.63,65165.12,65180.13,111
2026-08-04T16:30:00+00:00,65180.13,65227.62,65172.62,65227.62,111
2026-08-04T16:35:00+00:00,65227.62,65235.13,65192.62,65200.12,108
2026-08-04T16:40:00+00:00,65200.12,65222.63,65180.12,65222.63,149
2026-08-04T16:45:00+00:00,65222.63,65260.14,65220.13,65260.14,117
2026-08-04T16:50:00+00:00,65260.14,65262.63,65227.63,65230.14,104
2026-08-04T16:55:00+00:00,65230.14,65262.64,65220.13,65260.14,79
2026-08-04T17:00:00+00:00,65260.14,65307.62,65257.62,65300.12,171
2026-08-04T17:05:00+00:00,65300.12,65315.14,65280.13,65297.64,209
2026-08-04T17:10:00+00:00,65297.64,65332.62,65292.62,65332.62,123
2026-08-04T17:15:00+00:00,65332.62,65345.13,65310.13,65315.12,107
2026-08-04T17:20:00+00:00,65315.12,65350.13,65315.12,65350.13,209
2026-08-04T17:25:00+00:00,65350.13,65400.14,65350.13,65395.12,150
2026-08-04T17:30:00+00:00,65395.12,65395.14,65360.13,65382.64,163
2026-08-04T17:35:00+00:00,65382.64,65417.62,65382.64,65412.64,173
2026-08-04T17:40:00+00:00,65412.64,65482.63,65410.12,65475.13,152
2026-08-04T17:45:00+00:00,65475.13,65550.14,65475.13,65535.13,262
2026-08-04T17:50:00+00:00,65535.13,65537.63,65407.62,65415.12,374
2026-08-04T17:55:00+00:00,65415.12,65440.13,65387.62,65412.62,351
2026-08-04T18:00:00+00:00,65412.62,65465.14,65382.62,65412.62,404
2026-08-04T18:05:00+00:00,65412.62,65465.14,65397.62,65432.64,326
2026-08-04T18:10:00+00:00,65432.64,65457.64,65412.63,65457.64,296
2026-08-04T18:15:00+00:00,65457.64,65467.64,65425.14,65452.64,188
2026-08-04T18:20:00+00:00,65452.64,65490.13,65445.14,65470.14,164
2026-08-04T18:25:00+00:00,65470.14,65485.14,65450.14,65485.12,177
2026-08-04T18:30:00+00:00,65485.12,65507.64,65442.62,65445.14,229
2026-08-04T18:35:00+00:00,65445.14,65460.14,65417.63,65437.62,194
2026-08-04T18:40:00+00:00,65437.62,65445.14,65402.63,65430.12,200
2026-08-04T18:45:00+00:00,65430.12,65480.12,65430.12,65470.14,185
2026-08-04T18:50:00+00:00,65470.14,65495.12,65445.12,65452.63,151
2026-08-04T18:55:00+00:00,65452.63,65465.14,65442.64,65465.12,158
2026-08-04T19:00:00+00:00,65465.12,65530.14,65462.63,65515.14,234
2026-08-04T19:05:00+00:00,65515.14,65565.14,65500.14,65555.13,164
2026-08-04T19:10:00+00:00,65555.13,65562.63,65527.64,65530.13,137
2026-08-04T19:15:00+00:00,65530.13,65545.12,65515.13,65527.64,126
2026-08-04T19:20:00+00:00,65527.64,65575.14,65525.12,65540.12,132
2026-08-04T19:25:00+00:00,65540.12,65550.13,65497.62,65512.62,197
2026-08-04T19:30:00+00:00,65512.62,65550.14,65512.62,65542.63,322
2026-08-04T19:35:00+00:00,65542.63,65567.63,65532.62,65545.13,223
2026-08-04T19:40:00+00:00,65545.13,65607.64,65545.13,65607.64,185
2026-08-04T19:45:00+00:00,65607.64,65632.63,65580.14,65597.63,183
2026-08-04T19:50:00+00:00,65597.63,65597.63,65515.12,65515.12,321
2026-08-04T19:55:00+00:00,65515.12,65565.14,65458.12,65483.13,551
2026-08-04T20:00:00+00:00,65483.13,65570.12,65483.13,65553.12,631
2026-08-04T20:05:00+00:00,65553.12,65678.13,65553.12,65628.14,224
2026-08-04T20:10:00+00:00,65628.14,65638.13,65583.12,65608.13,157
2026-08-04T20:15:00+00:00,65608.13,65608.13,65368.14,65398.13,650
2026-08-04T20:20:00+00:00,65398.13,65507.62,65388.12,65453.12,211
2026-08-04T20:25:00+00:00,65453.12,65483.14,65428.12,65448.12,131
2026-08-04T20:30:00+00:00,65448.12,65497.63,65443.13,65458.13,99
2026-08-04T20:35:00+00:00,65458.13,65477.62,65428.14,65463.13,106
2026-08-04T20:40:00+00:00,65463.13,65523.13,65463.13,65498.12,115
2026-08-04T20:45:00+00:00,65498.12,65538.12,65493.12,65533.12,61
2026-08-04T20:50:00+00:00,65533.12,65538.14,65498.12,65513.12,56
2026-08-04T20:55:00+00:00,65513.12,65553.13,65498.13,65512.63,153
2026-08-04T22:10:00+00:00,65512.63,65574.62,65512.63,65574.62,1
2026-08-04T22:30:00+00:00,65574.62,65779.62,65574.62,65729.61,11
2026-08-04T22:35:00+00:00,65729.61,65729.61,65684.6,65704.62,16
2026-08-04T22:40:00+00:00,65704.62,65731.62,65634.6,65634.6,35
2026-08-04T22:45:00+00:00,65634.6,65644.6,65609.61,65614.62,30
2026-08-04T22:50:00+00:00,65614.62,65619.62,65604.6,65604.6,48
2026-08-04T22:55:00+00:00,65604.6,65634.6,65604.6,65634.6,18
2026-08-04T23:00:00+00:00,65634.6,65644.61,65629.6,65644.61,28
2026-08-04T23:05:00+00:00,65644.61,65664.62,65644.12,65664.6,21
2026-08-04T23:10:00+00:00,65664.6,65784.62,65649.61,65754.62,53
2026-08-04T23:15:00+00:00,65754.62,65781.6,65739.62,65749.62,35
2026-08-04T23:20:00+00:00,65749.62,65754.11,65709.61,65724.11,57
2026-08-04T23:25:00+00:00,65724.11,65724.11,65689.6,65699.6,73
2026-08-04T23:30:00+00:00,65699.6,65719.6,65589.61,65624.11,120
2026-08-04T23:35:00+00:00,65624.11,65669.1,65584.6,65659.1,85
2026-08-04T23:40:00+00:00,65659.1,65729.62,65649.6,65699.6,190
2026-08-04T23:45:00+00:00,65699.6,65879.61,65619.6,65639.61,873
2026-08-04T23:50:00+00:00,65639.61,65709.1,65549.6,65549.62,510
2026-08-04T23:55:00+00:00,65549.62,65664.6,65529.6,65544.61,397
2026-08-05T00:00:00+00:00,65544.61,65709.61,65514.62,65679.61,1575
2026-08-05T00:05:00+00:00,65679.61,65834.62,65599.6,65669.61,1564
2026-08-05T00:10:00+00:00,65669.61,65829.62,65609.6,65714.62,1554
2026-08-05T00:15:00+00:00,65714.62,65909.6,65669.6,65904.6,1514
2026-08-05T00:20:00+00:00,65904.6,66104.62,65794.6,66089.61,1165
2026-08-05T00:25:00+00:00,66089.61,66164.61,65959.61,66164.61,1131
2026-08-05T00:30:00+00:00,66164.61,66224.62,66089.62,66164.6,1042
2026-08-05T00:35:00+00:00,66164.6,66164.6,65939.61,66009.61,940
2026-08-05T00:40:00+00:00,66009.61,66019.62,65894.6,65939.62,958
2026-08-05T00:45:00+00:00,65939.62,65989.62,65829.6,65879.62,1406
2026-08-05T00:50:00+00:00,65879.62,65969.61,65824.6,65931.62,1226
2026-08-05T00:55:00+00:00,65931.62,65979.62,65849.6,65944.62,1289
2026-08-05T01:00:00+00:00,65944.62,65984.62,65864.6,65969.6,1518
2026-08-05T01:05:00+00:00,65969.6,66059.12,65959.6,66024.6,978
2026-08-05T01:10:00+00:00,66024.6,66114.62,65889.6,65889.6,1038
2026-08-05T01:15:00+00:00,65889.6,65894.6,65734.61,65779.6,1546
2026-08-05T01:20:00+00:00,65779.6,65904.62,65764.6,65844.62,1459
2026-08-05T01:25:00+00:00,65844.62,65849.62,65689.6,65789.62,1115
2026-08-05T01:30:00+00:00,65789.62,65999.62,65759.6,65924.6,1274
2026-08-05T01:35:00+00:00,65924.6,65999.12,65924.11,65979.6,674
2026-08-05T01:40:00+00:00,65979.6,66059.12,65979.6,65994.62,410
2026-08-05T01:45:00+00:00,65994.62,66074.6,65989.6,66049.61,393
2026-08-05T01:50:00+00:00,66049.61,66084.11,66009.61,66014.62,429
2026-08-05T01:55:00+00:00,66014.62,66109.12,65994.6,66084.62,325
2026-08-05T02:00:00+00:00,66084.62,66189.6,66084.62,66144.1,413
2026-08-05T02:05:00+00:00,66144.1,66189.11,66124.6,66129.6,405
2026-08-05T02:10:00+00:00,66129.6,66134.12,66079.62,66079.62,372
2026-08-05T02:15:00+00:00,66079.62,66094.1,66009.6,66061.61,355
2026-08-05T02:20:00+00:00,66061.61,66074.1,66009.6,66019.61,331
2026-08-05T02:25:00+00:00,66019.61,66024.62,65929.61,65944.61,346
2026-08-05T02:30:00+00:00,65944.61,65974.11,65899.6,65964.62,313
2026-08-05T02:35:00+00:00,65964.62,66009.12,65914.61,65924.11,334
2026-08-05T02:40:00+00:00,65924.11,65934.12,65884.6,65889.61,314
2026-08-05T02:45:00+00:00,65889.61,65974.12,65874.62,65886.61,304
2026-08-05T02:50:00+00:00,65886.61,65964.12,65874.6,65939.62,274
2026-08-05T02:55:00+00:00,65939.62,65944.12,65879.62,65884.61,227
2026-08-05T03:00:00+00:00,65884.61,65969.1,65874.6,65959.11,260
2026-08-05T03:05:00+00:00,65959.11,65964.12,65904.61,65909.61,155
2026-08-05T03:10:00+00:00,65909.61,65959.11,65899.6,65899.61,197
2026-08-05T03:15:00+00:00,65899.61,65924.12,65889.6,65899.11,141
2026-08-05T03:20:00+00:00,65899.11,65934.11,65869.61,65874.61,173
2026-08-05T03:25:00+00:00,65874.61,65889.11,65829.12,65849.1,225
2026-08-05T03:30:00+00:00,65849.1,65896.61,65809.61,65879.1,966
2026-08-05T03:35:00+00:00,65879.1,65954.11,65849.6,65934.61,464
2026-08-05T03:40:00+00:00,65934.61,66016.62,65924.6,65994.62,381
2026-08-05T03:45:00+00:00,65994.62,66056.62,65969.6,66056.62,341
2026-08-05T03:50:00+00:00,66056.62,66076.6,65994.61,66024.11,291
2026-08-05T03:55:00+00:00,66024.11,66096.61,66009.6,66079.12,348
2026-08-05T04:00:00+00:00,66079.12,66149.11,66064.6,66124.62,231
2026-08-05T04:05:00+00:00,66124.62,66149.11,66094.12,66094.62,230
2026-08-05T04:10:00+00:00,66094.62,66134.12,66069.6,66071.6,369
2026-08-05T04:15:00+00:00,66071.6,66089.12,66029.62,66039.6,332
2026-08-05T04:20:00+00:00,66039.6,66064.1,65964.6,65994.6,357
2026-08-05T04:25:00+00:00,65994.6,66034.12,65969.6,66024.1,329
2026-08-05T04:30:00+00:00,66024.1,66164.12,66024.1,66154.12,271
2026-08-05T04:35:00+00:00,66154.12,66194.1,66124.61,66174.6,245
2026-08-05T04:40:00+00:00,66174.6,66214.12,66169.6,66194.1,262
2026-08-05T04:45:00+00:00,66194.1,66194.1,66134.62,66134.62,247
2026-08-05T04:50:00+00:00,66134.62,66174.62,66084.61,66174.61,365
2026-08-05T04:55:00+00:00,66174.61,66259.11,66174.61,66229.11,319
2026-08-05T05:00:00+00:00,66229.11,66269.1,66189.61,66199.62,523
2026-08-05T05:05:00+00:00,66199.62,66204.61,66139.61,66154.6,427
2026-08-05T05:10:00+00:00,66154.6,66249.1,66144.6,66234.61,318
2026-08-05T05:15:00+00:00,66234.61,66274.12,66209.61,66219.62,221
2026-08-05T05:20:00+00:00,66219.62,66274.12,66209.6,66259.61,217
2026-08-05T05:25:00+00:00,66259.61,66294.6,66234.62,66234.62,291
2026-08-05T05:30:00+00:00,66234.62,66259.6,66199.6,66239.6,514
2026-08-05T05:35:00+00:00,66239.6,66299.62,66229.6,66239.62,312
2026-08-05T05:40:00+00:00,66239.62,66309.12,66229.6,66299.62,314
2026-08-05T05:45:00+00:00,66299.62,66314.12,66269.6,66314.1,206
2026-08-05T05:50:00+00:00,66314.1,66334.12,66239.61,66289.12,261
2026-08-05T05:55:00+00:00,66289.12,66289.12,66244.6,66244.62,199
2026-08-05T06:00:00+00:00,66244.62,66339.11,66244.6,66311.62,281
2026-08-05T06:05:00+00:00,66311.62,66331.62,66259.62,66329.11,176
2026-08-05T06:10:00+00:00,66329.11,66346.61,66296.62,66309.11,188
2026-08-05T06:15:00+00:00,66309.11,66321.6,66246.61,66314.11,508
2026-08-05T06:20:00+00:00,66314.11,66349.12,66264.6,66321.62,388
2026-08-05T06:25:00+00:00,66321.62,66364.12,66279.1,66339.1,481
2026-08-05T06:30:00+00:00,66339.1,66361.61,66264.1,66299.1,449
2026-08-05T06:35:00+00:00,66299.1,66356.62,66279.11,66321.62,314
2026-08-05T06:40:00+00:00,66321.62,66346.62,66264.61,66339.1,249
2026-08-05T06:45:00+00:00,66339.1,66351.61,66301.6,66339.6,111
2026-08-05T06:50:00+00:00,66339.6,66344.11,66254.61,66259.11,91
2026-08-05T06:55:00+00:00,66259.11,66339.12,66254.6,66304.1,172
2026-08-05T07:00:00+00:00,66304.1,66314.1,66209.6,66229.1,386
2026-08-05T07:05:00+00:00,66229.1,66274.12,66224.61,66229.62,223
2026-08-05T07:10:00+00:00,66229.62,66241.62,66179.6,66199.6,140
2026-08-05T07:15:00+00:00,66199.6,66224.12,66179.62,66189.62,167
2026-08-05T07:20:00+00:00,66189.62,66194.12,66129.62,66129.62,168
2026-08-05T07:25:00+00:00,66129.62,66136.62,66071.62,66074.1,323
2026-08-05T07:30:00+00:00,66074.1,66129.12,66069.61,66084.6,169
2026-08-05T07:35:00+00:00,66084.6,66119.1,66049.6,66109.1,109
2026-08-05T07:40:00+00:00,66109.1,66114.12,66054.11,66056.61,91
2026-08-05T07:45:00+00:00,66056.61,66101.61,66041.61,66074.11,129
2026-08-05T07:50:00+00:00,66074.11,66104.11,66051.61,66069.11,104
2026-08-05T07:55:00+00:00,66069.11,66104.11,66059.6,66094.1,136
2026-08-05T08:00:00+00:00,66094.1,66239.1,66081.6,66224.12,694
2026-08-05T08:05:00+00:00,66224.12,66224.12,66079.6,66089.11,363
2026-08-05T08:10:00+00:00,66089.11,66109.1,65984.61,66009.6,360
2026-08-05T08:15:00+00:00,66009.6,66104.12,66004.62,66039.1,383
2026-08-05T08:20:00+00:00,66039.1,66059.12,65949.62,65956.6,313
2026-08-05T08:25:00+00:00,65956.6,65996.6,65934.62,65989.12,266
2026-08-05T08:30:00+00:00,65989.12,66004.12,65924.11,65964.1,359
2026-08-05T08:35:00+00:00,65964.1,66084.12,65959.6,65979.1,349
2026-08-05T08:40:00+00:00,65979.1,66039.1,65939.6,66014.62,355
2026-08-05T08:45:00+00:00,66014.62,66059.12,65984.11,66059.12,340
2026-08-05T08:50:00+00:00,66059.12,66064.1,66019.61,66039.12,254
2026-08-05T08:55:00+00:00,66039.12,66089.11,66019.6,66041.61,161
2026-08-05T09:00:00+00:00,66041.61,66089.11,65984.61,66059.12,315
2026-08-05T09:05:00+00:00,66059.12,66174.1,66049.6,66119.11,326
2026-08-05T09:10:00+00:00,66119.11,66139.11,66104.6,66119.1,160
2026-08-05T09:15:00+00:00,66119.1,66139.1,66071.6,66129.6,221
2026-08-05T09:20:00+00:00,66129.6,66224.11,66124.6,66209.11,218
2026-08-05T09:25:00+00:00,66209.11,66234.12,66194.61,66219.12,196
2026-08-05T09:30:00+00:00,66219.12,66259.1,66194.1,66214.12,222
2026-08-05T09:35:00+00:00,66214.12,66261.62,66189.6,66239.1,204
2026-08-05T09:40:00+00:00,66239.1,66246.61,66166.61,66189.12,168
2026-08-05T09:45:00+00:00,66189.12,66214.1,66104.61,66111.62,218
2026-08-05T09:50:00+00:00,66111.62,66129.12,66084.6,66106.61,170
2026-08-05T09:55:00+00:00,66106.61,66121.6,66064.62,66069.1,167
2026-08-05T10:00:00+00:00,66069.1,66121.61,66059.1,66106.62,273
2026-08-05T10:05:00+00:00,66106.62,66126.61,66029.6,66046.62,169
2026-08-05T10:10:00+00:00,66046.62,66081.62,66019.1,66079.1,134
2026-08-05T10:15:00+00:00,66079.1,66099.12,66064.11,66079.12,139
2026-08-05T10:20:00+00:00,66079.12,66094.12,66069.6,66079.1,127
2026-08-05T10:25:00+00:00,66079.1,66106.62,66069.6,66084.11,129
2026-08-05T10:30:00+00:00,66084.11,66104.11,66044.1,66091.61,134
2026-08-05T10:35:00+00:00,66091.61,66096.62,66054.6,66066.61,142
2026-08-05T10:40:00+00:00,66066.61,66079.12,66019.62,66029.1,111
2026-08-05T10:45:00+00:00,66029.1,66064.11,65984.6,66009.12,212
2026-08-05T10:50:00+00:00,66009.12,66039.11,65966.62,66029.11,181
2026-08-05T10:55:00+00:00,66029.11,66084.11,66029.1,66081.62,118
2026-08-05T11:00:00+00:00,66081.62,66149.12,66069.1,66129.1,341
2026-08-05T11:05:00+00:00,66129.1,66164.1,66094.11,66151.6,222
2026-08-05T11:10:00+00:00,66151.6,66169.11,66111.61,66159.11,152
2026-08-05T11:15:00+00:00,66159.11,66201.62,66159.11,66199.11,95
2026-08-05T11:20:00+00:00,66199.11,66264.12,66194.1,66264.1,172
2026-08-05T11:25:00+00:00,66264.1,66304.12,66254.61,66274.62,153
2026-08-05T11:30:00+00:00,66274.62,66404.12,66239.61,66404.11,286
2026-08-05T11:35:00+00:00,66404.11,66419.1,66381.61,66399.12,271
2026-08-05T11:40:00+00:00,66399.12,66414.12,66366.61,66379.12,283
2026-08-05T11:45:00+00:00,66379.12,66481.61,66349.11,66476.6,337
2026-08-05T11:50:00+00:00,66476.6,66484.11,66376.62,66381.61,368
2026-08-05T11:55:00+00:00,66381.61,66424.12,66369.6,66369.61,248
2026-08-05T12:00:00+00:00,66369.61,66399.61,66314.61,66319.11,465
2026-08-05T12:05:00+00:00,66319.11,66349.11,66279.61,66324.62,437
2026-08-05T12:10:00+00:00,66324.62,66369.12,66299.6,66339.61,228
2026-08-05T12:15:00+00:00,66339.61,66354.62,66294.6,66319.12,467
2026-08-05T12:20:00+00:00,66319.12,66374.11,66294.6,66359.11,418
2026-08-05T12:25:00+00:00,66359.11,66419.1,66329.61,66344.61,347
2026-08-05T12:30:00+00:00,66344.61,66364.12,66254.6,66319.12,524
2026-08-05T12:35:00+00:00,66319.12,66389.11,66314.6,66379.62,347
2026-08-05T12:40:00+00:00,66379.62,66401.6,66364.6,66401.6,378
2026-08-05T12:45:00+00:00,66401.6,66414.12,66354.6,66389.62,329
2026-08-05T12:50:00+00:00,66389.62,66399.1,66309.6,66314.62,330
2026-08-05T12:55:00+00:00,66314.62,66394.12,66289.6,66344.6,282
2026-08-05T13:00:00+00:00,66344.6,66504.11,66344.6,66489.61,327
2026-08-05T13:05:00+00:00,66489.61,66519.11,66469.6,66499.61,293
2026-08-05T13:10:00+00:00,66499.61,66554.11,66459.61,66479.62,250
2026-08-05T13:15:00+00:00,66479.62,66501.62,66424.6,66479.62,205
2026-08-05T13:20:00+00:00,66479.62,66504.12,66454.62,66479.12,158
2026-08-05T13:25:00+00:00,66479.12,66599.12,66479.12,66564.12,338
2026-08-05T13:30:00+00:00,66564.12,66601.62,66456.61,66549.12,1628
2026-08-05T13:35:00+00:00,66549.12,66746.6,66419.62,66699.11,1702
2026-08-05T13:40:00+00:00,66699.11,66759.61,66604.1,66729.6,1300
2026-08-05T13:45:00+00:00,66729.6,66809.12,66689.6,66796.61,879
2026-08-05T13:50:00+00:00,66796.61,66816.61,66664.61,66744.61,1340
2026-08-05T13:55:00+00:00,66744.61,66804.12,66684.6,66734.61,936
2026-08-05T14:00:00+00:00,66734.61,66734.61,66394.12,66474.12,1324
2026-08-05T14:05:00+00:00,66474.12,66644.11,66461.62,66574.11,1138
2026-08-05T14:10:00+00:00,66574.11,66584.11,66454.61,66464.12,1286
2026-08-05T14:15:00+00:00,66464.12,66504.11,66389.6,66389.61,1443
2026-08-05T14:20:00+00:00,66389.61,66404.11,66274.6,66379.6,1342
2026-08-05T14:25:00+00:00,66379.6,66419.11,66279.6,66294.61,1358
2026-08-05T14:30:00+00:00,66294.61,66309.12,66219.61,66244.62,1324
2026-08-05T14:35:00+00:00,66244.62,66314.12,66144.6,66144.6,1384
2026-08-05T14:40:00+00:00,66144.6,66209.1,66079.62,66186.61,1136
2026-08-05T14:45:00+00:00,66186.61,66229.12,66134.1,66134.1,759
2026-08-05T14:50:00+00:00,66134.1,66154.12,65899.62,65984.12,756
2026-08-05T14:55:00+00:00,65984.12,66061.6,65909.61,66004.1,630
2026-08-05T15:00:00+00:00,66004.1,66094.12,66004.1,66034.11,712
2026-08-05T15:05:00+00:00,66034.11,66096.62,66006.62,66079.1,503
2026-08-05T15:10:00+00:00,66079.1,66119.1,65984.6,66001.62,726
2026-08-05T15:15:00+00:00,66001.62,66024.12,65854.1,65989.11,927
2026-08-05T15:20:00+00:00,65989.11,66041.61,65964.1,65994.11,751
2026-08-05T15:25:00+00:00,65994.11,66016.6,65929.61,65964.12,806
2026-08-05T15:30:00+00:00,65964.12,66076.62,65946.62,65956.61,725
2026-08-05T15:35:00+00:00,65956.61,66074.12,65956.61,66064.11,943
2026-08-05T15:40:00+00:00,66064.11,66079.11,65994.11,66014.11,828
2026-08-05T15:45:00+00:00,66014.11,66014.12,65939.1,65944.1,717
2026-08-05T15:50:00+00:00,65944.1,65979.1,65909.11,65954.1,547
2026-08-05T15:55:00+00:00,65954.1,65954.1,65849.12,65901.61,708
2026-08-05T16:00:00+00:00,65901.61,65979.12,65889.1,65971.6,1167
2026-08-05T16:05:00+00:00,65971.6,65974.12,65854.11,65891.6,935
2026-08-05T16:10:00+00:00,65891.6,65916.6,65844.11,65914.12,684
2026-08-05T16:15:00+00:00,65914.12,65974.1,65889.12,65934.11,692
2026-08-05T16:20:00+00:00,65934.11,66016.62,65921.61,65941.62,558
2026-08-05T16:25:00+00:00,65941.62,66049.1,65941.62,66044.1,449
2026-08-05T16:30:00+00:00,66044.1,66054.1,65921.6,65956.62,465
2026-08-05T16:35:00+00:00,65956.62,65976.62,65916.6,65961.6,373
2026-08-05T16:40:00+00:00,65961.6,66014.12,65961.6,65971.6,420
2026-08-05T16:45:00+00:00,65971.6,66009.11,65959.1,65981.6,567
2026-08-05T16:50:00+00:00,65981.6,66034.11,65976.6,66014.1,463
2026-08-05T16:55:00+00:00,66014.1,66039.1,66001.6,66026.6,296
2026-08-05T17:00:00+00:00,66026.6,66046.62,65966.62,65979.12,345
2026-08-05T17:05:00+00:00,65979.12,65986.62,65929.11,65941.6,548
2026-08-05T17:10:00+00:00,65941.6,65986.61,65919.1,65941.6,540
2026-08-05T17:15:00+00:00,65941.6,65956.61,65899.1,65909.11,584
2026-08-05T17:20:00+00:00,65909.11,65924.1,65879.1,65924.1,493
2026-08-05T17:25:00+00:00,65924.1,65954.11,65909.1,65911.62,494
2026-08-05T17:30:00+00:00,65911.62,65951.62,65884.1,65936.61,421
2026-08-05T17:35:00+00:00,65936.61,65974.1,65929.12,65959.12,503
2026-08-05T17:40:00+00:00,65959.12,65991.62,65954.12,65966.6,314
2026-08-05T17:45:00+00:00,65966.6,65981.6,65924.1,65974.11,280
2026-08-05T17:50:00+00:00,65974.11,65989.1,65941.6,65944.11,244
2026-08-05T17:55:00+00:00,65944.11,65981.62,65934.1,65966.62,323
2026-08-05T18:00:00+00:00,65966.62,66001.6,65961.61,65999.1,360
2026-08-05T18:05:00+00:00,65999.1,66001.61,65929.1,65951.62,344
2026-08-05T18:10:00+00:00,65951.62,65981.62,65929.1,65929.11,275
2026-08-05T18:15:00+00:00,65929.11,65971.61,65926.6,65961.62,298
2026-08-05T18:20:00+00:00,65961.62,65971.62,65936.62,65946.62,267
2026-08-05T18:25:00+00:00,65946.62,65979.11,65946.62,65961.6,235
2026-08-05T18:30:00+00:00,65961.6,65961.61,65876.6,65886.61,441
2026-08-05T18:35:00+00:00,65886.61,65931.62,65881.61,65901.61,323
2026-08-05T18:40:00+00:00,65901.61,65906.62,65881.61,65901.62,326
2026-08-05T18:45:00+00:00,65901.62,65939.12,65896.61,65916.61,230
2026-08-05T18:50:00+00:00,65916.61,65931.61,65886.62,65901.61,226
2026-08-05T18:55:00+00:00,65901.61,65906.61,65864.11,65871.62,199
2026-08-05T19:00:00+00:00,65871.62,65956.62,65856.61,65949.11,306
2026-08-05T19:05:00+00:00,65949.11,65976.61,65934.1,65966.62,233
2026-08-05T19:10:00+00:00,65966.62,65991.6,65951.61,65991.6,193
2026-08-05T19:15:00+00:00,65991.6,66009.12,65971.61,65989.12,204
2026-08-05T19:20:00+00:00,65989.12,66009.1,65974.12,65989.1,222
2026-08-05T19:25:00+00:00,65989.1,66019.12,65986.6,65994.11,214
2026-08-05T19:30:00+00:00,65994.11,66021.6,65929.1,65939.1,370
2026-08-05T19:35:00+00:00,65939.1,65956.62,65919.11,65921.61,300
2026-08-05T19:40:00+00:00,65921.61,65969.11,65909.1,65924.1,205
2026-08-05T19:45:00+00:00,65924.1,65931.62,65874.1,65906.61,354
2026-08-05T19:50:00+00:00,65906.61,65921.61,65869.12,65899.12,392
2026-08-05T19:55:00+00:00,65899.12,65899.12,65704.6,65721.6,388
2026-08-05T20:00:00+00:00,65721.6,65759.1,65689.61,65714.62,410
2026-08-05T20:05:00+00:00,65714.62,65714.62,65634.61,65674.6,480
2026-08-05T20:10:00+00:00,65674.6,65754.11,65669.6,65734.61,194
2026-08-05T20:15:00+00:00,65734.61,65784.6,65719.6,65719.61,242
2026-08-05T20:20:00+00:00,65719.61,65759.62,65719.6,65754.62,155
2026-08-05T20:25:00+00:00,65754.62,65774.12,65734.6,65759.62,113
2026-08-05T20:30:00+00:00,65759.62,65784.61,65749.6,65779.61,109
2026-08-05T20:35:00+00:00,65779.61,65784.62,65704.6,65734.6,114
2026-08-05T20:40:00+00:00,65734.6,65791.6,65734.6,65789.62,59
2026-08-05T20:45:00+00:00,65789.62,65799.11,65764.61,65776.62,78
2026-08-05T20:50:00+00:00,65776.62,65796.62,65759.6,65779.62,56
2026-08-05T20:55:00+00:00,65779.62,65816.6,65779.62,65811.61,91
2026-08-05T22:00:00+00:00,65811.61,65833.46,65811.61,65818.94,4
2026-08-05T22:05:00+00:00,65818.94,65823.94,65798.96,65808.96,12
2026-08-05T22:10:00+00:00,65808.96,65838.96,65808.94,65838.94,9
2026-08-05T22:15:00+00:00,65838.94,65848.96,65838.94,65848.96,11
2026-08-05T22:20:00+00:00,65848.96,65928.96,65848.94,65923.94,31
2026-08-05T22:25:00+00:00,65923.94,65933.95,65923.94,65933.95,25
2026-08-05T22:30:00+00:00,65933.95,65978.94,65918.94,65978.94,32
2026-08-05T22:35:00+00:00,65978.94,65983.46,65923.96,65928.96,25
2026-08-05T22:40:00+00:00,65928.96,65938.45,65918.94,65923.94,31
2026-08-05T22:45:00+00:00,65923.94,65948.46,65923.94,65923.96,48
2026-08-05T22:50:00+00:00,65923.96,65938.44,65898.95,65935.96,38
2026-08-05T22:55:00+00:00,65935.96,65938.46,65888.94,65888.96,32
2026-08-05T23:00:00+00:00,65888.96,65888.96,65833.96,65858.96,48
2026-08-05T23:05:00+00:00,65858.96,65858.96,65838.96,65843.95,20
2026-08-05T23:10:00+00:00,65843.95,65853.45,65813.95,65853.45,23
2026-08-05T23:15:00+00:00,65853.45,65853.45,65828.94,65833.95,15.803324880247956
2026-08-05T23:20:00+00:00,65833.95,65868.95,65833.95,65863.95,28
2026-08-05T23:25:00+00:00,65863.95,65883.95,65858.94,65858.96,32
2026-08-05T23:30:00+00:00,65858.96,65858.96,65758.95,65758.95,101
2026-08-05T23:35:00+00:00,65758.95,65763.96,65588.95,65688.94,293
2026-08-05T23:40:00+00:00,65688.94,65693.46,65623.94,65633.45,89
2026-08-05T23:45:00+00:00,65633.45,65673.96,65448.94,65558.95,690
2026-08-05T23:50:00+00:00,65558.95,65653.96,65513.96,65638.95,322
2026-08-05T23:55:00+00:00,65638.95,65678.95,65503.94,65553.94,454
2026-08-06T00:00:00+00:00,65553.94,65733.96,65448.94,65638.95,1932
2026-08-06T00:05:00+00:00,65638.95,65668.96,65473.94,65498.95,1358
2026-08-06T00:10:00+00:00,65498.95,65683.94,65433.95,65683.94,1300
2026-08-06T00:15:00+00:00,65683.94,65708.96,65353.94,65408.95,1730
2026-08-06T00:20:00+00:00,65408.95,65488.96,65313.94,65473.94,1791
2026-08-06T00:25:00+00:00,65473.94,65533.96,65238.94,65288.96,1542
2026-08-06T00:30:00+00:00,65288.96,65378.96,65273.94,65328.96,1692
2026-08-06T00:35:00+00:00,65328.96,65488.94,65308.94,65483.94,1422
2026-08-06T00:40:00+00:00,65483.94,65558.44,65353.94,65363.96,1131
2026-08-06T00:45:00+00:00,65363.96,65448.96,65343.94,65363.94,1373
2026-08-06T00:50:00+00:00,65363.94,65363.95,65203.94,65223.95,1118
2026-08-06T00:55:00+00:00,65223.95,65293.44,65203.94,65228.95,1075
2026-08-06T01:00:00+00:00,65228.95,65268.96,65138.94,65188.95,1469
2026-08-06T01:05:00+00:00,65188.95,65248.96,65148.95,65198.94,1269
2026-08-06T01:10:00+00:00,65198.94,65318.46,65173.95,65288.95,1072
2026-08-06T01:15:00+00:00,65288.95,65288.95,65113.95,65183.94,1018
2026-08-06T01:20:00+00:00,65183.94,65188.44,65053.94,65118.94,643
2026-08-06T01:25:00+00:00,65118.94,65118.95,64993.94,65048.96,780
2026-08-06T01:30:00+00:00,65048.96,65168.96,65038.94,65053.96,1322
2026-08-06T01:35:00+00:00,65053.96,65078.96,64993.94,65028.94,886
2026-08-06T01:40:00+00:00,65028.94,65113.94,64988.94,64993.96,942
2026-08-06T01:45:00+00:00,64993.96,65148.46,64983.95,65108.95,1215
2026-08-06T01:50:00+00:00,65108.95,65113.46,64988.95,65048.44,1166
2026-08-06T01:55:00+00:00,65048.44,65078.44,64993.94,65068.96,874
2026-08-06T02:00:00+00:00,65068.96,65128.96,65018.94,65083.95,915
2026-08-06T02:05:00+00:00,65083.95,65203.96,65083.95,65203.94,650
2026-08-06T02:10:00+00:00,65203.94,65268.46,65168.96,65258.95,725
2026-08-06T02:15:00+00:00,65258.95,65323.44,65233.94,65313.95,623
2026-08-06T02:20:00+00:00,65313.95,65423.46,65293.96,65393.95,574
2026-08-06T02:25:00+00:00,65393.95,65413.46,65308.94,65323.96,612
2026-08-06T02:30:00+00:00,65323.96,65463.44,65278.94,65433.94,499
2026-08-06T02:35:00+00:00,65433.94,65438.44,65373.95,65428.96,442
2026-08-06T02:40:00+00:00,65428.96,65593.45,65423.94,65593.45,301
2026-08-06T02:45:00+00:00,65593.45,65613.96,65528.94,65583.95,339
2026-08-06T02:50:00+00:00,65583.95,65643.45,65568.94,65628.96,327
2026-08-06T02:55:00+00:00,65628.96,65633.46,65583.94,65623.94,244
2026-08-06T03:00:00+00:00,65623.94,65728.46,65593.95,65718.94,323
2026-08-06T03:05:00+00:00,65718.94,65743.44,65593.95,65603.95,291
2026-08-06T03:10:00+00:00,65603.95,65648.46,65578.94,65605.96,283
2026-08-06T03:15:00+00:00,65605.96,65618.44,65523.94,65523.95,400
2026-08-06T03:20:00+00:00,65523.95,65590.96,65513.94,65568.45,292
2026-08-06T03:25:00+00:00,65568.45,65568.95,65498.95,65518.95,223
2026-08-06T03:30:00+00:00,65518.95,65558.44,65393.94,65453.95,1057
2026-08-06T03:35:00+00:00,65453.95,65628.44,65433.94,65613.45,830
2026-08-06T03:40:00+00:00,65613.45,65633.44,65518.94,65618.94,816
2026-08-06T03:45:00+00:00,65618.94,65658.45,65578.95,65638.95,569
2026-08-06T03:50:00+00:00,65638.95,65658.46,65483.94,65513.95,415
2026-08-06T03:55:00+00:00,65513.95,65608.46,65503.94,65603.96,452
2026-08-06T04:00:00+00:00,65603.96,65613.45,65468.94,65523.44,597
2026-08-06T04:05:00+00:00,65523.44,65618.46,65498.94,65563.95,392
2026-08-06T04:10:00+00:00,65563.95,65653.46,65553.94,65600.95,292
2026-08-06T04:15:00+00:00,65600.95,65653.45,65543.96,65588.94,302
2026-08-06T04:20:00+00:00,65588.94,65678.46,65588.94,65663.95,262
2026-08-06T04:25:00+00:00,65663.95,65688.46,65623.95,65668.45,280
2026-08-06T04:30:00+00:00,65668.45,65718.46,65583.94,65613.45,353
2026-08-06T04:35:00+00:00,65613.45,65653.45,65538.96,65558.44,289
2026-08-06T04:40:00+00:00,65558.44,65613.46,65553.94,65583.45,340
2026-08-06T04:45:00+00:00,65583.45,65613.45,65538.96,65583.94,489
2026-08-06T04:50:00+00:00,65583.94,65678.46,65573.94,65678.46,594
2026-08-06T04:55:00+00:00,65678.46,65688.44,65628.94,65673.46,508
2026-08-06T05:00:00+00:00,65673.46,65863.44,65673.46,65813.45,848
2026-08-06T05:05:00+00:00,65813.45,65883.45,65798.95,65808.95,612
2026-08-06T05:10:00+00:00,65808.95,65813.96,65703.96,65763.96,611
2026-08-06T05:15:00+00:00,65763.96,65853.45,65758.96,65818.44,631
2026-08-06T05:20:00+00:00,65818.44,65833.46,65758.94,65798.95,812
2026-08-06T05:25:00+00:00,65798.95,65813.46,65743.94,65758.94,499
2026-08-06T05:30:00+00:00,65758.94,65788.45,65703.95,65728.44,495
2026-08-06T05:35:00+00:00,65728.44,65733.46,65648.94,65668.95,422
2026-08-06T05:40:00+00:00,65668.95,65798.45,65648.94,65778.95,369
2026-08-06T05:45:00+00:00,65778.95,65778.95,65623.95,65648.44,378
2026-08-06T05:50:00+00:00,65648.44,65723.94,65628.94,65688.94,383
2026-08-06T05:55:00+00:00,65688.94,65748.45,65678.95,65733.94,369
2026-08-06T06:00:00+00:00,65733.94,65748.45,65653.94,65693.46,426
2026-08-06T06:05:00+00:00,65693.46,65738.45,65683.95,65703.46,290
2026-08-06T06:10:00+00:00,65703.46,65753.46,65643.95,65668.96,375
2026-08-06T06:15:00+00:00,65668.96,65713.45,65583.95,65615.94,313
2026-08-06T06:20:00+00:00,65615.94,65675.95,65603.94,65658.44,275
2026-08-06T06:25:00+00:00,65658.44,65778.45,65648.94,65735.95,461
2026-08-06T06:30:00+00:00,65735.95,65768.45,65573.96,65643.44,478
2026-08-06T06:35:00+00:00,65643.44,65653.45,65558.95,65568.45,268
2026-08-06T06:40:00+00:00,65568.45,65598.46,65523.94,65568.46,196
2026-08-06T06:45:00+00:00,65568.46,65605.95,65448.96,65503.44,210
2026-08-06T06:50:00+00:00,65503.44,65530.96,65478.95,65513.46,141
2026-08-06T06:55:00+00:00,65513.46,65543.46,65498.94,65523.44,250
2026-08-06T07:00:00+00:00,65523.44,65583.46,65490.95,65573.44,520
2026-08-06T07:05:00+00:00,65573.44,65653.45,65548.95,65623.45,240
2026-08-06T07:10:00+00:00,65623.45,65718.46,65623.45,65708.46,181
2026-08-06T07:15:00+00:00,65708.46,65713.46,65673.94,65703.46,143
2026-08-06T07:20:00+00:00,65703.46,65715.96,65663.95,65693.44,252
2026-08-06T07:25:00+00:00,65693.44,65720.94,65663.44,65673.44,302
2026-08-06T07:30:00+00:00,65673.44,65683.46,65633.94,65643.44,124
2026-08-06T07:35:00+00:00,65643.44,65643.44,65540.96,65563.44,247
2026-08-06T07:40:00+00:00,65563.44,65583.46,65553.44,65573.46,129
2026-08-06T07:45:00+00:00,65573.46,65588.46,65538.95,65578.45,125
2026-08-06T07:50:00+00:00,65578.45,65583.46,65523.94,65543.44,82
2026-08-06T07:55:00+00:00,65543.44,65558.44,65523.94,65540.95,124
2026-08-06T08:00:00+00:00,65540.95,65683.45,65498.95,65538.44,714
2026-08-06T08:05:00+00:00,65538.44,65643.46,65513.95,65518.44,441
2026-08-06T08:10:00+00:00,65518.44,65523.46,65413.95,65483.46,384
2026-08-06T08:15:00+00:00,65483.46,65588.45,65458.94,65518.44,538
2026-08-06T08:20:00+00:00,65518.44,65550.96,65493.44,65548.45,493
2026-08-06T08:25:00+00:00,65548.45,65665.96,65548.45,65663.46,368
2026-08-06T08:30:00+00:00,65663.46,65688.46,65643.44,65665.94,415
2026-08-06T08:35:00+00:00,65665.94,65678.46,65585.96,65610.96,373
2026-08-06T08:40:00+00:00,65610.96,65643.44,65558.95,65568.45,296
2026-08-06T08:45:00+00:00,65568.45,65595.94,65525.94,65593.46,241
2026-08-06T08:50:00+00:00,65593.46,65693.46,65593.44,65693.45,282
2026-08-06T08:55:00+00:00,65693.45,65703.46,65670.94,65688.44,164
2026-08-06T09:00:00+00:00,65688.44,65693.46,65558.44,65573.44,449
2026-08-06T09:05:00+00:00,65573.44,65583.46,65508.46,65515.96,436
2026-08-06T09:10:00+00:00,65515.96,65520.96,65463.44,65495.94,409
2026-08-06T09:15:00+00:00,65495.94,65553.46,65493.46,65545.95,312
2026-08-06T09:20:00+00:00,65545.95,65575.95,65543.44,65545.95,256
2026-08-06T09:25:00+00:00,65545.95,65593.46,65533.46,65580.95,212
2026-08-06T09:30:00+00:00,65580.95,65600.94,65550.95,65568.44,246
2026-08-06T09:35:00+00:00,65568.44,65595.95,65555.94,65585.94,277
2026-08-06T09:40:00+00:00,65585.94,65608.45,65570.94,65573.45,245
2026-08-06T09:45:00+00:00,65573.45,65613.46,65555.95,65605.95,262
2026-08-06T09:50:00+00:00,65605.95,65630.94,65573.44,65628.45,221
2026-08-06T09:55:00+00:00,65628.45,65690.95,65625.94,65690.95,201
2026-08-06T10:00:00+00:00,65690.95,65708.46,65645.94,65645.94,277
2026-08-06T10:05:00+00:00,65645.94,65678.46,65640.96,65663.45,249
2026-08-06T10:10:00+00:00,65663.45,65688.45,65660.94,65668.46,243
2026-08-06T10:15:00+00:00,65668.46,65678.46,65633.45,65678.45,216
2026-08-06T10:20:00+00:00,65678.45,65695.96,65625.95,65635.95,278
2026-08-06T10:25:00+00:00,65635.95,65673.44,65623.95,65660.94,222
2026-08-06T10:30:00+00:00,65660.94,65670.95,65618.44,65645.95,364
2026-08-06T10:35:00+00:00,65645.95,65648.45,65573.45,65580.94,307
2026-08-06T10:40:00+00:00,65580.94,65585.96,65525.94,65530.95,191
2026-08-06T10:45:00+00:00,65530.95,65553.46,65503.44,65553.46,224
2026-08-06T10:50:00+00:00,65553.46,65563.46,65520.94,65528.46,299
2026-08-06T10:55:00+00:00,65528.46,65565.94,65518.45,65565.94,247
2026-08-06T11:00:00+00:00,65565.94,65570.96,65368.45,65388.45,908
2026-08-06T11:05:00+00:00,65388.45,65458.45,65330.95,65453.44,821
2026-08-06T11:10:00+00:00,65453.44,65453.46,65388.44,65405.94,513
2026-08-06T11:15:00+00:00,65405.94,65465.95,65403.44,65448.46,334
2026-08-06T11:20:00+00:00,65448.46,65453.46,65415.94,65425.96,399
2026-08-06T11:25:00+00:00,65425.96,65468.46,65413.95,65448.44,325
2026-08-06T11:30:00+00:00,65448.44,65518.46,65448.44,65468.45,458
2026-08-06T11:35:00+00:00,65468.45,65510.96,65450.96,65503.46,418
2026-08-06T11:40:00+00:00,65503.46,65525.94,65453.44,65458.45,357
2026-08-06T11:45:00+00:00,65458.45,65513.46,65373.46,65398.45,571
2026-08-06T11:50:00+00:00,65398.45,65403.46,65310.96,65348.44,420
2026-08-06T11:55:00+00:00,65348.44,65425.96,65338.95,65413.45,469
2026-08-06T12:00:00+00:00,65413.45,65440.96,65338.44,65345.94,490
2026-08-06T12:05:00+00:00,65345.94,65358.45,65283.46,65300.96,448
2026-08-06T12:10:00+00:00,65300.96,65318.44,65288.45,65293.44,277
2026-08-06T12:15:00+00:00,65293.44,65313.45,65220.96,65253.45,332
2026-08-06T12:20:00+00:00,65253.45,65360.96,65238.46,65310.94,419
2026-08-06T12:25:00+00:00,65310.94,65363.44,65305.94,65318.96,210
2026-08-06T12:30:00+00:00,65318.96,65365.96,65258.95,65333.44,526
2026-08-06T12:35:00+00:00,65333.44,65393.46,65330.94,65378.45,368
2026-08-06T12:40:00+00:00,65378.45,65393.46,65345.94,65353.45,323
2026-08-06T12:45:00+00:00,65353.45,65393.46,65343.44,65388.45,265
2026-08-06T12:50:00+00:00,65388.45,65405.95,65348.44,65375.95,313
2026-08-06T12:55:00+00:00,65375.95,65380.96,65325.94,65328.46,435
2026-08-06T13:00:00+00:00,65328.46,65330.95,65248.45,65248.45,464
2026-08-06T13:05:00+00:00,65248.45,65265.94,65180.95,65200.94,345
2026-08-06T13:10:00+00:00,65200.94,65220.96,65155.96,65175.95,335
2026-08-06T13:15:00+00:00,65175.95,65203.46,65155.94,65198.44,303
2026-08-06T13:20:00+00:00,65198.44,65218.45,65175.96,65200.94,342
2026-08-06T13:25:00+00:00,65200.94,65200.96,65113.44,65125.96,451
2026-08-06T13:30:00+00:00,65125.96,65163.44,64948.45,65155.96,1730
2026-08-06T13:35:00+00:00,65155.96,65320.94,65125.95,65290.96,1567
2026-08-06T13:40:00+00:00,65290.96,65480.95,65283.46,65453.45,1517
2026-08-06T13:45:00+00:00,65453.45,65573.46,65403.45,65553.96,964
2026-08-06T13:50:00+00:00,65553.96,65628.46,65518.94,65600.95,1152
2026-08-06T13:55:00+00:00,65600.95,65780.95,65583.94,65768.44,1027
2026-08-06T14:00:00+00:00,65768.44,65813.45,65698.44,65768.45,1375
2026-08-06T14:05:00+00:00,65768.45,65968.46,65768.45,65968.44,1172
2026-08-06T14:10:00+00:00,65968.44,66103.46,65953.95,66048.95,896
2026-08-06T14:15:00+00:00,66048.95,66238.45,66023.45,66208.45,783
2026-08-06T14:20:00+00:00,66208.45,66270.94,66170.95,66198.46,853
2026-08-06T14:25:00+00:00,66198.46,66240.96,66145.95,66215.96,1534
2026-08-06T14:30:00+00:00,66215.96,66363.45,66215.96,66353.46,1533
2026-08-06T14:35:00+00:00,66353.46,66375.96,66148.44,66148.44,1204
2026-08-06T14:40:00+00:00,66148.44,66215.94,66118.44,66120.95,1228
2026-08-06T14:45:00+00:00,66120.95,66120.95,66000.96,66040.94,1096
2026-08-06T14:50:00+00:00,66040.94,66095.96,65988.45,66090.96,1089
2026-08-06T14:55:00+00:00,66090.96,66178.45,66073.45,66165.95,981
2026-08-06T15:00:00+00:00,66165.95,66203.45,66120.96,66160.95,1200
2026-08-06T15:05:00+00:00,66160.95,66273.45,66155.94,66270.94,1033
2026-08-06T15:10:00+00:00,66270.94,66313.46,66245.95,66250.95,855
2026-08-06T15:15:00+00:00,66250.95,66263.46,66103.45,66103.45,1298
2026-08-06T15:20:00+00:00,66103.45,66163.46,66063.45,66073.45,1514
2026-08-06T15:25:00+00:00,66073.45,66140.96,66058.44,66120.96,1138
2026-08-06T15:30:00+00:00,66120.96,66173.46,66008.46,66008.46,1217
2026-08-06T15:35:00+00:00,66008.46,66095.95,65998.44,66068.45,999
2026-08-06T15:40:00+00:00,66068.45,66090.96,65958.44,65965.94,998
2026-08-06T15:45:00+00:00,65965.94,66145.95,65955.94,66080.94,1114
2026-08-06T15:50:00+00:00,66080.94,66128.46,65913.44,65923.45,1555
2026-08-06T15:55:00+00:00,65923.45,65998.46,65885.94,65915.95,1391
2026-08-06T16:00:00+00:00,65915.95,65935.96,65850.94,65898.45,1282
2026-08-06T16:05:00+00:00,65898.45,66008.46,65890.95,65965.95,1032
2026-08-06T16:10:00+00:00,65965.95,66003.46,65878.44,65885.96,966
2026-08-06T16:15:00+00:00,65885.96,65913.44,65828.46,65895.94,1141
2026-08-06T16:20:00+00:00,65895.94,65905.94,65778.46,65850.95,887
2026-08-06T16:25:00+00:00,65850.95,65860.96,65813.44,65828.46,643
2026-08-06T16:30:00+00:00,65828.46,65910.95,65823.44,65860.95,923
2026-08-06T16:35:00+00:00,65860.95,65930.96,65853.44,65930.96,604
2026-08-06T16:40:00+00:00,65930.96,65940.94,65810.94,65810.96,657
2026-08-06T16:45:00+00:00,65810.96,65868.44,65778.45,65868.44,546
2026-08-06T16:50:00+00:00,65868.44,65950.96,65868.44,65915.95,560
2026-08-06T16:55:00+00:00,65915.95,65995.96,65913.44,65990.96,472
2026-08-06T17:00:00+00:00,65990.96,66015.96,65950.94,65960.95,670
2026-08-06T17:05:00+00:00,65960.95,66003.45,65925.94,65940.96,453
2026-08-06T17:10:00+00:00,65940.96,65965.95,65895.95,65905.96,457
2026-08-06T17:15:00+00:00,65905.96,65960.95,65878.45,65938.46,417
2026-08-06T17:20:00+00:00,65938.46,65958.46,65888.46,65895.94,401
2026-08-06T17:25:00+00:00,65895.94,65945.96,65878.44,65880.95,435
2026-08-06T17:30:00+00:00,65880.95,65915.95,65845.96,65860.96,474
2026-08-06T17:35:00+00:00,65860.96,65880.94,65830.95,65835.96,432
2026-08-06T17:40:00+00:00,65835.96,65848.46,65785.95,65808.46,478
2026-08-06T17:45:00+00:00,65808.46,65830.94,65778.44,65783.45,462
2026-08-06T17:50:00+00:00,65783.45,65848.46,65783.45,65820.95,450
2026-08-06T17:55:00+00:00,65820.95,65845.94,65800.96,65838.44,373
2026-08-06T18:00:00+00:00,65838.44,65863.46,65773.44,65823.46,418
2026-08-06T18:05:00+00:00,65823.46,65833.46,65790.94,65818.46,371
2026-08-06T18:10:00+00:00,65818.46,65840.94,65785.94,65835.95,326
2026-08-06T18:15:00+00:00,65835.95,65905.96,65743.44,65880.96,468
2026-08-06T18:20:00+00:00,65880.96,65928.46,65875.94,65898.45,326
2026-08-06T18:25:00+00:00,65898.45,65903.45,65850.94,65888.46,386
2026-08-06T18:30:00+00:00,65888.46,65890.95,65795.94,65805.94,328
2026-08-06T18:35:00+00:00,65805.94,65823.45,65763.46,65770.94,260
2026-08-06T18:40:00+00:00,65770.94,65780.96,65723.46,65765.96,293
2026-08-06T18:45:00+00:00,65765.96,65810.95,65743.45,65743.46,226
2026-08-06T18:50:00+00:00,65743.46,65760.96,65728.45,65740.95,244
2026-08-06T18:55:00+00:00,65740.95,65773.44,65728.46,65755.95,279
2026-08-06T19:00:00+00:00,65755.95,65820.96,65745.94,65818.45,337
2026-08-06T19:05:00+00:00,65818.45,65825.96,65763.44,65825.96,272
2026-08-06T19:10:00+00:00,65825.96,65838.46,65778.44,65778.44,213
2026-08-06T19:15:00+00:00,65778.44,65778.44,65745.96,65750.95,305
2026-08-06T19:20:00+00:00,65750.95,65793.46,65665.96,65668.45,296
2026-08-06T19:25:00+00:00,65668.45,65710.96,65638.45,65660.94,484
2026-08-06T19:30:00+00:00,65660.94,65713.45,65623.45,65710.96,533
2026-08-06T19:35:00+00:00,65710.96,65710.96,65633.46,65633.46,384
2026-08-06T19:40:00+00:00,65633.46,65645.94,65585.95,65620.95,470
2026-08-06T19:45:00+00:00,65620.95,65640.95,65590.96,65633.46,297
2026-08-06T19:50:00+00:00,65633.46,65725.94,65580.94,65720.94,458
2026-08-06T19:55:00+00:00,65720.94,65720.94,65598.95,65648.46,455
2026-08-06T20:00:00+00:00,65648.46,65703.46,65640.96,65688.44,288
2026-08-06T20:05:00+00:00,65688.44,65703.45,65678.94,65688.46,99
2026-08-06T20:10:00+00:00,65688.46,65703.45,65653.95,65658.94,121
2026-08-06T20:15:00+00:00,65658.94,65693.46,65638.94,65648.94,124
2026-08-06T20:20:00+00:00,65648.94,65673.94,65563.96,65568.94,131
2026-08-06T20:25:00+00:00,65568.94,65588.45,65528.94,65558.44,105
2026-08-06T20:30:00+00:00,65558.44,65568.45,65528.94,65548.96,73
2026-08-06T20:35:00+00:00,65548.96,65558.96,65503.95,65553.45,120
2026-08-06T20:40:00+00:00,65553.45,65573.44,65538.95,65568.45,63
2026-08-06T20:45:00+00:00,65568.45,65568.46,65523.95,65538.94,78
2026-08-06T20:50:00+00:00,65538.94,65553.96,65523.94,65548.94,56
2026-08-06T20:55:00+00:00,65548.94,65573.46,65538.95,65573.44,95
2026-08-06T22:00:00+00:00,65573.44,65573.44,65536.15,65556.67,8
2026-08-06T22:05:00+00:00,65556.67,65616.66,65556.66,65616.66,23
2026-08-06T22:10:00+00:00,65616.66,65681.65,65606.65,65676.67,29
2026-08-06T22:15:00+00:00,65676.67,65696.67,65666.67,65666.67,13
2026-08-06T22:20:00+00:00,65666.67,65676.65,65611.65,65621.66,21
2026-08-06T22:25:00+00:00,65621.66,65661.65,65611.67,65631.67,38
2026-08-06T22:30:00+00:00,65631.67,65631.67,65601.67,65621.67,34
2026-08-06T22:35:00+00:00,65621.67,65621.67,65616.67,65621.67,10
2026-08-06T22:40:00+00:00,65621.67,65636.66,65621.66,65631.65,12
2026-08-06T22:45:00+00:00,65631.65,65663.65,65631.65,65631.67,16
2026-08-06T22:50:00+00:00,65631.67,65651.65,65631.66,65651.65,14
2026-08-06T22:55:00+00:00,65651.65,65661.66,65641.66,65661.65,8
2026-08-06T23:00:00+00:00,65661.65,65666.15,65621.66,65631.65,34
2026-08-06T23:05:00+00:00,65631.65,65636.16,65611.65,65621.65,14
2026-08-06T23:10:00+00:00,65621.65,65631.17,65606.65,65616.16,16
2026-08-06T23:15:00+00:00,65616.16,65666.17,65606.65,65631.17,40
2026-08-06T23:20:00+00:00,65631.17,65658.66,65606.67,65658.66,54
2026-08-06T23:25:00+00:00,65658.66,65671.16,65621.65,65636.17,32
2026-08-06T23:30:00+00:00,65636.17,65756.15,65626.65,65756.15,102
2026-08-06T23:35:00+00:00,65756.15,65783.67,65716.16,65761.16,83
2026-08-06T23:40:00+00:00,65761.16,65826.15,65681.65,65826.15,107
2026-08-06T23:45:00+00:00,65826.15,65931.16,65706.65,65866.67,718
2026-08-06T23:50:00+00:00,65866.67,65916.66,65736.65,65831.65,468
2026-08-06T23:55:00+00:00,65831.65,65911.66,65791.66,65881.67,422
2026-08-07T00:00:00+00:00,65881.67,65956.16,65701.65,65816.67,2191
2026-08-07T00:05:00+00:00,65816.67,65841.65,65556.67,65556.67,1128
2026-08-07T00:10:00+00:00,65556.67,65576.66,65296.65,65371.67,967
2026-08-07T00:15:00+00:00,65371.67,65371.67,65156.65,65341.65,1724
2026-08-07T00:20:00+00:00,65341.65,65351.67,65191.65,65201.66,1996
2026-08-07T00:25:00+00:00,65201.66,65411.67,65181.65,65401.66,2314
2026-08-07T00:30:00+00:00,65401.66,65531.67,65311.65,65526.67,1922
2026-08-07T00:35:00+00:00,65526.67,65536.65,65371.65,65446.65,1395
2026-08-07T00:40:00+00:00,65446.65,65451.16,65236.65,65331.67,1005
2026-08-07T00:45:00+00:00,65331.67,65396.15,65131.65,65146.65,1341
2026-08-07T00:50:00+00:00,65146.65,65406.66,65121.65,65311.67,1418
2026-08-07T00:55:00+00:00,65311.67,65331.67,65141.65,65261.17,1343
2026-08-07T01:00:00+00:00,65261.17,65286.16,65121.65,65196.67,1459
2026-08-07T01:05:00+00:00,65196.67,65256.66,65121.65,65131.15,1371
2026-08-07T01:10:00+00:00,65131.15,65151.66,65016.66,65056.67,959
2026-08-07T01:15:00+00:00,65056.67,65071.17,64971.65,65006.17,1049
2026-08-07T01:20:00+00:00,65006.17,65006.17,64856.65,64901.67,970
2026-08-07T01:25:00+00:00,64901.67,65111.15,64886.65,65086.67,1489
2026-08-07T01:30:00+00:00,65086.67,65176.67,64971.67,64971.67,1384
2026-08-07T01:35:00+00:00,64971.67,64981.67,64756.65,64776.16,1120
2026-08-07T01:40:00+00:00,64776.16,64811.67,64691.65,64766.67,1123
2026-08-07T01:45:00+00:00,64766.67,64931.15,64736.65,64921.67,1317
2026-08-07T01:50:00+00:00,64921.67,64971.17,64826.65,64936.65,1660
2026-08-07T01:55:00+00:00,64936.65,64976.17,64836.65,64921.66,1340
2026-08-07T02:00:00+00:00,64921.66,65061.17,64881.16,65061.17,1289
2026-08-07T02:05:00+00:00,65061.17,65086.67,64936.65,64956.15,955
2026-08-07T02:10:00+00:00,64956.15,65101.17,64901.65,65066.67,772
2026-08-07T02:15:00+00:00,65066.67,65191.67,65051.67,65171.67,873
2026-08-07T02:20:00+00:00,65171.67,65191.15,65086.67,65136.16,861
2026-08-07T02:25:00+00:00,65136.16,65141.16,65026.66,65076.17,843
2026-08-07T02:30:00+00:00,65076.17,65076.17,64971.65,64976.65,616
2026-08-07T02:35:00+00:00,64976.65,65061.16,64966.65,65011.15,472
2026-08-07T02:40:00+00:00,65011.15,65051.67,64981.65,65006.17,577
2026-08-07T02:45:00+00:00,65006.17,65126.67,64991.65,65126.67,421
2026-08-07T02:50:00+00:00,65126.67,65166.17,65106.65,65126.67,333
2026-08-07T02:55:00+00:00,65126.67,65171.15,65121.65,65121.66,292
2026-08-07T03:00:00+00:00,65121.66,65206.16,65121.65,65171.66,321
2026-08-07T03:05:00+00:00,65171.66,65191.67,65156.65,65171.65,303
2026-08-07T03:10:00+00:00,65171.65,65186.17,65141.66,65146.15,239
2026-08-07T03:15:00+00:00,65146.15,65161.17,65026.67,65026.67,378
2026-08-07T03:20:00+00:00,65026.67,65076.66,65011.65,65076.66,272
2026-08-07T03:25:00+00:00,65076.66,65126.15,65051.65,65111.15,265
2026-08-07T03:30:00+00:00,65111.15,65281.15,65076.67,65186.67,1075
2026-08-07T03:35:00+00:00,65186.67,65331.66,65176.66,65266.65,717
2026-08-07T03:40:00+00:00,65266.65,65296.67,65186.66,65246.17,823
2026-08-07T03:45:00+00:00,65246.17,65246.17,65126.65,65226.66,853
2026-08-07T03:50:00+00:00,65226.66,65236.66,65091.65,65121.65,557
2026-08-07T03:55:00+00:00,65121.65,65136.16,65076.65,65106.66,425
2026-08-07T04:00:00+00:00,65106.66,65181.15,65036.65,65146.65,518
2026-08-07T04:05:00+00:00,65146.65,65251.17,65136.65,65221.65,582
2026-08-07T04:10:00+00:00,65221.65,65301.17,65216.65,65241.66,672
2026-08-07T04:15:00+00:00,65241.66,65281.17,65136.65,65276.65,574
2026-08-07T04:20:00+00:00,65276.65,65381.15,65276.65,65381.15,388
2026-08-07T04:25:00+00:00,65381.15,65396.17,65336.66,65381.66,419
2026-08-07T04:30:00+00:00,65381.66,65396.66,65331.65,65346.67,470
2026-08-07T04:35:00+00:00,65346.67,65391.67,65336.65,65356.17,290
2026-08-07T04:40:00+00:00,65356.17,65391.15,65296.66,65316.66,327
2026-08-07T04:45:00+00:00,65316.66,65351.66,65306.65,65316.65,337
2026-08-07T04:50:00+00:00,65316.65,65321.16,65241.67,65316.67,379
2026-08-07T04:55:00+00:00,65316.67,65356.66,65281.65,65316.65,492
2026-08-07T05:00:00+00:00,65316.65,65496.17,65311.66,65461.66,768
2026-08-07T05:05:00+00:00,65461.66,65516.66,65431.65,65436.67,677
2026-08-07T05:10:00+00:00,65436.67,65466.17,65391.66,65426.67,609
2026-08-07T05:15:00+00:00,65426.67,65601.16,65421.66,65581.67,413
2026-08-07T05:20:00+00:00,65581.67,65666.15,65581.65,65606.16,425
2026-08-07T05:25:00+00:00,65606.16,65723.67,65601.66,65691.15,431
2026-08-07T05:30:00+00:00,65691.15,65701.17,65556.65,65556.65,457
2026-08-07T05:35:00+00:00,65556.65,65561.17,65466.15,65466.15,321
2026-08-07T05:40:00+00:00,65466.15,65501.17,65426.65,65491.66,513
2026-08-07T05:45:00+00:00,65491.66,65536.66,65471.67,65536.66,302
2026-08-07T05:50:00+00:00,65536.66,65551.67,65501.65,65546.65,330
2026-08-07T05:55:00+00:00,65546.65,65561.17,65501.65,65511.66,304
2026-08-07T06:00:00+00:00,65511.66,65596.65,65506.65,65591.66,489
2026-08-07T06:05:00+00:00,65591.66,65643.66,65571.65,65621.67,270
2026-08-07T06:10:00+00:00,65621.67,65701.17,65621.67,65681.15,167
2026-08-07T06:15:00+00:00,65681.15,65706.17,65661.15,65706.17,218
2026-08-07T06:20:00+00:00,65706.17,65706.17,65661.15,65701.67,280
2026-08-07T06:25:00+00:00,65701.67,65738.66,65641.66,65731.17,275
2026-08-07T06:30:00+00:00,65731.17,65738.66,65641.65,65693.65,390
2026-08-07T06:35:00+00:00,65693.65,65708.67,65656.66,65686.15,183
2026-08-07T06:40:00+00:00,65686.15,65696.16,65646.15,65676.16,93
2026-08-07T06:45:00+00:00,65676.16,65678.65,65656.65,65663.65,37
2026-08-07T06:50:00+00:00,65663.65,65678.67,65641.66,65661.15,42
2026-08-07T06:55:00+00:00,65661.15,65736.16,65651.65,65733.65,105
2026-08-07T07:00:00+00:00,65733.65,65748.67,65711.66,65716.16,242
2026-08-07T07:05:00+00:00,65716.16,65763.67,65686.66,65761.17,133
2026-08-07T07:10:00+00:00,65761.17,65791.15,65741.66,65786.67,89
2026-08-07T07:15:00+00:00,65786.67,65811.17,65766.65,65786.15,79
2026-08-07T07:20:00+00:00,65786.15,65786.15,65753.67,65776.16,70
2026-08-07T07:25:00+00:00,65776.16,65796.17,65756.15,65786.16,61
2026-08-07T07:30:00+00:00,65786.16,65791.16,65731.15,65751.15,141
2026-08-07T07:35:00+00:00,65751.15,65766.16,65736.65,65746.15,115
2026-08-07T07:40:00+00:00,65746.15,65796.16,65741.16,65771.15,94
2026-08-07T07:45:00+00:00,65771.15,65786.17,65746.16,65768.66,86
2026-08-07T07:50:00+00:00,65768.66,65771.16,65716.15,65766.65,116
2026-08-07T07:55:00+00:00,65766.65,65801.16,65753.67,65756.17,163
2026-08-07T08:00:00+00:00,65756.17,65856.17,65721.66,65761.66,591
2026-08-07T08:05:00+00:00,65761.66,65866.16,65761.65,65851.15,283
2026-08-07T08:10:00+00:00,65851.15,65888.65,65836.66,65856.65,282
2026-08-07T08:15:00+00:00,65856.65,65866.17,65788.67,65806.15,293
2026-08-07T08:20:00+00:00,65806.15,65808.65,65766.16,65768.67,351
2026-08-07T08:25:00+00:00,65768.67,65791.17,65753.65,65763.65,230
2026-08-07T08:30:00+00:00,65763.65,65841.15,65763.65,65793.65,275
2026-08-07T08:35:00+00:00,65793.65,65808.67,65711.15,65756.66,252
2026-08-07T08:40:00+00:00,65756.66,65783.67,65741.67,65771.17,133
2026-08-07T08:45:00+00:00,65771.17,65793.67,65746.67,65791.16,176
2026-08-07T08:50:00+00:00,65791.16,65796.15,65756.65,65761.17,105
2026-08-07T08:55:00+00:00,65761.17,65801.17,65756.65,65776.17,135
2026-08-07T09:00:00+00:00,65776.17,65881.16,65751.65,65853.65,188
2026-08-07T09:05:00+00:00,65853.65,65866.16,65806.66,65826.16,133
2026-08-07T09:10:00+00:00,65826.16,65891.15,65811.15,65891.15,151
2026-08-07T09:15:00+00:00,65891.15,65896.15,65786.15,65796.16,174
2026-08-07T09:20:00+00:00,65796.16,65821.15,65783.65,65811.15,130
2026-08-07T09:25:00+00:00,65811.15,65831.17,65736.15,65738.65,155
2026-08-07T09:30:00+00:00,65738.65,65781.16,65721.16,65736.66,179
2026-08-07T09:35:00+00:00,65736.66,65811.15,65736.66,65798.66,124
2026-08-07T09:40:00+00:00,65798.66,65801.15,65731.15,65781.17,150
2026-08-07T09:45:00+00:00,65781.17,65801.17,65748.65,65763.67,283
2026-08-07T09:50:00+00:00,65763.67,65808.65,65746.17,65808.65,238
2026-08-07T09:55:00+00:00,65808.65,65808.65,65741.15,65761.17,175
2026-08-07T10:00:00+00:00,65761.17,65796.17,65743.65,65783.66,325
2026-08-07T10:05:00+00:00,65783.66,65788.67,65736.65,65781.17,240
2026-08-07T10:10:00+00:00,65781.17,65803.67,65751.16,65751.16,192
2026-08-07T10:15:00+00:00,65751.16,65761.17,65708.65,65743.65,152
2026-08-07T10:20:00+00:00,65743.65,65746.17,65686.65,65731.17,163
2026-08-07T10:25:00+00:00,65731.17,65781.15,65726.17,65781.15,132
2026-08-07T10:30:00+00:00,65781.15,65821.15,65761.15,65813.67,174
2026-08-07T10:35:00+00:00,65813.67,65826.17,65796.15,65813.67,162
2026-08-07T10:40:00+00:00,65813.67,65818.65,65791.15,65811.17,160
2026-08-07T10:45:00+00:00,65811.17,65826.16,65771.66,65816.16,90
2026-08-07T10:50:00+00:00,65816.16,65846.17,65791.15,65796.16,115
2026-08-07T10:55:00+00:00,65796.16,65838.67,65778.66,65836.17,121
2026-08-07T11:00:00+00:00,65836.17,65921.17,65816.15,65896.15,351
2026-08-07T11:05:00+00:00,65896.15,65946.17,65858.65,65938.67,218
2026-08-07T11:10:00+00:00,65938.67,65938.67,65891.15,65893.67,111
2026-08-07T11:15:00+00:00,65893.67,65931.16,65891.16,65908.67,146
2026-08-07T11:20:00+00:00,65908.67,65931.17,65906.15,65923.66,111
2026-08-07T11:25:00+00:00,65923.66,65986.17,65923.66,65961.17,123
2026-08-07T11:30:00+00:00,65961.17,65981.17,65936.15,65978.67,130
2026-08-07T11:35:00+00:00,65978.67,66011.16,65971.15,66008.66,140
2026-08-07T11:40:00+00:00,66008.66,66036.17,65991.15,66023.65,163
2026-08-07T11:45:00+00:00,66023.65,66063.66,66016.15,66048.65,148
2026-08-07T11:50:00+00:00,66048.65,66053.67,66016.15,66023.67,186
2026-08-07T11:55:00+00:00,66023.67,66043.65,65953.67,65968.65,250
2026-08-07T12:00:00+00:00,65968.65,66098.66,65931.16,66056.17,347
2026-08-07T12:05:00+00:00,66056.17,66068.65,65986.15,66003.67,216
2026-08-07T12:10:00+00:00,66003.67,66041.16,65993.65,66016.16,234
2026-08-07T12:15:00+00:00,66016.16,66048.67,66013.67,66023.66,252
2026-08-07T12:20:00+00:00,66023.66,66041.16,65993.66,66008.65,223
2026-08-07T12:25:00+00:00,66008.65,66066.66,65936.67,65956.66,225
2026-08-07T12:30:00+00:00,65956.66,66211.65,65956.66,66121.15,1262
2026-08-07T12:35:00+00:00,66121.15,66411.17,66098.66,66393.67,714
2026-08-07T12:40:00+00:00,66393.67,66568.65,66356.66,66561.16,700
2026-08-07T12:45:00+00:00,66561.16,66653.67,66561.16,66636.15,505
2026-08-07T12:50:00+00:00,66636.15,66668.67,66588.67,66601.15,508
2026-08-07T12:55:00+00:00,66601.15,66618.65,66558.67,66618.65,406
2026-08-07T13:00:00+00:00,66618.65,66628.65,66486.65,66491.15,522
2026-08-07T13:05:00+00:00,66491.15,66536.17,66456.16,66536.17,370
2026-08-07T13:10:00+00:00,66536.17,66536.17,66486.17,66506.65,589
2026-08-07T13:15:00+00:00,66506.65,66521.17,66448.65,66458.67,621
2026-08-07T13:20:00+00:00,66458.67,66468.66,66423.66,66446.15,357
2026-08-07T13:25:00+00:00,66446.15,66506.17,66423.67,66506.15,549
2026-08-07T13:30:00+00:00,66506.15,66636.15,66453.67,66618.65,1959
2026-08-07T13:35:00+00:00,66618.65,66651.16,66486.15,66556.16,2242
2026-08-07T13:40:00+00:00,66556.16,66738.67,66513.66,66698.65,1874
2026-08-07T13:45:00+00:00,66698.65,66708.67,66531.16,66603.67,1715
2026-08-07T13:50:00+00:00,66603.67,66633.66,66481.15,66521.16,1240
2026-08-07T13:55:00+00:00,66521.16,66526.15,66266.15,66296.66,1692
2026-08-07T14:00:00+00:00,66296.66,66366.16,66136.65,66148.67,2005
2026-08-07T14:05:00+00:00,66148.67,66348.66,66146.15,66233.67,1964
2026-08-07T14:10:00+00:00,66233.67,66238.65,66076.16,66081.17,1747
2026-08-07T14:15:00+00:00,66081.17,66316.17,66056.16,66268.65,1922
2026-08-07T14:20:00+00:00,66268.65,66283.65,66171.16,66178.67,1645
2026-08-07T14:25:00+00:00,66178.67,66356.17,66176.17,66301.17,1246
2026-08-07T14:30:00+00:00,66301.17,66318.67,66171.15,66206.17,1239
2026-08-07T14:35:00+00:00,66206.17,66248.67,66143.65,66148.66,1322
2026-08-07T14:40:00+00:00,66148.66,66183.67,66091.15,66126.17,1005
2026-08-07T14:45:00+00:00,66126.17,66223.65,66108.67,66208.66,1045
2026-08-07T14:50:00+00:00,66208.66,66253.66,66163.66,66183.66,1215
2026-08-07T14:55:00+00:00,66183.66,66256.17,66168.66,66208.66,894
2026-08-07T15:00:00+00:00,66208.66,66268.65,66203.66,66251.16,988
2026-08-07T15:05:00+00:00,66251.16,66311.15,66246.16,66268.67,660
2026-08-07T15:10:00+00:00,66268.67,66308.66,66243.67,66276.16,690
2026-08-07T15:15:00+00:00,66276.16,66278.66,66211.15,66248.65,501
2026-08-07T15:20:00+00:00,66248.65,66298.67,66216.16,66291.16,466
2026-08-07T15:25:00+00:00,66291.16,66378.67,66291.16,66363.65,389
2026-08-07T15:30:00+00:00,66363.65,66383.65,66268.66,66271.17,526
2026-08-07T15:35:00+00:00,66271.17,66288.67,66188.65,66201.17,555
2026-08-07T15:40:00+00:00,66201.17,66221.16,66128.66,66153.65,528
2026-08-07T15:45:00+00:00,66153.65,66213.65,66143.66,66203.66,554
2026-08-07T15:50:00+00:00,66203.66,66228.67,66108.66,66138.65,433
2026-08-07T15:55:00+00:00,66138.65,66153.65,66098.66,66128.67,348
2026-08-07T16:00:00+00:00,66128.67,66133.65,66086.17,66103.65,315
2026-08-07T16:05:00+00:00,66103.65,66131.17,66093.65,66123.65,357
2026-08-07T16:10:00+00:00,66123.65,66138.65,66093.66,66098.67,296
2026-08-07T16:15:00+00:00,66098.67,66121.16,66086.16,66098.65,337
2026-08-07T16:20:00+00:00,66098.65,66143.65,65986.15,65988.65,527
2026-08-07T16:25:00+00:00,65988.65,65991.17,65866.15,65898.65,876
2026-08-07T16:30:00+00:00,65898.65,65956.16,65838.65,65953.66,961
2026-08-07T16:35:00+00:00,65953.66,65996.15,65921.15,65991.17,632
2026-08-07T16:40:00+00:00,65991.17,66001.17,65963.65,65986.17,476
2026-08-07T16:45:00+00:00,65986.17,66013.65,65978.65,66008.66,387
2026-08-07T16:50:00+00:00,66008.66,66038.66,65976.15,65978.65,434
2026-08-07T16:55:00+00:00,65978.65,65996.15,65966.15,65968.67,333
2026-08-07T17:00:00+00:00,65968.67,66008.66,65946.15,65996.16,323
2026-08-07T17:05:00+00:00,65996.16,66043.67,65996.16,66033.67,215
2026-08-07T17:10:00+00:00,66033.67,66038.66,65973.65,65976.15,238
2026-08-07T17:15:00+00:00,65976.15,66018.66,65971.17,66008.67,222
2026-08-07T17:20:00+00:00,66008.67,66023.66,65956.17,65956.17,225
2026-08-07T17:25:00+00:00,65956.17,65991.16,65953.65,65978.65,179
2026-08-07T17:30:00+00:00,65978.65,66013.67,65958.65,65963.66,272
2026-08-07T17:35:00+00:00,65963.66,66008.67,65958.67,66008.66,167
2026-08-07T17:40:00+00:00,66008.66,66011.17,65976.15,65988.66,228
2026-08-07T17:45:00+00:00,65988.66,66003.67,65978.65,65988.65,170
2026-08-07T17:50:00+00:00,65988.65,66013.67,65958.65,65986.16,190
2026-08-07T17:55:00+00:00,65986.16,66011.17,65973.66,65986.16,129
2026-08-07T18:00:00+00:00,65986.16,66006.17,65978.65,65996.17,201
2026-08-07T18:05:00+00:00,65996.17,66028.66,65983.65,66013.65,151
2026-08-07T18:10:00+00:00,66013.65,66018.65,65948.66,65963.65,151
2026-08-07T18:15:00+00:00,65963.65,65993.67,65958.65,65983.66,157
2026-08-07T18:20:00+00:00,65983.66,65986.17,65953.65,65958.65,127
2026-08-07T18:25:00+00:00,65958.65,65968.67,65933.65,65938.65,118
2026-08-07T18:30:00+00:00,65938.65,65978.66,65931.16,65946.17,163
2026-08-07T18:35:00+00:00,65946.17,65961.15,65928.65,65953.65,116
2026-08-07T18:40:00+00:00,65953.65,65953.67,65923.65,65923.66,109
2026-08-07T18:45:00+00:00,65923.66,65968.67,65923.66,65966.17,137
2026-08-07T18:50:00+00:00,65966.17,65986.17,65958.65,65976.17,128
2026-08-07T18:55:00+00:00,65976.17,66016.15,65956.15,66016.15,133
2026-08-07T19:00:00+00:00,66016.15,66153.65,66016.15,66101.16,373
2026-08-07T19:05:00+00:00,66101.16,66228.67,66096.17,66226.17,259
2026-08-07T19:10:00+00:00,66226.17,66248.66,66213.67,66218.66,210
2026-08-07T19:15:00+00:00,66218.66,66293.66,66218.66,66238.65,291
2026-08-07T19:20:00+00:00,66238.65,66303.67,66238.65,66243.66,207
2026-08-07T19:25:00+00:00,66243.66,66261.17,66226.15,66258.66,179
2026-08-07T19:30:00+00:00,66258.66,66261.16,66203.66,66203.66,241
2026-08-07T19:35:00+00:00,66203.66,66243.67,66196.16,66236.17,222
2026-08-07T19:40:00+00:00,66236.17,66236.17,66188.65,66191.16,236
2026-08-07T19:45:00+00:00,66191.16,66248.66,66188.67,66228.67,148
2026-08-07T19:50:00+00:00,66228.67,66296.17,66221.16,66283.65,254
2026-08-07T19:55:00+00:00,66283.65,66346.16,66258.66,66316.17,362
2026-08-07T20:00:00+00:00,66316.17,66356.15,66306.65,66318.67,126
2026-08-07T20:05:00+00:00,66318.67,66346.15,66311.67,66336.15,72
2026-08-07T20:10:00+00:00,66336.15,66346.17,66326.65,66341.65,58
2026-08-07T20:15:00+00:00,66341.65,66361.17,66331.65,66341.15,41
2026-08-07T20:20:00+00:00,66341.15,66341.17,66281.67,66293.66,43
2026-08-07T20:25:00+00:00,66293.66,66293.66,66261.65,66266.66,42
2026-08-07T20:30:00+00:00,66266.66,66296.16,66256.66,66286.66,42
2026-08-07T20:35:00+00:00,66286.66,66316.16,66286.65,66306.67,36
2026-08-07T20:40:00+00:00,66306.67,66326.16,66301.67,66301.67,36.98313388417372
2026-08-09T22:00:00+00:00,66301.67,66342.04,66277.02,66312.03,73
2026-08-09T22:05:00+00:00,66312.03,66404.03,66302.02,66372.04,59
2026-08-09T22:10:00+00:00,66372.04,66396.54,66207.03,66212.03,84
2026-08-09T22:15:00+00:00,66212.03,66277.02,66137.03,66272.04,73
2026-08-09T22:20:00+00:00,66272.04,66367.03,66272.03,66362.04,34
2026-08-09T22:25:00+00:00,66362.04,66424.04,66357.03,66362.03,54
2026-08-09T22:30:00+00:00,66362.03,66362.04,66212.02,66227.03,64
2026-08-09T22:35:00+00:00,66227.03,66279.02,66197.02,66277.03,42
2026-08-09T22:40:00+00:00,66277.03,66307.03,66237.02,66237.02,13
2026-08-09T22:45:00+00:00,66237.02,66237.02,66222.02,66222.03,8
2026-08-09T22:55:00+00:00,66222.03,66237.04,66222.03,66232.02,5
2026-08-09T23:00:00+00:00,66232.02,66277.04,66232.02,66277.03,16
2026-08-09T23:05:00+00:00,66277.03,66322.04,66237.03,66322.04,29.399623588456713
2026-08-09T23:10:00+00:00,66322.04,66351.54,66322.02,66331.54,15.813987610042386
2026-08-09T23:15:00+00:00,66331.54,66337.04,66327.03,66337.04,10
2026-08-09T23:20:00+00:00,66337.04,66369.02,66337.02,66337.02,17
2026-08-09T23:25:00+00:00,66337.02,66337.04,66304.02,66304.03,40.67612655800575
2026-08-09T23:30:00+00:00,66304.03,66304.04,66219.02,66254.02,86
2026-08-09T23:35:00+00:00,66254.02,66319.04,66239.02,66314.03,50
2026-08-09T23:40:00+00:00,66314.03,66369.02,66279.02,66304.04,99
2026-08-09T23:45:00+00:00,66304.04,66434.04,66234.02,66334.04,648
2026-08-09T23:50:00+00:00,66334.04,66409.03,66309.02,66319.04,281
2026-08-09T23:55:00+00:00,66319.04,66319.04,66199.03,66199.03,481
2026-08-10T00:00:00+00:00,66199.03,66294.03,66079.04,66088.53,1900
2026-08-10T00:05:00+00:00,66088.53,66599.04,66074.02,66479.03,1411
2026-08-10T00:10:00+00:00,66479.03,66639.04,66404.02,66449.03,975
2026-08-10T00:15:00+00:00,66449.03,66528.52,66319.02,66413.52,1659
2026-08-10T00:20:00+00:00,66413.52,66644.04,66389.02,66629.03,1456
2026-08-10T00:25:00+00:00,66629.03,66728.54,66509.03,66514.03,1064
2026-08-10T00:30:00+00:00,66514.03,66723.52,66504.03,66684.02,1231
2026-08-10T00:35:00+00:00,66684.02,66723.54,66539.03,66574.03,823
2026-08-10T00:40:00+00:00,66574.03,66594.04,66424.02,66469.04,901
2026-08-10T00:45:00+00:00,66469.04,66583.52,66464.02,66544.04,958
2026-08-10T00:50:00+00:00,66544.04,66588.54,66449.02,66479.04,873
2026-08-10T00:55:00+00:00,66479.04,66563.52,66439.03,66509.03,639
2026-08-10T01:00:00+00:00,66509.03,66643.53,66404.02,66608.52,1212
2026-08-10T01:05:00+00:00,66608.52,66668.53,66549.02,66604.03,862
2026-08-10T01:10:00+00:00,66604.03,66828.54,66599.03,66824.04,599
2026-08-10T01:15:00+00:00,66824.04,66943.52,66789.03,66919.02,562
2026-08-10T01:20:00+00:00,66919.02,66968.54,66844.04,66959.03,662
2026-08-10T01:25:00+00:00,66959.03,66984.03,66854.03,66854.03,603
2026-08-10T01:30:00+00:00,66854.03,66879.03,66759.02,66879.03,1135
2026-08-10T01:35:00+00:00,66879.03,67001.03,66834.04,66984.02,584
2026-08-10T01:40:00+00:00,66984.02,66988.54,66804.03,66874.04,608
2026-08-10T01:45:00+00:00,66874.04,67018.53,66869.02,66999.03,449
2026-08-10T01:50:00+00:00,66999.03,67058.53,66989.04,67004.02,514
2026-08-10T01:55:00+00:00,67004.02,67023.52,66959.02,66984.03,528
2026-08-10T02:00:00+00:00,66984.03,67034.04,66944.03,66974.04,558
2026-08-10T02:05:00+00:00,66974.04,66998.54,66934.02,66949.02,372
2026-08-10T02:10:00+00:00,66949.02,67048.52,66944.04,67018.52,379
2026-08-10T02:15:00+00:00,67018.52,67018.53,66919.02,66953.53,466
2026-08-10T02:20:00+00:00,66953.53,67014.04,66934.02,66934.03,399
2026-08-10T02:25:00+00:00,66934.03,66988.54,66919.02,66974.04,391
2026-08-10T02:30:00+00:00,66974.04,67023.53,66949.02,66964.03,235
2026-08-10T02:35:00+00:00,66964.03,66993.54,66944.02,66968.54,219
2026-08-10T02:40:00+00:00,66968.54,67008.54,66954.03,66969.03,204
2026-08-10T02:45:00+00:00,66969.03,66983.52,66944.02,66949.04,157
2026-08-10T02:50:00+00:00,66949.04,66998.54,66939.03,66974.03,137
2026-08-10T02:55:00+00:00,66974.03,66974.03,66909.02,66914.03,140
2026-08-10T03:00:00+00:00,66914.03,66973.54,66909.04,66929.04,251
2026-08-10T03:05:00+00:00,66929.04,66938.54,66899.02,66904.03,164
2026-08-10T03:10:00+00:00,66904.03,66949.03,66904.02,66949.02,150
2026-08-10T03:15:00+00:00,66949.02,66998.54,66929.02,66989.04,170
2026-08-10T03:20:00+00:00,66989.04,67008.52,66914.02,66914.03,178
2026-08-10T03:25:00+00:00,66914.03,66933.54,66879.02,66904.02,210
2026-08-10T03:30:00+00:00,66904.02,66943.54,66814.02,66934.02,931
2026-08-10T03:35:00+00:00,66934.02,66953.53,66869.03,66939.04,451
2026-08-10T03:40:00+00:00,66939.04,66984.04,66914.03,66984.03,453
2026-08-10T03:45:00+00:00,66984.03,67003.54,66874.02,66903.54,383
2026-08-10T03:50:00+00:00,66903.54,66948.53,66849.02,66873.52,359
2026-08-10T03:55:00+00:00,66873.52,66953.54,66829.04,66914.03,262
2026-08-10T04:00:00+00:00,66914.03,67003.54,66909.02,66929.03,361
2026-08-10T04:05:00+00:00,66929.03,66973.54,66894.02,66959.04,334
2026-08-10T04:10:00+00:00,66959.04,66963.54,66869.02,66918.53,255
2026-08-10T04:15:00+00:00,66918.53,66978.54,66879.02,66939.04,294
2026-08-10T04:20:00+00:00,66939.04,66983.53,66939.02,66953.52,289
2026-08-10T04:25:00+00:00,66953.52,66993.54,66934.03,66984.02,264
2026-08-10T04:30:00+00:00,66984.02,66998.54,66834.02,66859.03,366
2026-08-10T04:35:00+00:00,66859.03,66903.52,66809.03,66814.04,348
2026-08-10T04:40:00+00:00,66814.04,66888.54,66749.02,66863.54,399
2026-08-10T04:45:00+00:00,66863.54,66908.53,66834.02,66878.54,344
2026-08-10T04:50:00+00:00,66878.54,66918.52,66798.53,66798.54,307
2026-08-10T04:55:00+00:00,66798.54,66828.52,66769.03,66814.02,321
2026-08-10T05:00:00+00:00,66814.02,66923.54,66814.02,66919.04,428
2026-08-10T05:05:00+00:00,66919.04,66973.52,66914.02,66953.52,292
2026-08-10T05:10:00+00:00,66953.52,67016.02,66939.02,67003.52,242
2026-08-10T05:15:00+00:00,67003.52,67008.54,66974.04,66993.52,181
2026-08-10T05:20:00+00:00,66993.52,67023.54,66959.03,66994.04,225
2026-08-10T05:25:00+00:00,66994.04,67018.52,66964.02,66973.53,227
2026-08-10T05:30:00+00:00,66973.53,67006.03,66934.02,66988.53,358
2026-08-10T05:35:00+00:00,66988.53,67026.04,66984.02,67008.54,235
2026-08-10T05:40:00+00:00,67008.54,67021.02,66989.03,66989.03,209
2026-08-10T05:45:00+00:00,66989.03,67013.53,66944.04,66948.53,202
2026-08-10T05:50:00+00:00,66948.53,66983.52,66924.03,66966.03,203
2026-08-10T05:55:00+00:00,66966.03,66978.54,66909.02,66933.54,174
2026-08-10T06:00:00+00:00,66933.54,66973.54,66904.02,66933.54,320
2026-08-10T06:05:00+00:00,66933.54,66933.54,66869.03,66914.03,204
2026-08-10T06:10:00+00:00,66914.03,66941.03,66908.52,66924.03,188
2026-08-10T06:15:00+00:00,66924.03,67001.04,66894.02,66993.53,146
2026-08-10T06:20:00+00:00,66993.53,67036.03,66966.02,67011.04,257
2026-08-10T06:25:00+00:00,67011.04,67118.54,66979.03,67091.04,409
2026-08-10T06:30:00+00:00,67091.04,67158.53,67049.04,67138.52,519
2026-08-10T06:35:00+00:00,67138.52,67161.04,67073.53,67076.04,300
2026-08-10T06:40:00+00:00,67076.04,67148.54,67051.03,67119.03,240
2026-08-10T06:45:00+00:00,67119.03,67168.53,67114.03,67123.54,207
2026-08-10T06:50:00+00:00,67123.54,67163.54,67084.02,67096.02,111
2026-08-10T06:55:00+00:00,67096.02,67108.53,67064.04,67084.04,60
2026-08-10T07:00:00+00:00,67084.04,67133.53,67074.04,67114.02,192
2026-08-10T07:05:00+00:00,67114.02,67133.54,67078.54,67088.54,104
2026-08-10T07:10:00+00:00,67088.54,67093.54,67046.04,67074.03,125
2026-08-10T07:15:00+00:00,67074.03,67126.02,67074.03,67123.53,110
2026-08-10T07:20:00+00:00,67123.53,67196.04,67119.02,67181.03,117
2026-08-10T07:25:00+00:00,67181.03,67196.04,67143.53,67196.03,104
2026-08-10T07:30:00+00:00,67196.03,67223.54,67176.04,67211.02,131
2026-08-10T07:35:00+00:00,67211.02,67266.03,67211.02,67253.54,77
2026-08-10T07:40:00+00:00,67253.54,67263.54,67224.02,67263.53,83
2026-08-10T07:45:00+00:00,67263.53,67328.52,67234.04,67239.03,249
2026-08-10T07:50:00+00:00,67239.03,67286.03,67234.03,67278.53,108
2026-08-10T07:55:00+00:00,67278.53,67303.53,67273.54,67283.52,93
2026-08-10T08:00:00+00:00,67283.52,67553.52,67253.54,67548.54,669
2026-08-10T08:05:00+00:00,67548.54,67598.52,67514.03,67566.04,324
2026-08-10T08:10:00+00:00,67566.04,67566.04,67478.53,67478.54,332
2026-08-10T08:15:00+00:00,67478.54,67498.53,67428.53,67448.54,292
2026-08-10T08:20:00+00:00,67448.54,67451.03,67314.02,67331.03,271
2026-08-10T08:25:00+00:00,67331.03,67371.04,67269.02,67276.04,269
2026-08-10T08:30:00+00:00,67276.04,67293.53,67228.53,67228.53,260
2026-08-10T08:35:00+00:00,67228.53,67321.02,67218.53,67308.52,183
2026-08-10T08:40:00+00:00,67308.52,67318.54,67243.53,67278.54,187
2026-08-10T08:45:00+00:00,67278.54,67301.04,67271.02,67288.52,161
2026-08-10T08:50:00+00:00,67288.52,67311.04,67253.54,67306.03,198
2026-08-10T08:55:00+00:00,67306.03,67321.02,67273.52,67283.54,156
2026-08-10T09:00:00+00:00,67283.54,67353.54,67261.03,67353.52,280
2026-08-10T09:05:00+00:00,67353.52,67356.02,67304.02,67306.03,171
2026-08-10T09:10:00+00:00,67306.03,67318.54,67244.02,67268.53,179
2026-08-10T09:15:00+00:00,67268.53,67283.54,67218.53,67223.54,230
2026-08-10T09:20:00+00:00,67223.54,67283.53,67219.02,67283.53,165
2026-08-10T09:25:00+00:00,67283.53,67298.54,67263.52,67273.54,148
2026-08-10T09:30:00+00:00,67273.54,67298.54,67238.52,67288.52,217
2026-08-10T09:35:00+00:00,67288.52,67288.54,67224.04,67238.52,211
2026-08-10T09:40:00+00:00,67238.52,67253.52,67211.02,67248.53,152
2026-08-10T09:45:00+00:00,67248.53,67268.54,67236.02,67263.54,149
2026-08-10T09:50:00+00:00,67263.54,67276.02,67256.02,67263.53,94
2026-08-10T09:55:00+00:00,67263.53,67263.54,67231.03,67236.03,150
2026-08-10T10:00:00+00:00,67236.03,67268.54,67211.03,67266.02,263
2026-08-10T10:05:00+00:00,67266.02,67268.54,67191.04,67216.03,207
2026-08-10T10:10:00+00:00,67216.03,67223.54,67148.52,67148.52,146
2026-08-10T10:15:00+00:00,67148.52,67181.04,67146.02,67166.03,140
2026-08-10T10:20:00+00:00,67166.03,67211.02,67166.03,67211.02,245
2026-08-10T10:25:00+00:00,67211.02,67216.04,67188.54,67203.53,134
2026-08-10T10:30:00+00:00,67203.53,67208.54,67141.02,67151.04,169
2026-08-10T10:35:00+00:00,67151.04,67158.52,67123.52,67128.54,221
2026-08-10T10:40:00+00:00,67128.54,67156.02,67108.53,67156.02,144
2026-08-10T10:45:00+00:00,67156.02,67163.52,67121.03,67128.52,81
2026-08-10T10:50:00+00:00,67128.52,67161.02,67126.02,67133.53,92
2026-08-10T10:55:00+00:00,67133.53,67198.53,67113.54,67178.52,272
2026-08-10T11:00:00+00:00,67178.52,67208.53,67101.02,67101.02,574
2026-08-10T11:05:00+00:00,67101.02,67113.54,67071.02,67106.02,278
2026-08-10T11:10:00+00:00,67106.02,67111.03,67021.02,67061.02,243
2026-08-10T11:15:00+00:00,67061.02,67108.53,67061.02,67081.02,251
2026-08-10T11:20:00+00:00,67081.02,67141.04,67081.02,67113.54,206
2026-08-10T11:25:00+00:00,67113.54,67163.53,67101.02,67153.53,179
2026-08-10T11:30:00+00:00,67153.53,67223.52,67153.53,67221.03,244
2026-08-10T11:35:00+00:00,67221.03,67248.54,67211.02,67236.03,220
2026-08-10T11:40:00+00:00,67236.03,67266.04,67113.53,67126.04,366
2026-08-10T11:45:00+00:00,67126.04,67161.04,67073.52,67086.02,385
2026-08-10T11:50:00+00:00,67086.02,67158.54,67076.02,67141.02,268
2026-08-10T11:55:00+00:00,67141.02,67191.03,67138.52,67188.54,263
2026-08-10T12:00:00+00:00,67188.54,67196.03,67133.54,67183.53,416
2026-08-10T12:05:00+00:00,67183.53,67188.54,67081.03,67166.03,574
2026-08-10T12:10:00+00:00,67166.03,67191.03,67101.02,67108.54,361
2026-08-10T12:15:00+00:00,67108.54,67138.52,67083.52,67088.54,332
2026-08-10T12:20:00+00:00,67088.54,67098.53,67033.53,67063.52,337
2026-08-10T12:25:00+00:00,67063.52,67078.53,67023.52,67073.52,310
2026-08-10T12:30:00+00:00,67073.52,67083.54,67031.03,67031.03,411
2026-08-10T12:35:00+00:00,67031.03,67111.04,67021.02,67081.03,490
2026-08-10T12:40:00+00:00,67081.03,67116.04,67056.04,67086.02,295
2026-08-10T12:45:00+00:00,67086.02,67108.52,67036.02,67036.02,235
2026-08-10T12:50:00+00:00,67036.02,67041.04,67003.52,67036.04,305
2026-08-10T12:55:00+00:00,67036.04,67073.52,67028.52,67071.03,330
2026-08-10T13:00:00+00:00,67071.03,67116.03,67043.52,67116.03,594
2026-08-10T13:05:00+00:00,67116.03,67131.04,67096.02,67123.53,297
2026-08-10T13:10:00+00:00,67123.53,67148.54,67106.02,67126.02,280
2026-08-10T13:15:00+00:00,67126.02,67166.04,67101.04,67161.04,242
2026-08-10T13:20:00+00:00,67161.04,67188.54,67118.52,67181.03,281
2026-08-10T13:25:00+00:00,67181.03,67238.52,67176.03,67231.03,567
2026-08-10T13:30:00+00:00,67231.03,67256.02,67023.54,67038.53,2209
2026-08-10T13:35:00+00:00,67038.53,67196.04,66996.02,67043.52,2246
2026-08-10T13:40:00+00:00,67043.52,67056.04,66933.53,66976.03,1835
2026-08-10T13:45:00+00:00,66976.03,67096.02,66921.02,67058.54,1429
2026-08-10T13:50:00+00:00,67058.54,67103.54,66916.03,66946.02,1714
2026-08-10T13:55:00+00:00,66946.02,67001.03,66898.52,66983.52,1475
2026-08-10T14:00:00+00:00,66983.52,67063.54,66933.52,66998.53,1095
2026-08-10T14:05:00+00:00,66998.53,67131.04,66988.52,67106.04,818
2026-08-10T14:10:00+00:00,67106.04,67141.04,67088.52,67098.54,757
2026-08-10T14:15:00+00:00,67098.54,67126.03,66973.52,66981.04,782
2026-08-10T14:20:00+00:00,66981.04,67028.54,66948.53,66971.04,966
2026-08-10T14:25:00+00:00,66971.04,67051.04,66943.52,67008.53,1315
2026-08-10T14:30:00+00:00,67008.53,67106.04,66998.52,67088.53,1088
2026-08-10T14:35:00+00:00,67088.53,67158.54,67038.52,67053.53,961
2026-08-10T14:40:00+00:00,67053.53,67103.52,67029.04,67051.02,847
2026-08-10T14:45:00+00:00,67051.02,67081.02,67026.04,67053.52,487
2026-08-10T14:50:00+00:00,67053.52,67073.52,66933.52,66936.04,723
2026-08-10T14:55:00+00:00,66936.04,66976.04,66896.04,66903.53,883
2026-08-10T15:00:00+00:00,66903.53,66981.04,66898.52,66948.52,746
2026-08-10T15:05:00+00:00,66948.52,66981.02,66883.54,66886.03,615
2026-08-10T15:10:00+00:00,66886.03,66926.02,66821.02,66873.53,533
2026-08-10T15:15:00+00:00,66873.53,66886.04,66808.52,66836.03,715
2026-08-10T15:20:00+00:00,66836.03,66848.53,66808.54,66833.52,427
2026-08-10T15:25:00+00:00,66833.52,66843.54,66779.03,66816.02,360
2026-08-10T15:30:00+00:00,66816.02,66841.03,66701.03,66706.02,466
2026-08-10T15:35:00+00:00,66706.02,66758.54,66703.53,66741.02,364
2026-08-10T15:40:00+00:00,66741.02,66781.03,66693.52,66748.54,350
2026-08-10T15:45:00+00:00,66748.54,66788.54,66726.02,66746.04,373
2026-08-10T15:50:00+00:00,66746.04,66866.04,66741.03,66863.54,292
2026-08-10T15:55:00+00:00,66863.54,66876.03,66843.53,66866.02,236
2026-08-10T16:00:00+00:00,66866.02,66888.54,66851.02,66886.03,251
2026-08-10T16:05:00+00:00,66886.03,66898.54,66836.02,66848.53,262
2026-08-10T16:10:00+00:00,66848.53,66858.54,66831.02,66841.03,258
2026-08-10T16:15:00+00:00,66841.03,66871.04,66816.02,66846.03,323
2026-08-10T16:20:00+00:00,66846.03,66891.02,66826.02,66891.02,260
2026-08-10T16:25:00+00:00,66891.02,66893.54,66838.53,66853.52,311
2026-08-10T16:30:00+00:00,66853.52,66863.53,66704.02,66808.53,812
2026-08-10T16:35:00+00:00,66808.53,66851.03,66794.02,66811.02,451
2026-08-10T16:40:00+00:00,66811.02,66816.04,66726.04,66736.02,329
2026-08-10T16:45:00+00:00,66736.02,66768.54,66728.52,66751.02,260
2026-08-10T16:50:00+00:00,66751.02,66753.52,66698.53,66721.02,178
2026-08-10T16:55:00+00:00,66721.02,66748.53,66718.52,66743.52,119
2026-08-10T17:00:00+00:00,66743.52,66756.02,66728.52,66743.53,191
2026-08-10T17:05:00+00:00,66743.53,66811.04,66736.03,66808.53,210
2026-08-10T17:10:00+00:00,66808.53,66821.04,66769.02,66783.54,96
2026-08-10T17:15:00+00:00,66783.54,66808.54,66761.03,66768.54,63
2026-08-10T17:20:00+00:00,66768.54,66786.03,66759.03,66768.54,68
2026-08-10T17:25:00+00:00,66768.54,66773.54,66726.02,66736.04,100
2026-08-10T17:30:00+00:00,66736.04,66751.03,66731.03,66736.04,145
2026-08-10T17:35:00+00:00,66736.04,66741.03,66703.52,66703.53,76
2026-08-10T17:40:00+00:00,66703.53,66726.04,66683.52,66688.54,109
2026-08-10T17:45:00+00:00,66688.54,66706.03,66683.52,66698.53,109
2026-08-10T17:50:00+00:00,66698.53,66716.04,66691.03,66696.03,126
2026-08-10T17:55:00+00:00,66696.03,66728.53,66681.02,66713.54,114
2026-08-10T18:00:00+00:00,66713.54,66736.03,66693.52,66733.52,147
2026-08-10T18:05:00+00:00,66733.52,66743.52,66718.52,66733.52,54
2026-08-10T18:10:00+00:00,66733.52,66748.52,66708.52,66708.54,135
2026-08-10T18:15:00+00:00,66708.54,66721.02,66693.52,66693.54,113
2026-08-10T18:20:00+00:00,66693.54,66701.03,66678.52,66683.54,140
2026-08-10T18:25:00+00:00,66683.54,66708.54,66678.54,66703.52,60
2026-08-10T18:30:00+00:00,66703.52,66721.04,66686.04,66721.03,149
2026-08-10T18:35:00+00:00,66721.03,66728.53,66688.53,66706.02,86
2026-08-10T18:40:00+00:00,66706.02,66768.54,66706.02,66766.03,61
2026-08-10T18:45:00+00:00,66766.03,66776.03,66756.02,66763.52,75
2026-08-10T18:50:00+00:00,66763.52,66783.53,66761.02,66771.02,92
2026-08-10T18:55:00+00:00,66771.02,66801.02,66771.02,66786.04,83
2026-08-10T19:00:00+00:00,66786.04,66803.54,66771.02,66798.52,115
2026-08-10T19:05:00+00:00,66798.52,66828.53,66793.53,66826.02,78
2026-08-10T19:10:00+00:00,66826.02,66841.04,66821.03,66828.54,84
2026-08-10T19:15:00+00:00,66828.54,66848.53,66816.04,66831.03,69
2026-08-10T19:20:00+00:00,66831.03,66851.03,66816.02,66851.03,64
2026-08-10T19:25:00+00:00,66851.03,66856.03,66826.02,66838.53,108
2026-08-10T19:30:00+00:00,66838.53,66846.02,66783.52,66791.03,137
2026-08-10T19:35:00+00:00,66791.03,66813.54,66783.52,66811.03,75
2026-08-10T19:40:00+00:00,66811.03,66818.54,66768.54,66778.54,93
2026-08-10T19:45:00+00:00,66778.54,66828.54,66766.03,66828.54,112
2026-08-10T19:50:00+00:00,66828.54,66828.54,66733.52,66743.52,210
2026-08-10T19:55:00+00:00,66743.52,66761.03,66703.53,66734.03,259
2026-08-10T20:00:00+00:00,66734.03,66753.54,66719.02,66746.03,122
2026-08-10T20:05:00+00:00,66746.03,66748.53,66724.02,66724.02,26
2026-08-10T20:10:00+00:00,66724.02,66733.53,66724.02,66724.04,18
2026-08-10T20:15:00+00:00,66724.04,66733.54,66699.03,66699.03,38
2026-08-10T20:20:00+00:00,66699.03,66718.54,66694.02,66709.04,47
2026-08-10T20:25:00+00:00,66709.04,66723.53,66709.02,66719.04,27.510749936012285
2026-08-10T20:30:00+00:00,66719.04,66723.54,66703.52,66706.03,12
2026-08-10T20:35:00+00:00,66706.03,66708.54,66694.04,66703.54,24
2026-08-10T20:40:00+00:00,66703.54,66718.53,66694.03,66709.04,30.042960088691796
2026-08-10T20:45:00+00:00,66709.04,66723.52,66704.02,66704.04,47
2026-08-10T20:50:00+00:00,66704.04,66714.04,66694.02,66699.04,57
2026-08-10T20:55:00+00:00,66699.04,66704.04,66673.54,66698.52,41
2026-08-10T22:00:00+00:00,66701.52,66822.65,66701.52,66737.66,9
2026-08-10T22:05:00+00:00,66737.66,66737.66,66652.66,66652.67,9
2026-08-10T22:15:00+00:00,66652.67,66652.67,66627.66,66627.66,1
2026-08-10T22:20:00+00:00,66627.66,66627.66,66557.65,66557.65,2
2026-08-10T22:40:00+00:00,66557.65,66692.66,66557.65,66657.65,4
2026-08-10T22:45:00+00:00,66657.65,66657.67,66657.65,66657.67,3
2026-08-10T22:50:00+00:00,66657.67,66662.67,66657.67,66662.67,2
2026-08-10T22:55:00+00:00,66662.67,66662.67,66662.65,66662.65,1
2026-08-10T23:00:00+00:00,66662.65,66672.65,66652.65,66672.65,10.644991998956804
2026-08-10T23:05:00+00:00,66672.65,66697.65,66672.65,66697.65,8.558166502148781
2026-08-10T23:10:00+00:00,66697.65,66707.65,66697.65,66707.65,8.107023768209359
2026-08-10T23:15:00+00:00,66707.65,66712.65,66687.65,66687.65,10.391551162249666
2026-08-10T23:20:00+00:00,66687.65,66692.67,66657.65,66657.65,8.972723515348571
2026-08-10T23:25:00+00:00,66657.65,66692.17,66657.65,66687.16,18
2026-08-10T23:30:00+00:00,66687.16,66687.16,66597.65,66602.65,48
2026-08-10T23:35:00+00:00,66602.65,66667.66,66602.65,66667.66,19.05503955968352
2026-08-10T23:40:00+00:00,66667.66,66687.66,66657.66,66667.66,27
2026-08-10T23:45:00+00:00,66667.66,66667.66,66542.65,66592.67,377
2026-08-10T23:50:00+00:00,66592.67,66637.16,66557.65,66562.65,182
2026-08-10T23:55:00+00:00,66562.65,66602.66,66447.67,66592.65,332
2026-08-11T00:00:00+00:00,66592.65,66597.16,66342.66,66482.65,883
2026-08-11T00:05:00+00:00,66482.65,66499.66,66382.66,66427.66,568
2026-08-11T00:10:00+00:00,66427.66,66577.67,66417.66,66517.66,488
2026-08-11T00:15:00+00:00,66517.66,66522.67,66397.65,66417.65,685
2026-08-11T00:20:00+00:00,66417.65,66497.15,66407.65,66467.67,495
2026-08-11T00:25:00+00:00,66467.67,66657.16,66462.66,66657.15,424
2026-08-11T00:30:00+00:00,66657.15,66697.17,66627.65,66642.66,497
2026-08-11T00:35:00+00:00,66642.66,66717.16,66637.65,66692.16,405
2026-08-11T00:40:00+00:00,66692.16,66762.17,66677.65,66762.17,341
2026-08-11T00:45:00+00:00,66762.17,66824.67,66747.66,66772.66,398
2026-08-11T00:50:00+00:00,66772.66,66857.16,66767.66,66812.67,263
2026-08-11T00:55:00+00:00,66812.67,66817.17,66772.65,66797.15,189
2026-08-11T01:00:00+00:00,66797.15,66892.16,66767.65,66822.15,804
2026-08-11T01:05:00+00:00,66822.15,66847.16,66712.65,66797.67,480
2026-08-11T01:10:00+00:00,66797.67,66987.17,66797.65,66982.65,412
2026-08-11T01:15:00+00:00,66982.65,67002.16,66832.65,66842.66,483
2026-08-11T01:20:00+00:00,66842.66,67007.15,66832.65,66977.65,521
2026-08-11T01:25:00+00:00,66977.65,67007.65,66882.65,66977.65,392
2026-08-11T01:30:00+00:00,66977.65,67007.66,66957.65,66972.67,401
2026-08-11T01:35:00+00:00,66972.67,67002.17,66912.65,66937.67,338
2026-08-11T01:40:00+00:00,66937.67,66982.67,66907.65,66967.65,315
2026-08-11T01:45:00+00:00,66967.65,67024.66,66932.65,67012.67,315
2026-08-11T01:50:00+00:00,67012.67,67047.15,66982.65,67017.16,195
2026-08-11T01:55:00+00:00,67017.16,67017.16,66907.65,66907.65,268
2026-08-11T02:00:00+00:00,66907.65,66962.67,66882.65,66957.67,280
2026-08-11T02:05:00+00:00,66957.67,66992.17,66902.66,66957.67,281
2026-08-11T02:10:00+00:00,66957.67,67022.17,66952.65,66997.67,243
2026-08-11T02:15:00+00:00,66997.67,67072.17,66957.65,67072.17,271
2026-08-11T02:20:00+00:00,67072.17,67102.16,67052.66,67077.66,267
2026-08-11T02:25:00+00:00,67077.66,67117.17,67047.65,67102.66,201
2026-08-11T02:30:00+00:00,67102.66,67172.15,67097.66,67162.65,177
2026-08-11T02:35:00+00:00,67162.65,67167.17,67112.66,67122.65,226
2026-08-11T02:40:00+00:00,67122.65,67177.17,67122.65,67162.65,131
2026-08-11T02:45:00+00:00,67162.65,67182.17,67122.65,67137.67,184
2026-08-11T02:50:00+00:00,67137.67,67152.17,67077.66,67107.15,176
2026-08-11T02:55:00+00:00,67107.15,67112.15,67062.65,67082.66,115
2026-08-11T03:00:00+00:00,67082.66,67132.15,67062.65,67122.65,174
2026-08-11T03:05:00+00:00,67122.65,67127.17,67067.65,67097.65,134
2026-08-11T03:10:00+00:00,67097.65,67112.17,67067.65,67082.67,95
2026-08-11T03:15:00+00:00,67082.67,67112.17,67062.65,67102.67,128
2026-08-11T03:20:00+00:00,67102.67,67189.67,67082.65,67189.67,127
2026-08-11T03:25:00+00:00,67189.67,67207.17,67167.65,67187.66,148
2026-08-11T03:30:00+00:00,67187.66,67202.17,67092.66,67102.65,120
2026-08-11T03:35:00+00:00,67102.65,67152.15,67082.66,67137.65,108
2026-08-11T03:40:00+00:00,67137.65,67142.17,67057.66,67057.66,134
2026-08-11T03:45:00+00:00,67057.66,67087.17,67042.66,67067.66,118
2026-08-11T03:50:00+00:00,67067.66,67097.17,67052.65,67092.65,76
2026-08-11T03:55:00+00:00,67092.65,67097.17,67037.66,67062.65,89
2026-08-11T04:00:00+00:00,67062.65,67122.15,67062.65,67077.66,107
2026-08-11T04:05:00+00:00,67077.66,67122.17,67062.65,67062.67,100
2026-08-11T04:10:00+00:00,67062.67,67122.16,67057.65,67097.17,158
2026-08-11T04:15:00+00:00,67097.17,67102.15,67057.66,67097.16,112
2026-08-11T04:20:00+00:00,67097.16,67097.16,67042.66,67062.66,88
2026-08-11T04:25:00+00:00,67062.66,67127.15,67042.65,67112.66,154
2026-08-11T04:30:00+00:00,67112.66,67157.15,67097.66,67097.66,156
2026-08-11T04:35:00+00:00,67097.66,67149.65,67087.65,67137.66,142
2026-08-11T04:40:00+00:00,67137.66,67137.66,67057.67,67072.16,90
2026-08-11T04:45:00+00:00,67072.16,67107.17,67062.66,67097.16,88
2026-08-11T04:50:00+00:00,67097.16,67127.15,67082.66,67102.66,80
2026-08-11T04:55:00+00:00,67102.66,67132.15,67102.66,67112.65,66
2026-08-11T05:00:00+00:00,67112.65,67157.16,67092.65,67102.15,180
2026-08-11T05:05:00+00:00,67102.15,67137.17,67082.65,67122.16,99
2026-08-11T05:10:00+00:00,67122.16,67152.16,67102.66,67147.17,90
2026-08-11T05:15:00+00:00,67147.17,67152.17,67062.65,67087.16,106
2026-08-11T05:20:00+00:00,67087.16,67087.17,67037.65,67037.65,119
2026-08-11T05:25:00+00:00,67037.65,67052.17,67007.66,67017.16,161
2026-08-11T05:30:00+00:00,67017.16,67037.66,66947.65,67037.66,254
2026-08-11T05:35:00+00:00,67037.66,67087.17,67037.65,67072.67,236
2026-08-11T05:40:00+00:00,67072.67,67107.16,67052.65,67087.65,164
2026-08-11T05:45:00+00:00,67087.65,67127.17,67037.65,67037.66,141
2026-08-11T05:50:00+00:00,67037.66,67047.17,66987.65,66992.65,228
2026-08-11T05:55:00+00:00,66992.65,67012.67,66952.65,66957.65,226
2026-08-11T06:00:00+00:00,66957.65,67042.17,66952.65,67034.65,155
2026-08-11T06:05:00+00:00,67034.65,67057.17,67022.67,67027.16,155
2026-08-11T06:10:00+00:00,67027.16,67052.17,67012.67,67012.67,97
2026-08-11T06:15:00+00:00,67012.67,67017.17,66947.16,66947.16,100
2026-08-11T06:20:00+00:00,66947.16,66957.15,66922.65,66947.17,70
2026-08-11T06:25:00+00:00,66947.17,66952.15,66907.65,66917.16,87
2026-08-11T06:30:00+00:00,66917.16,66942.15,66787.65,66807.67,195
2026-08-11T06:35:00+00:00,66807.67,66872.15,66792.65,66862.17,134
2026-08-11T06:40:00+00:00,66862.17,66907.17,66857.67,66892.66,100
2026-08-11T06:45:00+00:00,66892.66,66902.17,66877.16,66882.16,50
2026-08-11T06:50:00+00:00,66882.16,66892.17,66832.17,66837.15,67
2026-08-11T06:55:00+00:00,66837.15,66912.15,66829.67,66907.17,74
2026-08-11T07:00:00+00:00,66907.17,66999.66,66892.16,66999.66,224
2026-08-11T07:05:00+00:00,66999.66,66999.66,66922.16,66967.16,172
2026-08-11T07:10:00+00:00,66967.16,67012.16,66962.16,66969.66,139
2026-08-11T07:15:00+00:00,66969.66,66982.15,66937.66,66944.65,104
2026-08-11T07:20:00+00:00,66944.65,66957.16,66902.17,66912.17,103
2026-08-11T07:25:00+00:00,66912.17,66979.66,66912.17,66954.65,116
2026-08-11T07:30:00+00:00,66954.65,66992.17,66947.17,66982.17,135
2026-08-11T07:35:00+00:00,66982.17,67002.16,66962.15,66962.15,68
2026-08-11T07:40:00+00:00,66962.15,66972.16,66912.65,66922.16,83
2026-08-11T07:45:00+00:00,66922.16,66932.17,66877.65,66887.17,91
2026-08-11T07:50:00+00:00,66887.17,66919.65,66877.65,66892.15,86
2026-08-11T07:55:00+00:00,66892.15,66977.15,66887.15,66952.16,82
2026-08-11T08:00:00+00:00,66952.16,67067.17,66862.65,67027.15,483
2026-08-11T08:05:00+00:00,67027.15,67047.15,66957.17,66957.17,296
2026-08-11T08:10:00+00:00,66957.17,67002.17,66892.15,66894.66,207
2026-08-11T08:15:00+00:00,66894.66,66932.17,66892.15,66912.16,240
2026-08-11T08:20:00+00:00,66912.16,66944.67,66867.16,66942.15,308
2026-08-11T08:25:00+00:00,66942.15,66987.17,66937.15,66942.15,245
2026-08-11T08:30:00+00:00,66942.15,66967.17,66902.67,66917.17,292
2026-08-11T08:35:00+00:00,66917.17,66972.17,66917.15,66972.17,226
2026-08-11T08:40:00+00:00,66972.17,67049.67,66967.15,67047.15,160
2026-08-11T08:45:00+00:00,67047.15,67099.67,67027.16,67079.67,151
2026-08-11T08:50:00+00:00,67079.67,67124.66,67072.15,67104.66,116
2026-08-11T08:55:00+00:00,67104.66,67104.66,67029.66,67029.66,118
2026-08-11T09:00:00+00:00,67029.66,67054.67,66994.66,67037.16,312
2026-08-11T09:05:00+00:00,67037.16,67112.15,66994.67,66997.17,279
2026-08-11T09:10:00+00:00,66997.17,67037.16,66982.17,67032.17,298
2026-08-11T09:15:00+00:00,67032.17,67142.16,67029.65,67124.65,331
2026-08-11T09:20:00+00:00,67124.65,67142.17,67104.67,67104.67,210
2026-08-11T09:25:00+00:00,67104.67,67137.16,67062.15,67137.16,201
2026-08-11T09:30:00+00:00,67137.16,67184.66,67137.15,67162.15,190
2026-08-11T09:35:00+00:00,67162.15,67237.16,67157.66,67229.67,110
2026-08-11T09:40:00+00:00,67229.67,67254.67,67192.15,67192.15,84
2026-08-11T09:45:00+00:00,67192.15,67199.67,67159.66,67162.17,102
2026-08-11T09:50:00+00:00,67162.17,67162.17,67124.67,67132.17,108
2026-08-11T09:55:00+00:00,67132.17,67149.65,67122.67,67137.15,113
2026-08-11T10:00:00+00:00,67137.15,67157.15,67089.67,67099.65,211
2026-08-11T10:05:00+00:00,67099.65,67142.17,67097.17,67139.67,142
2026-08-11T10:10:00+00:00,67139.67,67139.67,67109.67,67119.66,125
2026-08-11T10:15:00+00:00,67119.66,67154.67,67102.16,67154.67,148
2026-08-11T10:20:00+00:00,67154.67,67227.17,67137.15,67212.17,347
2026-08-11T10:25:00+00:00,67212.17,67314.67,67202.16,67292.15,414
2026-08-11T10:30:00+00:00,67292.15,67322.16,67267.16,67282.15,263
2026-08-11T10:35:00+00:00,67282.15,67287.17,67247.17,67249.66,163
2026-08-11T10:40:00+00:00,67249.66,67334.65,67249.66,67314.66,134
2026-08-11T10:45:00+00:00,67314.66,67339.66,67304.67,67334.67,77
2026-08-11T10:50:00+00:00,67334.67,67334.67,67304.65,67307.16,77
2026-08-11T10:55:00+00:00,67307.16,67307.17,67279.66,67302.15,87
2026-08-11T11:00:00+00:00,67302.15,67544.67,67292.15,67507.16,1458
2026-08-11T11:05:00+00:00,67507.16,67547.15,67467.15,67472.16,412
2026-08-11T11:10:00+00:00,67472.16,67524.67,67459.65,67477.17,296
2026-08-11T11:15:00+00:00,67477.17,67487.17,67387.15,67402.15,170
2026-08-11T11:20:00+00:00,67402.15,67412.17,67384.67,67384.67,126
2026-08-11T11:25:00+00:00,67384.67,67407.17,67379.67,67392.17,101
2026-08-11T11:30:00+00:00,67392.17,67399.67,67369.65,67369.66,123
2026-08-11T11:35:00+00:00,67369.66,67382.17,67339.65,67347.16,135
2026-08-11T11:40:00+00:00,67347.16,67377.15,67329.65,67337.15,154
2026-08-11T11:45:00+00:00,67337.15,67342.17,67309.65,67342.16,164
2026-08-11T11:50:00+00:00,67342.16,67347.17,67319.67,67329.65,110
2026-08-11T11:55:00+00:00,67329.65,67339.67,67319.65,67337.16,121
2026-08-11T12:00:00+00:00,67337.16,67354.65,67302.16,67332.16,182
2026-08-11T12:05:00+00:00,67332.16,67384.67,67322.16,67384.67,158
2026-08-11T12:10:00+00:00,67384.67,67402.15,67377.16,67402.15,111
2026-08-11T12:15:00+00:00,67402.15,67407.15,67379.66,67402.17,170
2026-08-11T12:20:00+00:00,67402.17,67409.66,67284.65,67312.15,487
2026-08-11T12:25:00+00:00,67312.15,67329.67,67292.66,67314.66,115
2026-08-11T12:30:00+00:00,67314.66,67342.17,67297.66,67322.15,195
2026-08-11T12:35:00+00:00,67322.15,67397.16,67307.65,67367.67,107
2026-08-11T12:40:00+00:00,67367.67,67392.17,67347.67,67382.17,116
2026-08-11T12:45:00+00:00,67382.17,67402.17,67372.65,67372.66,113
2026-08-11T12:50:00+00:00,67372.66,67382.16,67322.65,67327.65,134
2026-08-11T12:55:00+00:00,67327.65,67349.65,67317.65,67332.15,88
2026-08-11T13:00:00+00:00,67332.15,67422.16,67327.65,67377.15,187
2026-08-11T13:05:00+00:00,67377.15,67392.17,67362.65,67372.16,87
2026-08-11T13:10:00+00:00,67372.16,67392.17,67307.65,67312.16,150
2026-08-11T13:15:00+00:00,67312.16,67327.17,67282.66,67327.15,187
2026-08-11T13:20:00+00:00,67327.15,67372.17,67312.65,67347.15,196
2026-08-11T13:25:00+00:00,67347.15,67392.16,67317.65,67367.15,266
2026-08-11T13:30:00+00:00,67367.15,67372.17,67237.17,67324.67,1277
2026-08-11T13:35:00+00:00,67324.67,67434.66,67274.66,67352.17,1127
2026-08-11T13:40:00+00:00,67352.17,67467.16,67352.17,67429.67,1268
2026-08-11T13:45:00+00:00,67429.67,67429.67,67217.16,67254.67,1287
2026-08-11T13:50:00+00:00,67254.67,67314.65,67147.16,67149.65,1130
2026-08-11T13:55:00+00:00,67149.65,67292.66,67142.15,67287.65,1021
2026-08-11T14:00:00+00:00,67287.65,67337.15,67242.67,67289.65,705
2026-08-11T14:05:00+00:00,67289.65,67442.16,67282.15,67419.65,733
2026-08-11T14:10:00+00:00,67419.65,67444.67,67344.67,67362.16,642
2026-08-11T14:15:00+00:00,67362.16,67459.67,67357.15,67404.66,727
2026-08-11T14:20:00+00:00,67404.66,67447.17,67367.16,67374.65,676
2026-08-11T14:25:00+00:00,67374.65,67444.67,67367.16,67414.66,539
2026-08-11T14:30:00+00:00,67414.66,67424.66,67329.65,67412.17,512
2026-08-11T14:35:00+00:00,67412.17,67472.16,67387.16,67414.67,543
2026-08-11T14:40:00+00:00,67414.67,67449.67,67377.15,67402.16,543
2026-08-11T14:45:00+00:00,67402.16,67484.66,67399.67,67467.16,413
2026-08-11T14:50:00+00:00,67467.16,67534.66,67429.65,67509.66,429
2026-08-11T14:55:00+00:00,67509.66,67529.66,67454.66,67457.16,324
2026-08-11T15:00:00+00:00,67457.16,67504.66,67452.15,67474.66,329
2026-08-11T15:05:00+00:00,67474.66,67477.17,67324.67,67327.15,547
2026-08-11T15:10:00+00:00,67327.15,67344.67,67302.15,67317.16,458
2026-08-11T15:15:00+00:00,67317.16,67327.17,67264.65,67309.65,448
2026-08-11T15:20:00+00:00,67309.65,67367.16,67274.65,67279.67,330
2026-08-11T15:25:00+00:00,67279.67,67299.65,67252.17,67277.15,282
2026-08-11T15:30:00+00:00,67277.15,67317.17,67182.17,67197.17,641
2026-08-11T15:35:00+00:00,67197.17,67269.65,67192.15,67199.65,469
2026-08-11T15:40:00+00:00,67199.65,67219.67,67157.16,67214.67,326
2026-08-11T15:45:00+00:00,67214.67,67217.17,67157.16,67167.16,338
2026-08-11T15:50:00+00:00,67167.16,67224.67,67167.15,67192.17,220
2026-08-11T15:55:00+00:00,67192.17,67219.65,67154.65,67167.15,224
2026-08-11T16:00:00+00:00,67167.15,67199.66,67142.15,67159.66,286
2026-08-11T16:05:00+00:00,67159.66,67204.65,67154.66,67194.65,216
2026-08-11T16:10:00+00:00,67194.65,67204.67,67142.16,67144.66,290
2026-08-11T16:15:00+00:00,67144.66,67197.15,67142.15,67149.65,221
2026-08-11T16:20:00+00:00,67149.65,67192.16,67129.65,67162.16,247
2026-08-11T16:25:00+00:00,67162.16,67184.67,67139.67,67179.66,319
2026-08-11T16:30:00+00:00,67179.66,67179.67,67109.65,67124.66,211
2026-08-11T16:35:00+00:00,67124.66,67207.16,67122.15,67207.16,154
2026-08-11T16:40:00+00:00,67207.16,67207.17,67174.65,67182.16,130
2026-08-11T16:45:00+00:00,67182.16,67184.67,67129.67,67167.15,195
2026-08-11T16:50:00+00:00,67167.15,67182.17,67159.65,67177.17,135
2026-08-11T16:55:00+00:00,67177.17,67177.17,67122.15,67137.15,137
2026-08-11T17:00:00+00:00,67137.15,67164.66,67087.15,67087.17,171
2026-08-11T17:05:00+00:00,67087.17,67139.67,67074.67,67112.15,150
2026-08-11T17:10:00+00:00,67112.15,67112.15,67009.65,67009.67,230
2026-08-11T17:15:00+00:00,67009.67,67104.66,66994.65,67092.16,250
2026-08-11T17:20:00+00:00,67092.16,67139.66,67084.65,67097.16,247
2026-08-11T17:25:00+00:00,67097.16,67124.67,67089.65,67104.65,182
2026-08-11T17:30:00+00:00,67104.65,67109.65,67074.67,67099.66,203
2026-08-11T17:35:00+00:00,67099.66,67124.66,67089.65,67112.16,163
2026-08-11T17:40:00+00:00,67112.16,67159.67,67107.15,67144.67,125
2026-08-11T17:45:00+00:00,67144.67,67162.17,67134.65,67139.65,123
2026-08-11T17:50:00+00:00,67139.65,67164.66,67139.65,67159.67,116
2026-08-11T17:55:00+00:00,67159.67,67159.67,67134.65,67134.65,101
2026-08-11T18:00:00+00:00,67134.65,67144.67,67099.66,67109.65,199
2026-08-11T18:05:00+00:00,67109.65,67114.66,67074.65,67077.17,144
2026-08-11T18:10:00+00:00,67077.17,67102.16,67064.66,67067.17,140
2026-08-11T18:15:00+00:00,67067.17,67099.65,67064.65,67089.66,168
2026-08-11T18:20:00+00:00,67089.66,67089.67,67019.65,67037.17,212
2026-08-11T18:25:00+00:00,67037.17,67052.17,66942.15,66952.17,306
2026-08-11T18:30:00+00:00,66952.17,67027.15,66942.16,67022.16,198
2026-08-11T18:35:00+00:00,67022.16,67029.67,66994.65,67007.17,180
2026-08-11T18:40:00+00:00,67007.17,67007.17,66947.17,66987.15,155
2026-08-11T18:45:00+00:00,66987.15,67054.67,66984.66,67054.65,125
2026-08-11T18:50:00+00:00,67054.65,67069.66,67037.15,67059.65,110
2026-08-11T18:55:00+00:00,67059.65,67064.66,67037.17,67037.17,123
2026-08-11T19:00:00+00:00,67037.17,67042.17,67002.15,67017.16,171
2026-08-11T19:05:00+00:00,67017.16,67017.16,66972.16,66989.66,181
2026-08-11T19:10:00+00:00,66989.66,67044.67,66987.15,67034.67,110
2026-08-11T19:15:00+00:00,67034.67,67054.65,67019.65,67039.65,103
2026-08-11T19:20:00+00:00,67039.65,67057.17,67032.15,67039.65,111
2026-08-11T19:25:00+00:00,67039.65,67077.17,67032.17,67067.17,106
2026-08-11T19:30:00+00:00,67067.17,67087.16,67042.15,67079.67,180
2026-08-11T19:35:00+00:00,67079.67,67094.67,67059.65,67092.15,65
2026-08-11T19:40:00+00:00,67092.15,67099.67,67074.65,67084.66,94
2026-08-11T19:45:00+00:00,67084.66,67089.65,67059.65,67074.65,149
2026-08-11T19:50:00+00:00,67074.65,67104.67,67052.15,67102.16,239
2026-08-11T19:55:00+00:00,67102.16,67124.67,67077.66,67124.67,249
2026-08-11T20:00:00+00:00,67124.67,67137.16,67067.66,67072.67,128
2026-08-11T20:05:00+00:00,67072.67,67112.16,67072.66,67107.15,49
2026-08-11T20:10:00+00:00,67107.15,67107.15,67072.65,67097.67,87
2026-08-11T20:15:00+00:00,67097.67,67147.17,67092.65,67147.16,50
2026-08-11T20:20:00+00:00,67147.16,67182.16,67137.65,67162.65,45
2026-08-11T20:25:00+00:00,67162.65,67202.67,67162.65,67202.66,58
2026-08-11T20:30:00+00:00,67202.66,67232.16,67202.66,67222.67,41
2026-08-11T20:35:00+00:00,67222.67,67252.15,67222.67,67247.66,22
2026-08-11T20:40:00+00:00,67247.66,67257.15,67232.67,67242.67,14
2026-08-11T20:45:00+00:00,67242.67,67262.65,67242.65,67247.67,28
2026-08-11T20:50:00+00:00,67247.67,67252.67,67212.66,67222.15,41
2026-08-11T20:55:00+00:00,67222.15,67222.17,67187.65,67219.65,52
2026-08-11T22:00:00+00:00,67189.65,67189.65,67129.45,67129.45,5
2026-08-11T22:05:00+00:00,67129.45,67139.47,67114.45,67139.46,14
2026-08-11T22:10:00+00:00,67139.46,67174.47,67119.45,67169.46,16
2026-08-11T22:15:00+00:00,67169.46,67174.45,67169.45,67169.45,3
2026-08-11T22:20:00+00:00,67169.45,67169.47,67169.45,67169.47,1
2026-08-11T22:25:00+00:00,67169.47,67169.47,67134.45,67139.45,6
2026-08-11T22:30:00+00:00,67139.45,67149.47,67124.45,67129.46,15
2026-08-11T22:35:00+00:00,67129.46,67134.47,67129.46,67134.46,6
2026-08-11T22:40:00+00:00,67134.46,67139.46,67109.45,67109.46,12
2026-08-11T22:45:00+00:00,67109.46,67119.45,67099.45,67119.45,12
2026-08-11T22:50:00+00:00,67119.45,67149.46,67109.46,67149.46,10
2026-08-11T22:55:00+00:00,67149.46,67164.47,67149.46,67159.46,7
2026-08-11T23:00:00+00:00,67159.46,67159.47,67139.45,67159.46,10
2026-08-11T23:05:00+00:00,67159.46,67159.47,67129.46,67149.45,18
2026-08-11T23:10:00+00:00,67149.45,67154.46,67139.46,67139.46,9.661838043220138
2026-08-11T23:15:00+00:00,67139.46,67139.46,67114.45,67124.45,15.705274317519216
2026-08-11T23:20:00+00:00,67124.45,67124.46,67114.45,67124.46,14
2026-08-11T23:25:00+00:00,67124.46,67134.45,67119.47,67134.45,9
2026-08-11T23:30:00+00:00,67134.45,67134.47,67079.45,67079.45,34
2026-08-11T23:35:00+00:00,67079.45,67081.47,67059.46,67059.46,27
2026-08-11T23:40:00+00:00,67059.46,67121.47,67044.45,67121.47,45
2026-08-11T23:45:00+00:00,67121.47,67214.46,66999.46,67014.46,285
2026-08-11T23:50:00+00:00,67014.46,67189.46,67004.47,67164.47,242
2026-08-11T23:55:00+00:00,67164.47,67269.47,67154.46,67264.45,312
2026-08-12T00:00:00+00:00,67264.45,67264.45,66779.47,67039.46,1884
2026-08-12T00:05:00+00:00,67039.46,67188.97,66869.45,66944.47,1299
2026-08-12T00:10:00+00:00,66944.47,67013.97,66829.45,67013.97,1196
2026-08-12T00:15:00+00:00,67013.97,67031.47,66874.45,67004.45,1758
2026-08-12T00:20:00+00:00,67004.45,67079.47,66889.45,66929.45,1423
2026-08-12T00:25:00+00:00,66929.45,67148.96,66869.45,67109.46,1256
2026-08-12T00:30:00+00:00,67109.46,67133.97,66959.46,66984.47,788
2026-08-12T00:35:00+00:00,66984.47,67064.47,66919.45,66929.45,459
2026-08-12T00:40:00+00:00,66929.45,67063.97,66924.45,67039.45,448
2026-08-12T00:45:00+00:00,67039.45,67118.96,67009.45,67049.47,578
2026-08-12T00:50:00+00:00,67049.47,67133.97,67034.47,67044.47,448
2026-08-12T00:55:00+00:00,67044.47,67063.95,66944.47,66989.47,578
2026-08-12T01:00:00+00:00,66989.47,67014.47,66909.46,66924.45,618
2026-08-12T01:05:00+00:00,66924.45,66998.97,66844.46,66993.95,680
2026-08-12T01:10:00+00:00,66993.95,67003.97,66904.46,66998.96,346
2026-08-12T01:15:00+00:00,66998.96,67003.97,66874.45,66988.96,472
2026-08-12T01:20:00+00:00,66988.96,66993.96,66894.46,66914.46,304
2026-08-12T01:25:00+00:00,66914.46,66993.96,66854.46,66948.96,391
2026-08-12T01:30:00+00:00,66948.96,66953.97,66874.46,66908.97,375
2026-08-12T01:35:00+00:00,66908.97,67031.45,66894.46,66994.47,326
2026-08-12T01:40:00+00:00,66994.47,67173.95,66994.47,67154.46,324
2026-08-12T01:45:00+00:00,67154.46,67173.97,67049.46,67078.95,350
2026-08-12T01:50:00+00:00,67078.95,67168.97,67069.46,67083.97,235
2026-08-12T01:55:00+00:00,67083.97,67123.97,67034.45,67108.96,237
2026-08-12T02:00:00+00:00,67108.96,67118.96,66984.47,67018.95,313
2026-08-12T02:05:00+00:00,67018.95,67033.97,66954.45,67004.47,294
2026-08-12T02:10:00+00:00,67004.47,67098.96,66999.45,67064.45,216
2026-08-12T02:15:00+00:00,67064.45,67083.96,67014.47,67063.97,168
2026-08-12T02:20:00+00:00,67063.97,67063.97,66989.45,67024.45,178
2026-08-12T02:25:00+00:00,67024.45,67103.95,67024.45,67094.45,117
2026-08-12T02:30:00+00:00,67094.45,67213.97,67089.45,67184.46,107
2026-08-12T02:35:00+00:00,67184.46,67228.97,67184.46,67209.47,78
2026-08-12T02:40:00+00:00,67209.47,67243.97,67209.45,67209.45,125
2026-08-12T02:45:00+00:00,67209.45,67303.97,67189.46,67303.97,81
2026-08-12T02:50:00+00:00,67303.97,67303.97,67259.47,67284.46,94
2026-08-12T02:55:00+00:00,67284.46,67318.97,67264.45,67318.95,124
2026-08-12T03:00:00+00:00,67318.95,67328.96,67274.45,67279.47,147
2026-08-12T03:05:00+00:00,67279.47,67308.97,67259.45,67289.47,85
2026-08-12T03:10:00+00:00,67289.47,67311.47,67279.46,67288.96,72
2026-08-12T03:15:00+00:00,67288.96,67293.97,67264.45,67284.46,69
2026-08-12T03:20:00+00:00,67284.46,67293.96,67264.45,67264.45,72
2026-08-12T03:25:00+00:00,67264.45,67308.97,67259.46,67279.45,67
2026-08-12T03:30:00+00:00,67279.45,67378.97,67224.45,67369.45,648
2026-08-12T03:35:00+00:00,67369.45,67408.97,67254.45,67284.46,266
2026-08-12T03:40:00+00:00,67284.46,67363.97,67254.45,67278.96,225
2026-08-12T03:45:00+00:00,67278.96,67343.97,67259.45,67328.96,209
2026-08-12T03:50:00+00:00,67328.96,67378.97,67309.46,67314.47,185
2026-08-12T03:55:00+00:00,67314.47,67343.95,67299.45,67324.45,198
2026-08-12T04:00:00+00:00,67324.45,67368.95,67319.47,67364.47,175
2026-08-12T04:05:00+00:00,67364.47,67393.96,67354.46,67368.95,126
2026-08-12T04:10:00+00:00,67368.95,67423.96,67354.45,67414.45,140
2026-08-12T04:15:00+00:00,67414.45,67443.97,67404.45,67438.96,115
2026-08-12T04:20:00+00:00,67438.96,67466.47,67434.45,67454.45,144
2026-08-12T04:25:00+00:00,67454.45,67468.97,67419.45,67444.46,104
2026-08-12T04:30:00+00:00,67444.46,67463.97,67374.45,67389.45,193
2026-08-12T04:35:00+00:00,67389.45,67428.97,67374.45,67386.45,117
2026-08-12T04:40:00+00:00,67386.45,67386.45,67329.45,67378.96,92
2026-08-12T04:45:00+00:00,67378.96,67473.97,67359.46,67459.46,117
2026-08-12T04:50:00+00:00,67459.46,67501.45,67459.45,67498.97,94
2026-08-12T04:55:00+00:00,67498.97,67533.96,67484.45,67533.96,146
2026-08-12T05:00:00+00:00,67533.96,67543.96,67464.45,67478.96,179
2026-08-12T05:05:00+00:00,67478.96,67528.97,67459.47,67508.97,113
2026-08-12T05:10:00+00:00,67508.97,67513.97,67484.45,67498.96,58
2026-08-12T05:15:00+00:00,67498.96,67518.95,67479.45,67509.46,100
2026-08-12T05:20:00+00:00,67509.46,67538.97,67484.45,67538.97,85
2026-08-12T05:25:00+00:00,67538.97,67583.96,67529.46,67563.96,114
2026-08-12T05:30:00+00:00,67563.96,67596.47,67524.45,67578.97,133
2026-08-12T05:35:00+00:00,67578.97,67601.46,67558.95,67573.96,67
2026-08-12T05:40:00+00:00,67573.96,67596.47,67559.45,67559.46,96
2026-08-12T05:45:00+00:00,67559.46,67573.95,67529.45,67548.97,129
2026-08-12T05:50:00+00:00,67548.97,67593.96,67534.47,67588.96,80
2026-08-12T05:55:00+00:00,67588.96,67593.97,67529.45,67529.45,67
2026-08-12T06:00:00+00:00,67529.45,67596.45,67529.45,67596.45,139
2026-08-12T06:05:00+00:00,67596.45,67606.46,67573.95,67591.47,144
2026-08-12T06:10:00+00:00,67591.47,67591.47,67531.47,67543.96,154
2026-08-12T06:15:00+00:00,67543.96,67556.46,67506.46,67536.46,180
2026-08-12T06:20:00+00:00,67536.46,67603.97,67518.95,67596.45,216
2026-08-12T06:25:00+00:00,67596.45,67718.97,67588.96,67681.47,331
2026-08-12T06:30:00+00:00,67681.47,67698.95,67628.96,67638.96,432
2026-08-12T06:35:00+00:00,67638.96,67661.45,67598.96,67661.45,232
2026-08-12T06:40:00+00:00,67661.45,67668.97,67611.46,67641.47,120
2026-08-12T06:45:00+00:00,67641.47,67671.47,67641.46,67648.97,69
2026-08-12T06:50:00+00:00,67648.97,67668.97,67646.45,67653.95,35
2026-08-12T06:55:00+00:00,67653.95,67683.95,67648.96,67683.95,32.47838109602816
2026-08-12T07:00:00+00:00,67683.95,67756.47,67681.46,67743.97,192
2026-08-12T07:05:00+00:00,67743.97,67773.97,67733.97,67733.97,79
2026-08-12T07:10:00+00:00,67733.97,67766.46,67716.45,67756.46,100
2026-08-12T07:15:00+00:00,67756.46,67783.97,67751.47,67758.96,78
2026-08-12T07:20:00+00:00,67758.96,67761.47,67703.97,67708.97,69
2026-08-12T07:25:00+00:00,67708.97,67723.96,67683.95,67683.95,79
2026-08-12T07:30:00+00:00,67683.95,67701.45,67666.45,67676.46,79
2026-08-12T07:35:00+00:00,67676.46,67723.96,67673.95,67721.45,71
2026-08-12T07:40:00+00:00,67721.45,67726.47,67696.45,67711.46,46
2026-08-12T07:45:00+00:00,67711.46,67718.95,67678.95,67686.45,56
2026-08-12T07:50:00+00:00,67686.45,67728.95,67683.96,67706.46,53
2026-08-12T07:55:00+00:00,67706.46,67756.47,67691.45,67756.47,93
2026-08-12T08:00:00+00:00,67756.47,67846.45,67718.95,67803.95,542
2026-08-12T08:05:00+00:00,67803.95,67816.47,67678.96,67681.47,238
2026-08-12T08:10:00+00:00,67681.47,67746.46,67681.47,67743.95,196
2026-08-12T08:15:00+00:00,67743.95,67791.46,67723.95,67786.45,174
2026-08-12T08:20:00+00:00,67786.45,67851.47,67781.45,67851.47,129
2026-08-12T08:25:00+00:00,67851.47,67863.97,67811.45,67833.97,175
2026-08-12T08:30:00+00:00,67833.97,67833.97,67691.45,67711.47,241
2026-08-12T08:35:00+00:00,67711.47,67761.47,67698.95,67761.45,135
2026-08-12T08:40:00+00:00,67761.45,67811.47,67761.45,67811.47,108
2026-08-12T08:45:00+00:00,67811.47,67896.47,67808.97,67896.47,102
2026-08-12T08:50:00+00:00,67896.47,67906.47,67886.45,67901.47,72
2026-08-12T08:55:00+00:00,67901.47,67908.97,67873.96,67876.46,112
2026-08-12T09:00:00+00:00,67876.46,67931.46,67858.95,67931.46,160
2026-08-12T09:05:00+00:00,67931.46,67956.47,67918.95,67936.47,81
2026-08-12T09:10:00+00:00,67936.47,67938.95,67918.97,67923.96,64
2026-08-12T09:15:00+00:00,67923.96,67963.97,67923.96,67943.97,79
2026-08-12T09:20:00+00:00,67943.97,68008.96,67933.95,68003.95,430
2026-08-12T09:25:00+00:00,68003.95,68023.96,67971.45,67976.45,268
2026-08-12T09:30:00+00:00,67976.45,68041.47,67971.45,68023.95,185
2026-08-12T09:35:00+00:00,68023.95,68031.45,67971.45,67971.45,142
2026-08-12T09:40:00+00:00,67971.45,67973.95,67921.46,67921.46,97
2026-08-12T09:45:00+00:00,67921.46,67921.47,67896.46,67916.45,119
2026-08-12T09:50:00+00:00,67916.45,67963.97,67861.47,67863.97,279
2026-08-12T09:55:00+00:00,67863.97,67923.97,67863.96,67923.97,98
2026-08-12T10:00:00+00:00,67923.97,67948.95,67921.47,67943.95,77
2026-08-12T10:05:00+00:00,67943.95,67946.47,67931.45,67946.46,87
2026-08-12T10:10:00+00:00,67946.46,67968.96,67946.45,67958.95,59
2026-08-12T10:15:00+00:00,67958.95,67966.47,67948.95,67948.97,62
2026-08-12T10:20:00+00:00,67948.97,67953.96,67916.46,67923.95,65
2026-08-12T10:25:00+00:00,67923.95,67926.47,67901.45,67913.97,72
2026-08-12T10:30:00+00:00,67913.97,67956.47,67903.96,67948.96,71
2026-08-12T10:35:00+00:00,67948.96,67951.45,67931.46,67938.96,35
2026-08-12T10:40:00+00:00,67938.96,67953.97,67926.47,67931.46,55
2026-08-12T10:45:00+00:00,67931.46,67931.46,67789.45,67863.95,341
2026-08-12T10:50:00+00:00,67863.95,67903.97,67849.46,67901.45,248
2026-08-12T10:55:00+00:00,67901.45,67931.45,67898.95,67931.45,63
2026-08-12T11:00:00+00:00,67931.45,67956.47,67926.46,67936.46,117
2026-08-12T11:05:00+00:00,67936.46,68048.97,67926.45,68048.97,126
2026-08-12T11:10:00+00:00,68048.97,68068.96,68026.45,68053.96,93
2026-08-12T11:15:00+00:00,68053.96,68053.97,68013.96,68033.97,82
2026-08-12T11:20:00+00:00,68033.97,68076.45,68033.97,68068.95,100
2026-08-12T11:25:00+00:00,68068.95,68083.95,68058.96,68061.45,61
2026-08-12T11:30:00+00:00,68061.45,68121.46,68056.47,68116.45,78
2026-08-12T11:35:00+00:00,68116.45,68121.46,68091.45,68116.46,85
2026-08-12T11:40:00+00:00,68116.46,68141.47,68106.46,68141.46,76
2026-08-12T11:45:00+00:00,68141.46,68153.96,68116.46,68128.97,89
2026-08-12T11:50:00+00:00,68128.97,68176.47,68128.97,68173.96,77
2026-08-12T11:55:00+00:00,68173.96,68211.47,68168.97,68191.45,126
2026-08-12T12:00:00+00:00,68191.45,68236.46,68186.46,68218.97,154
2026-08-12T12:05:00+00:00,68218.97,68218.97,68151.45,68156.45,133
2026-08-12T12:10:00+00:00,68156.45,68158.97,68108.95,68108.95,140
2026-08-12T12:15:00+00:00,68108.95,68141.45,68101.45,68101.45,169
2026-08-12T12:20:00+00:00,68101.45,68116.47,68046.46,68113.96,210
2026-08-12T12:25:00+00:00,68113.96,68293.97,68103.96,68279.46,305
2026-08-12T12:30:00+00:00,68279.46,68394.47,67844.46,68264.46,1536
2026-08-12T12:35:00+00:00,68264.46,68368.97,68214.45,68359.46,493
2026-08-12T12:40:00+00:00,68359.46,68388.97,68309.45,68354.46,454
2026-08-12T12:45:00+00:00,68354.46,68468.96,68344.45,68454.46,456
2026-08-12T12:50:00+00:00,68454.46,68551.45,68439.46,68533.95,289
2026-08-12T12:55:00+00:00,68533.95,68591.46,68526.45,68583.96,292
2026-08-12T13:00:00+00:00,68583.96,68681.47,68558.96,68663.97,579
2026-08-12T13:05:00+00:00,68663.97,68778.95,68658.95,68726.45,499
2026-08-12T13:10:00+00:00,68726.45,68783.97,68713.97,68781.47,267
2026-08-12T13:15:00+00:00,68781.47,68781.47,68664.45,68693.96,273
2026-08-12T13:20:00+00:00,68693.96,68758.96,68669.46,68698.96,221
2026-08-12T13:25:00+00:00,68698.96,68753.97,68689.45,68753.97,266
2026-08-12T13:30:00+00:00,68753.97,68808.97,68629.47,68634.47,1780
2026-08-12T13:35:00+00:00,68634.47,68723.97,68524.46,68589.46,1053
2026-08-12T13:40:00+00:00,68589.46,68728.95,68529.45,68728.95,1621
2026-08-12T13:45:00+00:00,68728.95,68878.96,68639.47,68873.96,1272
2026-08-12T13:50:00+00:00,68873.96,68901.46,68804.46,68818.96,952
2026-08-12T13:55:00+00:00,68818.96,68826.47,68681.47,68763.96,995
2026-08-12T14:00:00+00:00,68763.96,68808.97,68708.96,68768.97,1181
2026-08-12T14:05:00+00:00,68768.97,68913.96,68758.97,68906.45,852
2026-08-12T14:10:00+00:00,68906.45,68933.96,68784.46,68791.46,892
2026-08-12T14:15:00+00:00,68791.46,68863.97,68773.97,68783.97,752
2026-08-12T14:20:00+00:00,68783.97,68811.45,68711.45,68811.45,748
2026-08-12T14:25:00+00:00,68811.45,68883.96,68783.95,68813.95,603
2026-08-12T14:30:00+00:00,68813.95,68891.47,68628.97,68823.97,1324
2026-08-12T14:35:00+00:00,68823.97,68903.95,68779.45,68873.96,722
2026-08-12T14:40:00+00:00,68873.96,68889.45,68813.97,68889.45,411
2026-08-12T14:45:00+00:00,68889.45,68918.96,68854.46,68876.46,336
2026-08-12T14:50:00+00:00,68876.46,68893.97,68646.46,68661.47,714
2026-08-12T14:55:00+00:00,68661.47,68688.97,68618.95,68628.95,688
2026-08-12T15:00:00+00:00,68628.95,68688.97,68603.97,68643.97,779
2026-08-12T15:05:00+00:00,68643.97,68698.97,68631.45,68678.97,682
2026-08-12T15:10:00+00:00,68678.97,68713.97,68633.95,68703.97,580
2026-08-12T15:15:00+00:00,68703.97,68706.47,68611.47,68613.97,524
2026-08-12T15:20:00+00:00,68613.97,68631.47,68554.46,68596.46,515
2026-08-12T15:25:00+00:00,68596.46,68633.97,68576.46,68633.97,457
2026-08-12T15:30:00+00:00,68633.97,68643.97,68533.95,68573.95,535
2026-08-12T15:35:00+00:00,68573.95,68633.97,68571.46,68588.95,397
2026-08-12T15:40:00+00:00,68588.95,68588.96,68518.95,68528.97,303
2026-08-12T15:45:00+00:00,68528.97,68543.95,68508.95,68518.96,337
2026-08-12T15:50:00+00:00,68518.96,68573.95,68493.96,68531.47,272
2026-08-12T15:55:00+00:00,68531.47,68558.95,68528.95,68533.96,288
2026-08-12T16:00:00+00:00,68533.96,68596.46,68528.97,68546.45,282
2026-08-12T16:05:00+00:00,68546.45,68551.45,68508.96,68533.97,197
2026-08-12T16:10:00+00:00,68533.97,68541.47,68478.96,68516.47,235
2026-08-12T16:15:00+00:00,68516.47,68523.95,68486.45,68506.47,236
2026-08-12T16:20:00+00:00,68506.47,68543.95,68501.47,68528.97,179
2026-08-12T16:25:00+00:00,68528.97,68528.97,68476.46,68478.97,116
2026-08-12T16:30:00+00:00,68478.97,68483.96,68431.46,68431.46,255
2026-08-12T16:35:00+00:00,68431.46,68476.46,68428.95,68473.97,171
2026-08-12T16:40:00+00:00,68473.97,68503.95,68471.45,68481.46,135
2026-08-12T16:45:00+00:00,68481.46,68486.47,68463.96,68468.97,126
2026-08-12T16:50:00+00:00,68468.97,68516.45,68461.45,68493.97,220
2026-08-12T16:55:00+00:00,68493.97,68498.96,68468.95,68486.45,146
2026-08-12T17:00:00+00:00,68486.45,68538.96,68478.96,68533.96,157
2026-08-12T17:05:00+00:00,68533.96,68543.97,68501.47,68501.47,106
2026-08-12T17:10:00+00:00,68501.47,68516.46,68488.95,68506.47,162
2026-08-12T17:15:00+00:00,68506.47,68506.47,68466.45,68503.97,158
2026-08-12T17:20:00+00:00,68503.97,68528.97,68503.96,68516.45,143
2026-08-12T17:25:00+00:00,68516.45,68546.47,68516.45,68546.47,118
2026-08-12T17:30:00+00:00,68546.47,68573.95,68533.95,68543.96,224
2026-08-12T17:35:00+00:00,68543.96,68566.47,68536.45,68561.47,106
2026-08-12T17:40:00+00:00,68561.47,68583.97,68536.47,68568.97,151
2026-08-12T17:45:00+00:00,68568.97,68588.97,68548.95,68553.97,121
2026-08-12T17:50:00+00:00,68553.97,68581.47,68531.45,68536.46,85
2026-08-12T17:55:00+00:00,68536.46,68556.47,68533.97,68553.97,113
2026-08-12T18:00:00+00:00,68553.97,68566.47,68521.46,68531.45,135
2026-08-12T18:05:00+00:00,68531.45,68531.47,68508.97,68521.45,123
2026-08-12T18:10:00+00:00,68521.45,68553.97,68518.96,68528.96,111
2026-08-12T18:15:00+00:00,68528.96,68541.47,68511.46,68536.45,73
2026-08-12T18:20:00+00:00,68536.45,68541.47,68508.97,68541.45,93
2026-08-12T18:25:00+00:00,68541.45,68556.47,68511.45,68513.95,118
2026-08-12T18:30:00+00:00,68513.95,68536.46,68508.95,68508.96,108
2026-08-12T18:35:00+00:00,68508.96,68531.45,68506.46,68526.47,91
2026-08-12T18:40:00+00:00,68526.47,68563.97,68526.47,68563.97,89
2026-08-12T18:45:00+00:00,68563.97,68568.96,68543.95,68561.46,75
2026-08-12T18:50:00+00:00,68561.46,68571.46,68528.97,68528.97,58
2026-08-12T18:55:00+00:00,68528.97,68528.97,68476.45,68481.45,134
2026-08-12T19:00:00+00:00,68481.45,68498.97,68476.45,68488.96,127
2026-08-12T19:05:00+00:00,68488.96,68516.47,68483.95,68506.47,93
2026-08-12T19:10:00+00:00,68506.47,68508.97,68466.45,68481.45,97
2026-08-12T19:15:00+00:00,68481.45,68518.97,68478.95,68516.45,87
2026-08-12T19:20:00+00:00,68516.45,68523.97,68498.95,68498.96,123
2026-08-12T19:25:00+00:00,68498.96,68521.47,68486.47,68521.47,101
2026-08-12T19:30:00+00:00,68521.47,68526.47,68478.96,68486.46,133
2026-08-12T19:35:00+00:00,68486.46,68503.95,68463.95,68473.96,113
2026-08-12T19:40:00+00:00,68473.96,68481.45,68446.45,68463.97,147
2026-08-12T19:45:00+00:00,68463.97,68486.47,68438.95,68486.45,159
2026-08-12T19:50:00+00:00,68486.45,68511.46,68451.45,68491.45,270
2026-08-12T19:55:00+00:00,68491.45,68531.47,68446.47,68521.47,360
2026-08-12T20:00:00+00:00,68521.47,68613.97,68509.46,68594.45,105
2026-08-12T20:05:00+00:00,68594.45,68643.97,68569.45,68576.45,111
2026-08-12T20:10:00+00:00,68576.45,68583.96,68544.47,68569.45,31
2026-08-12T20:15:00+00:00,68569.45,68584.47,68544.46,68544.46,35
2026-08-12T20:20:00+00:00,68544.46,68548.96,68514.45,68514.47,26
2026-08-12T20:25:00+00:00,68514.47,68523.97,68511.46,68516.45,23
2026-08-12T20:30:00+00:00,68516.45,68526.45,68504.45,68519.45,19
2026-08-12T20:35:00+00:00,68519.45,68541.45,68514.46,68541.45,15
2026-08-12T20:40:00+00:00,68541.45,68543.96,68538.95,68543.96,6.670954117872912
2026-08-12T20:45:00+00:00,68543.96,68553.96,68529.45,68534.46,23
2026-08-12T20:50:00+00:00,68534.46,68548.97,68514.46,68514.46,20
2026-08-12T20:55:00+00:00,68514.46,68561.46,68514.46,68556.46,31
2026-08-12T22:00:00+00:00,68556.46,68556.46,68524.46,68524.47,2
2026-08-12T22:05:00+00:00,68524.47,68649.45,68524.47,68554.45,99
2026-08-12T22:10:00+00:00,68554.45,68579.47,68554.45,68564.46,11
2026-08-12T22:15:00+00:00,68564.46,68569.45,68539.46,68544.46,13
2026-08-12T22:20:00+00:00,68544.46,68566.46,68544.46,68549.46,11
2026-08-12T22:25:00+00:00,68549.46,68574.46,68529.45,68529.47,18
2026-08-12T22:30:00+00:00,68529.47,68539.46,68524.45,68539.46,22
2026-08-12T22:35:00+00:00,68539.46,68555.84,68535.82,68545.82,12
2026-08-12T22:40:00+00:00,68545.82,68555.83,68545.82,68550.84,8
2026-08-12T22:45:00+00:00,68550.84,68575.84,68550.83,68570.84,8
2026-08-12T22:50:00+00:00,68570.84,68590.32,68570.82,68580.84,8
2026-08-12T22:55:00+00:00,68580.84,68580.84,68570.82,68580.82,8
2026-08-12T23:00:00+00:00,68580.82,68605.83,68570.84,68570.84,21
2026-08-12T23:05:00+00:00,68570.84,68585.34,68570.82,68575.33,13.43047674505475
2026-08-12T23:10:00+00:00,68575.33,68575.34,68547.83,68553.34,14.868830738655184
2026-08-12T23:15:00+00:00,68553.34,68557.83,68548.32,68548.34,12
2026-08-12T23:20:00+00:00,68548.34,68557.83,68533.33,68533.34,20
2026-08-12T23:25:00+00:00,68533.34,68543.34,68523.33,68528.32,25
2026-08-12T23:30:00+00:00,68528.32,68562.82,68458.32,68483.34,91
2026-08-12T23:35:00+00:00,68483.34,68515.34,68473.34,68513.33,30
2026-08-12T23:40:00+00:00,68513.33,68517.84,68448.34,68502.82,84
2026-08-12T23:45:00+00:00,68502.82,68543.34,68363.32,68363.32,352
2026-08-12T23:50:00+00:00,68363.32,68418.33,68348.32,68388.34,129
2026-08-12T23:55:00+00:00,68388.34,68413.34,68333.34,68378.34,242
2026-08-13T00:00:00+00:00,68378.34,68727.82,68303.34,68658.32,1348
2026-08-13T00:05:00+00:00,68658.32,68832.84,68598.32,68792.83,1469
2026-08-13T00:10:00+00:00,68792.83,68817.84,68693.32,68753.33,1047
2026-08-13T00:15:00+00:00,68753.33,68832.84,68653.32,68757.83,1507
2026-08-13T00:20:00+00:00,68757.83,68847.82,68643.33,68658.32,1167
2026-08-13T00:25:00+00:00,68658.32,68672.84,68427.84,68432.83,1205
2026-08-13T00:30:00+00:00,68432.83,68497.84,68218.33,68317.83,1457
2026-08-13T00:35:00+00:00,68317.83,68367.82,68218.32,68367.82,1342
2026-08-13T00:40:00+00:00,68367.82,68495.32,68338.34,68495.32,857
2026-08-13T00:45:00+00:00,68495.32,68640.33,68463.32,68622.82,894
2026-08-13T00:50:00+00:00,68622.82,68632.84,68468.32,68512.82,760
2026-08-13T00:55:00+00:00,68512.82,68660.34,68433.32,68657.83,664
2026-08-13T01:00:00+00:00,68657.83,68677.84,68493.32,68493.32,1184
2026-08-13T01:05:00+00:00,68493.32,68582.84,68468.33,68580.32,670
2026-08-13T01:10:00+00:00,68580.32,68607.84,68488.34,68512.83,639
2026-08-13T01:15:00+00:00,68512.83,68527.84,68443.32,68488.32,619
2026-08-13T01:20:00+00:00,68488.32,68497.84,68423.32,68447.82,528
2026-08-13T01:25:00+00:00,68447.82,68497.84,68373.32,68393.33,528
2026-08-13T01:30:00+00:00,68393.33,68427.84,68338.33,68418.32,625
2026-08-13T01:35:00+00:00,68418.32,68462.84,68383.32,68462.84,526
2026-08-13T01:40:00+00:00,68462.84,68467.83,68358.32,68387.82,587
2026-08-13T01:45:00+00:00,68387.82,68422.84,68368.32,68413.34,485
2026-08-13T01:50:00+00:00,68413.34,68572.84,68408.34,68567.83,348
2026-08-13T01:55:00+00:00,68567.83,68630.32,68493.32,68498.34,407
2026-08-13T02:00:00+00:00,68498.34,68620.33,68453.34,68582.83,476
2026-08-13T02:05:00+00:00,68582.83,68657.83,68578.32,68613.34,399
2026-08-13T02:10:00+00:00,68613.34,68665.34,68603.32,68617.84,296
2026-08-13T02:15:00+00:00,68617.84,68660.32,68603.32,68632.83,244
2026-08-13T02:20:00+00:00,68632.83,68665.34,68608.34,68642.83,252
2026-08-13T02:25:00+00:00,68642.83,68665.34,68603.34,68613.32,314
2026-08-13T02:30:00+00:00,68613.32,68627.84,68538.32,68548.33,299
2026-08-13T02:35:00+00:00,68548.33,68675.33,68543.33,68663.32,228
2026-08-13T02:40:00+00:00,68663.32,68737.82,68658.33,68730.34,144
2026-08-13T02:45:00+00:00,68730.34,68757.84,68723.32,68727.82,167
2026-08-13T02:50:00+00:00,68727.82,68752.84,68718.32,68743.33,177
2026-08-13T02:55:00+00:00,68743.33,68762.83,68743.32,68757.84,121
2026-08-13T03:00:00+00:00,68757.84,68762.83,68738.33,68747.84,145
2026-08-13T03:05:00+00:00,68747.84,68777.84,68718.34,68728.32,224
2026-08-13T03:10:00+00:00,68728.32,68750.34,68728.32,68742.82,147
2026-08-13T03:15:00+00:00,68742.82,68762.82,68718.33,68747.83,152
2026-08-13T03:20:00+00:00,68747.83,68752.84,68728.34,68742.83,124
2026-08-13T03:25:00+00:00,68742.83,68752.82,68723.32,68737.83,142
2026-08-13T03:30:00+00:00,68737.83,68790.34,68703.34,68722.84,748
2026-08-13T03:35:00+00:00,68722.84,68777.82,68708.32,68757.84,420
2026-08-13T03:40:00+00:00,68757.84,68777.82,68708.32,68717.83,323
2026-08-13T03:45:00+00:00,68717.83,68812.84,68713.32,68758.34,284
2026-08-13T03:50:00+00:00,68758.34,68812.84,68750.32,68812.84,322
2026-08-13T03:55:00+00:00,68812.84,68817.84,68728.32,68732.83,200
2026-08-13T04:00:00+00:00,68732.83,68752.84,68673.32,68683.33,240
2026-08-13T04:05:00+00:00,68683.33,68743.34,68683.32,68743.33,271
2026-08-13T04:10:00+00:00,68743.33,68772.84,68693.34,68693.34,219
2026-08-13T04:15:00+00:00,68693.34,68747.84,68688.32,68733.32,304
2026-08-13T04:20:00+00:00,68733.32,68742.83,68628.33,68697.83,307
2026-08-13T04:25:00+00:00,68697.83,68772.84,68693.33,68728.34,266
2026-08-13T04:30:00+00:00,68728.34,68802.83,68728.32,68768.33,225
2026-08-13T04:35:00+00:00,68768.33,68822.84,68723.32,68723.33,230
2026-08-13T04:40:00+00:00,68723.33,68727.84,68673.32,68682.82,235
2026-08-13T04:45:00+00:00,68682.82,68682.82,68563.33,68653.34,689
2026-08-13T04:50:00+00:00,68653.34,68662.84,68578.32,68618.34,262
2026-08-13T04:55:00+00:00,68618.34,68637.83,68513.32,68527.84,276
2026-08-13T05:00:00+00:00,68527.84,68602.84,68488.32,68597.83,488
2026-08-13T05:05:00+00:00,68597.83,68657.84,68573.32,68623.34,257
2026-08-13T05:10:00+00:00,68623.34,68717.84,68608.33,68707.84,236
2026-08-13T05:15:00+00:00,68707.84,68722.82,68623.32,68627.82,191
2026-08-13T05:20:00+00:00,68627.82,68692.84,68608.32,68623.34,312
2026-08-13T05:25:00+00:00,68623.34,68707.84,68623.34,68678.34,250
2026-08-13T05:30:00+00:00,68678.34,68722.84,68598.32,68652.84,358
2026-08-13T05:35:00+00:00,68652.84,68672.82,68528.32,68567.83,377
2026-08-13T05:40:00+00:00,68567.83,68572.83,68468.32,68473.33,299
2026-08-13T05:45:00+00:00,68473.33,68498.34,68428.32,68483.33,348
2026-08-13T05:50:00+00:00,68483.33,68537.83,68423.33,68423.33,302
2026-08-13T05:55:00+00:00,68423.33,68477.84,68393.32,68407.84,281
2026-08-13T06:00:00+00:00,68407.84,68422.83,68343.34,68353.34,315
2026-08-13T06:05:00+00:00,68353.34,68378.33,68333.32,68372.83,281
2026-08-13T06:10:00+00:00,68372.83,68372.84,68308.32,68347.82,157
2026-08-13T06:15:00+00:00,68347.82,68387.83,68303.33,68373.32,185
2026-08-13T06:20:00+00:00,68373.32,68427.84,68363.32,68422.82,268
2026-08-13T06:25:00+00:00,68422.82,68442.82,68393.32,68402.82,313
2026-08-13T06:30:00+00:00,68402.82,68417.84,68317.84,68328.32,420
2026-08-13T06:35:00+00:00,68328.32,68362.84,68273.32,68307.83,229
2026-08-13T06:40:00+00:00,68307.83,68322.82,68253.34,68267.83,163
2026-08-13T06:45:00+00:00,68267.83,68277.84,68253.32,68272.83,72
2026-08-13T06:50:00+00:00,68272.83,68312.83,68272.83,68307.82,45
2026-08-13T06:55:00+00:00,68307.82,68377.83,68302.84,68372.83,70
2026-08-13T07:00:00+00:00,68372.83,68397.84,68315.32,68325.33,178
2026-08-13T07:05:00+00:00,68325.33,68325.33,68295.32,68302.82,66
2026-08-13T07:10:00+00:00,68302.82,68312.84,68282.84,68302.84,84
2026-08-13T07:15:00+00:00,68302.84,68330.34,68292.83,68312.83,102
2026-08-13T07:20:00+00:00,68312.83,68317.82,68272.83,68315.33,79
2026-08-13T07:25:00+00:00,68315.33,68340.34,68312.82,68337.84,84
2026-08-13T07:30:00+00:00,68337.84,68340.32,68310.32,68317.82,77
2026-08-13T07:35:00+00:00,68317.82,68345.34,68310.33,68342.82,98
2026-08-13T07:40:00+00:00,68342.82,68382.82,68340.33,68372.82,126
2026-08-13T07:45:00+00:00,68372.82,68382.82,68345.33,68367.82,117
2026-08-13T07:50:00+00:00,68367.82,68370.32,68300.34,68307.84,98
2026-08-13T07:55:00+00:00,68307.84,68317.82,68255.32,68257.82,84
2026-08-13T08:00:00+00:00,68257.82,68302.84,68202.84,68212.82,652
2026-08-13T08:05:00+00:00,68212.82,68332.82,68207.82,68292.82,345
2026-08-13T08:10:00+00:00,68292.82,68292.84,68240.32,68257.83,296
2026-08-13T08:15:00+00:00,68257.83,68282.84,68213.33,68280.32,336
2026-08-13T08:20:00+00:00,68280.32,68327.83,68270.32,68325.33,254
2026-08-13T08:25:00+00:00,68325.33,68355.34,68322.84,68352.84,150
2026-08-13T08:30:00+00:00,68352.84,68352.84,68215.33,68237.82,211
2026-08-13T08:35:00+00:00,68237.82,68240.33,68198.33,68203.32,179
2026-08-13T08:40:00+00:00,68203.32,68245.33,68193.34,68235.33,115
2026-08-13T08:45:00+00:00,68235.33,68247.83,68205.32,68227.82,86
2026-08-13T08:50:00+00:00,68227.82,68297.83,68227.82,68287.82,101
2026-08-13T08:55:00+00:00,68287.82,68332.83,68280.33,68285.34,87
2026-08-13T09:00:00+00:00,68285.34,68302.84,68247.82,68257.84,198
2026-08-13T09:05:00+00:00,68257.84,68267.82,68228.33,68237.82,136
2026-08-13T09:10:00+00:00,68237.82,68252.84,68178.33,68178.33,130
2026-08-13T09:15:00+00:00,68178.33,68222.84,68143.32,68217.82,138
2026-08-13T09:20:00+00:00,68217.82,68265.33,68212.83,68242.83,89
2026-08-13T09:25:00+00:00,68242.83,68267.84,68213.32,68230.34,135
2026-08-13T09:30:00+00:00,68230.34,68272.82,68223.33,68257.82,89
2026-08-13T09:35:00+00:00,68257.82,68287.84,68252.82,68260.32,75
2026-08-13T09:40:00+00:00,68260.32,68317.83,68260.32,68307.83,63
2026-08-13T09:45:00+00:00,68307.83,68347.83,68288.33,68332.83,158
2026-08-13T09:50:00+00:00,68332.83,68365.34,68323.33,68347.84,134
2026-08-13T09:55:00+00:00,68347.84,68377.84,68343.32,68372.84,91
2026-08-13T10:00:00+00:00,68372.84,68377.82,68297.84,68302.82,186
2026-08-13T10:05:00+00:00,68302.82,68335.32,68290.32,68317.82,165
2026-08-13T10:10:00+00:00,68317.82,68337.84,68302.83,68322.83,77
2026-08-13T10:15:00+00:00,68322.83,68355.34,68322.82,68340.34,77
2026-08-13T10:20:00+00:00,68340.34,68370.34,68332.83,68335.33,120
2026-08-13T10:25:00+00:00,68335.33,68342.84,68293.34,68312.83,123
2026-08-13T10:30:00+00:00,68312.83,68325.34,68298.32,68302.82,120
2026-08-13T10:35:00+00:00,68302.82,68317.84,68277.82,68312.84,118
2026-08-13T10:40:00+00:00,68312.84,68337.84,68310.32,68337.84,86
2026-08-13T10:45:00+00:00,68337.84,68362.84,68327.83,68357.82,86
2026-08-13T10:50:00+00:00,68357.82,68372.84,68348.32,68357.83,67
2026-08-13T10:55:00+00:00,68357.83,68357.83,68333.32,68347.84,81
2026-08-13T11:00:00+00:00,68347.84,68372.83,68318.33,68347.84,285
2026-08-13T11:05:00+00:00,68347.84,68347.84,68315.34,68322.83,90
2026-08-13T11:10:00+00:00,68322.83,68342.84,68307.82,68307.84,112
2026-08-13T11:15:00+00:00,68307.84,68337.84,68270.32,68287.84,145
2026-08-13T11:20:00+00:00,68287.84,68307.84,68265.33,68272.83,69
2026-08-13T11:25:00+00:00,68272.83,68287.82,68257.82,68277.83,78
2026-08-13T11:30:00+00:00,68277.83,68372.83,68272.83,68372.82,153
2026-08-13T11:35:00+00:00,68372.82,68415.33,68357.83,68412.84,143
2026-08-13T11:40:00+00:00,68412.84,68422.83,68377.82,68410.34,123
2026-08-13T11:45:00+00:00,68410.34,68427.84,68405.32,68420.32,163
2026-08-13T11:50:00+00:00,68420.32,68485.32,68382.84,68475.33,209
2026-08-13T11:55:00+00:00,68475.33,68475.33,68437.82,68437.83,140
2026-08-13T12:00:00+00:00,68437.83,68452.83,68362.82,68372.82,250
2026-08-13T12:05:00+00:00,68372.82,68432.84,68357.84,68420.32,212
2026-08-13T12:10:00+00:00,68420.32,68437.83,68385.33,68415.33,154
2026-08-13T12:15:00+00:00,68415.33,68415.33,68303.32,68317.83,144
2026-08-13T12:20:00+00:00,68317.83,68372.84,68317.83,68357.83,158
2026-08-13T12:25:00+00:00,68357.83,68422.84,68347.82,68413.34,172
2026-08-13T12:30:00+00:00,68413.34,68568.33,68318.32,68422.82,807
2026-08-13T12:35:00+00:00,68422.82,68442.84,68390.32,68425.33,262
2026-08-13T12:40:00+00:00,68425.33,68462.83,68397.84,68445.33,258
2026-08-13T12:45:00+00:00,68445.33,68507.84,68438.32,68495.34,223
2026-08-13T12:50:00+00:00,68495.34,68537.82,68482.82,68532.82,151
2026-08-13T12:55:00+00:00,68532.82,68562.84,68505.34,68557.82,137
2026-08-13T13:00:00+00:00,68557.82,68605.34,68545.32,68595.32,210
2026-08-13T13:05:00+00:00,68595.32,68620.34,68587.82,68605.32,186
2026-08-13T13:10:00+00:00,68605.32,68612.82,68587.82,68605.34,114
2026-08-13T13:15:00+00:00,68605.34,68607.84,68582.82,68595.33,100
2026-08-13T13:20:00+00:00,68595.33,68612.84,68550.32,68552.84,113
2026-08-13T13:25:00+00:00,68552.84,68567.84,68520.32,68550.34,218
2026-08-13T13:30:00+00:00,68550.34,68612.84,68505.34,68607.84,1389
2026-08-13T13:35:00+00:00,68607.84,68782.84,68600.32,68770.33,851
2026-08-13T13:40:00+00:00,68770.33,68802.83,68717.82,68780.33,674
2026-08-13T13:45:00+00:00,68780.33,68970.33,68760.33,68955.32,693
2026-08-13T13:50:00+00:00,68955.32,68970.34,68853.33,68902.83,454
2026-08-13T13:55:00+00:00,68902.83,68967.84,68843.32,68957.82,461
2026-08-13T14:00:00+00:00,68957.82,69060.34,68948.33,69040.32,488
2026-08-13T14:05:00+00:00,69040.32,69060.33,69012.83,69012.84,332
2026-08-13T14:10:00+00:00,69012.84,69157.83,69010.33,69130.32,355
2026-08-13T14:15:00+00:00,69130.32,69182.84,69107.84,69155.32,338
2026-08-13T14:20:00+00:00,69155.32,69215.33,69145.32,69212.83,324
2026-08-13T14:25:00+00:00,69212.83,69270.34,69170.32,69270.33,232
2026-08-13T14:30:00+00:00,69270.33,69392.82,69240.32,69375.32,323
2026-08-13T14:35:00+00:00,69375.32,69482.84,69375.32,69482.84,273
2026-08-13T14:40:00+00:00,69482.84,69492.84,69448.32,69462.83,163
2026-08-13T14:45:00+00:00,69462.83,69522.84,69448.32,69482.83,353
2026-08-13T14:50:00+00:00,69482.83,69527.84,69463.32,69518.32,433
2026-08-13T14:55:00+00:00,69518.32,69547.84,69438.32,69448.33,457
2026-08-13T15:00:00+00:00,69448.33,69492.83,69408.32,69442.83,474
2026-08-13T15:05:00+00:00,69442.83,69527.83,69378.33,69448.33,612
2026-08-13T15:10:00+00:00,69448.33,69482.83,69368.32,69387.82,528
2026-08-13T15:15:00+00:00,69387.82,69387.82,69263.32,69287.84,455
2026-08-13T15:20:00+00:00,69287.84,69422.84,69268.32,69407.84,500
2026-08-13T15:25:00+00:00,69407.84,69432.82,69283.32,69307.84,687
2026-08-13T15:30:00+00:00,69307.84,69352.84,69237.82,69242.83,555
2026-08-13T15:35:00+00:00,69242.83,69315.34,69223.32,69300.34,692
2026-08-13T15:40:00+00:00,69300.34,69315.34,69238.34,69278.34,384
2026-08-13T15:45:00+00:00,69278.34,69292.84,69238.32,69268.32,308
2026-08-13T15:50:00+00:00,69268.32,69277.84,69203.32,69242.82,426
2026-08-13T15:55:00+00:00,69242.82,69277.84,69158.32,69178.32,450
2026-08-13T16:00:00+00:00,69178.32,69242.83,69178.32,69217.83,214
2026-08-13T16:05:00+00:00,69217.83,69257.83,69208.34,69250.32,265
2026-08-13T16:10:00+00:00,69250.32,69267.84,69198.32,69198.34,273
2026-08-13T16:15:00+00:00,69198.34,69227.84,69198.32,69212.83,200
2026-08-13T16:20:00+00:00,69212.83,69270.32,69192.82,69270.32,126
2026-08-13T16:25:00+00:00,69270.32,69312.84,69268.34,69312.84,135
2026-08-13T16:30:00+00:00,69312.84,69350.32,69308.32,69335.32,91
2026-08-13T16:35:00+00:00,69335.32,69347.84,69303.32,69322.83,136
2026-08-13T16:40:00+00:00,69322.83,69347.84,69298.33,69342.83,126
2026-08-13T16:45:00+00:00,69342.83,69367.84,69338.32,69365.33,141
2026-08-13T16:50:00+00:00,69365.33,69375.32,69318.32,69318.32,156
2026-08-13T16:55:00+00:00,69318.32,69372.84,69308.32,69372.83,111
2026-08-13T17:00:00+00:00,69372.83,69412.84,69372.83,69412.84,93
2026-08-13T17:05:00+00:00,69412.84,69437.84,69403.32,69418.32,104
2026-08-13T17:10:00+00:00,69418.32,69432.84,69407.82,69407.82,65
2026-08-13T17:15:00+00:00,69407.82,69440.34,69398.32,69437.84,69
2026-08-13T17:20:00+00:00,69437.84,69442.83,69423.33,69437.84,56
2026-08-13T17:25:00+00:00,69437.84,69442.84,69418.34,69422.84,42
2026-08-13T17:30:00+00:00,69422.84,69440.33,69398.34,69408.34,90
2026-08-13T17:35:00+00:00,69408.34,69415.33,69368.33,69382.82,78
2026-08-13T17:40:00+00:00,69382.82,69397.82,69368.33,69375.33,58
2026-08-13T17:45:00+00:00,69375.33,69387.83,69358.33,69372.82,91
2026-08-13T17:50:00+00:00,69372.82,69395.34,69362.83,69372.84,54
2026-08-13T17:55:00+00:00,69372.84,69372.84,69330.33,69330.33,44
2026-08-13T18:00:00+00:00,69330.33,69357.83,69323.33,69328.33,50
2026-08-13T18:05:00+00:00,69328.33,69347.83,69328.32,69342.84,55
2026-08-13T18:10:00+00:00,69342.84,69350.33,69323.32,69337.83,38
2026-08-13T18:15:00+00:00,69337.83,69357.84,69328.32,69342.82,77
2026-08-13T18:20:00+00:00,69342.82,69342.82,69288.33,69297.82,75
2026-08-13T18:25:00+00:00,69297.82,69322.84,69293.32,69317.82,75
2026-08-13T18:30:00+00:00,69317.82,69342.83,69313.34,69332.83,56
2026-08-13T18:35:00+00:00,69332.83,69357.82,69323.32,69357.82,52
2026-08-13T18:40:00+00:00,69357.82,69372.83,69333.32,69362.82,48
2026-08-13T18:45:00+00:00,69362.82,69372.83,69348.33,69367.84,57
2026-08-13T18:50:00+00:00,69367.84,69367.84,69333.32,69340.33,53
2026-08-13T18:55:00+00:00,69340.33,69342.84,69323.33,69327.82,37
2026-08-13T19:00:00+00:00,69327.82,69330.34,69288.33,69295.34,46
2026-08-13T19:05:00+00:00,69295.34,69345.34,69278.32,69320.32,88
2026-08-13T19:10:00+00:00,69320.32,69320.32,69253.33,69257.82,54
2026-08-13T19:15:00+00:00,69257.82,69287.84,69243.33,69287.84,103
2026-08-13T19:20:00+00:00,69287.84,69297.83,69277.82,69280.34,45
2026-08-13T19:25:00+00:00,69280.34,69280.34,69238.32,69247.83,49
2026-08-13T19:30:00+00:00,69247.83,69247.83,69192.82,69202.83,153
2026-08-13T19:35:00+00:00,69202.83,69225.32,69193.32,69222.82,128
2026-08-13T19:40:00+00:00,69222.82,69227.84,69183.32,69183.32,102
2026-08-13T19:45:00+00:00,69183.32,69190.34,69158.32,69177.84,95
2026-08-13T19:50:00+00:00,69177.84,69182.83,69133.34,69157.82,194
2026-08-13T19:55:00+00:00,69157.82,69182.84,69118.32,69175.32,406
2026-08-13T20:00:00+00:00,69175.32,69210.32,69113.32,69172.83,247
2026-08-13T20:05:00+00:00,69172.83,69172.83,69128.32,69133.33,56
2026-08-13T20:10:00+00:00,69133.33,69142.84,69128.32,69137.83,52
2026-08-13T20:15:00+00:00,69137.83,69142.82,69103.34,69112.83,88
2026-08-13T20:20:00+00:00,69112.83,69117.83,69088.33,69102.82,43
2026-08-13T20:25:00+00:00,69102.82,69132.83,69083.32,69113.34,59
2026-08-13T20:30:00+00:00,69113.34,69147.82,69108.33,69132.82,87
2026-08-13T20:35:00+00:00,69132.82,69157.84,69128.33,69157.82,32
2026-08-13T20:40:00+00:00,69157.82,69165.34,69148.34,69162.83,25.154508701001934
2026-08-13T20:45:00+00:00,69162.83,69172.84,69128.32,69128.34,43.168715481916976
2026-08-13T20:50:00+00:00,69128.34,69158.34,69128.34,69157.82,20
2026-08-13T20:55:00+00:00,69157.82,69167.83,69103.33,69117.84,81
2026-08-13T22:00:00+00:00,69120.34,69257.08,69120.34,69177.08,41
2026-08-13T22:05:00+00:00,69177.08,69216.57,69132.06,69182.06,29
2026-08-13T22:10:00+00:00,69182.06,69211.57,69172.08,69182.06,20
2026-08-13T22:15:00+00:00,69182.06,69211.58,69172.06,69207.07,18
2026-08-13T22:20:00+00:00,69207.07,69207.08,69162.08,69187.08,22
2026-08-13T22:25:00+00:00,69187.08,69202.06,69187.08,69202.06,10
2026-08-13T22:30:00+00:00,69202.06,69202.08,69187.07,69197.08,10
2026-08-13T22:35:00+00:00,69197.08,69226.57,69162.07,69162.07,12
2026-08-13T22:40:00+00:00,69162.07,69182.07,69152.08,69177.07,5
2026-08-13T22:45:00+00:00,69177.07,69182.07,69157.06,69172.06,9
2026-08-13T22:50:00+00:00,69172.06,69172.07,69152.06,69152.07,5
2026-08-13T23:00:00+00:00,69152.07,69167.07,69152.06,69167.06,12.734895833333333
2026-08-13T23:05:00+00:00,69167.06,69227.08,69167.06,69227.08,16
2026-08-13T23:10:00+00:00,69227.08,69287.07,69227.07,69262.06,25.49728555917481
2026-08-13T23:15:00+00:00,69262.06,69267.07,69247.07,69247.08,13
2026-08-13T23:20:00+00:00,69247.08,69256.57,69202.06,69242.07,41
2026-08-13T23:25:00+00:00,69242.07,69271.58,69227.08,69252.07,30
2026-08-13T23:30:00+00:00,69252.07,69312.06,69247.06,69282.07,74
2026-08-13T23:35:00+00:00,69282.07,69326.56,69272.06,69277.06,56
2026-08-13T23:40:00+00:00,69277.06,69354.06,69267.06,69322.06,162
2026-08-13T23:45:00+00:00,69322.06,69437.08,69232.07,69282.07,822
2026-08-13T23:50:00+00:00,69282.07,69362.08,69247.07,69292.07,489
2026-08-13T23:55:00+00:00,69292.07,69392.08,69177.06,69212.08,520
2026-08-14T00:00:00+00:00,69212.08,69541.57,69197.07,69487.08,1722
2026-08-14T00:05:00+00:00,69487.08,69547.07,69412.06,69482.08,1280
2026-08-14T00:10:00+00:00,69482.08,69487.08,69232.06,69242.08,800
2026-08-14T00:15:00+00:00,69242.08,69476.58,69197.06,69372.06,1695
2026-08-14T00:20:00+00:00,69372.06,69522.08,69347.06,69492.06,1358
2026-08-14T00:25:00+00:00,69492.06,69541.58,69437.06,69487.06,813
2026-08-14T00:30:00+00:00,69487.06,69536.58,69437.06,69497.06,947
2026-08-14T00:35:00+00:00,69497.06,69646.57,69457.06,69622.08,651
2026-08-14T00:40:00+00:00,69622.08,69622.08,69442.08,69447.08,622
2026-08-14T00:45:00+00:00,69447.08,69477.08,69302.06,69307.08,780
2026-08-14T00:50:00+00:00,69307.08,69407.08,69202.07,69277.07,933
2026-08-14T00:55:00+00:00,69277.07,69362.08,69242.06,69307.07,687
2026-08-14T01:00:00+00:00,69307.07,69322.08,69057.07,69092.07,905
2026-08-14T01:05:00+00:00,69092.07,69212.07,69057.06,69152.07,861
2026-08-14T01:10:00+00:00,69152.07,69162.07,69016.58,69051.56,491
2026-08-14T01:15:00+00:00,69051.56,69051.56,68957.06,69002.08,818
2026-08-14T01:20:00+00:00,69002.08,69107.06,68912.06,69007.06,1060
2026-08-14T01:25:00+00:00,69007.06,69011.57,68882.06,68947.08,1001
2026-08-14T01:30:00+00:00,68947.08,68947.08,68782.06,68797.08,907
2026-08-14T01:35:00+00:00,68797.08,68912.08,68797.06,68832.06,687
2026-08-14T01:40:00+00:00,68832.06,68967.08,68832.06,68962.06,636
2026-08-14T01:45:00+00:00,68962.06,68987.06,68922.06,68977.06,414
2026-08-14T01:50:00+00:00,68977.06,68982.08,68817.06,68817.07,471
2026-08-14T01:55:00+00:00,68817.07,68876.56,68787.06,68837.08,398
2026-08-14T02:00:00+00:00,68837.08,68892.08,68812.06,68852.06,595
2026-08-14T02:05:00+00:00,68852.06,68952.08,68852.06,68897.08,447
2026-08-14T02:10:00+00:00,68897.08,69001.56,68882.06,68947.06,466
2026-08-14T02:15:00+00:00,68947.06,68972.08,68847.06,68847.07,396
2026-08-14T02:20:00+00:00,68847.07,68932.06,68817.07,68892.08,487
2026-08-14T02:25:00+00:00,68892.08,68921.58,68852.08,68912.07,361
2026-08-14T02:30:00+00:00,68912.07,68932.08,68892.06,68927.06,196
2026-08-14T02:35:00+00:00,68927.06,68952.07,68872.07,68872.07,157
2026-08-14T02:40:00+00:00,68872.07,68887.08,68822.06,68842.08,161
2026-08-14T02:45:00+00:00,68842.08,68891.56,68832.06,68837.06,130
2026-08-14T02:50:00+00:00,68837.06,68852.08,68782.07,68782.08,113
2026-08-14T02:55:00+00:00,68782.08,68806.58,68757.06,68792.08,227
2026-08-14T03:00:00+00:00,68792.08,68841.58,68792.06,68817.08,176
2026-08-14T03:05:00+00:00,68817.08,68876.58,68817.06,68872.08,135
2026-08-14T03:10:00+00:00,68872.08,68911.58,68857.07,68887.06,119
2026-08-14T03:15:00+00:00,68887.06,68934.06,68882.08,68932.06,146
2026-08-14T03:20:00+00:00,68932.06,68956.58,68922.06,68927.06,149
2026-08-14T03:25:00+00:00,68927.06,68971.56,68917.06,68962.07,168
2026-08-14T03:30:00+00:00,68962.07,69021.58,68867.06,68892.07,804
2026-08-14T03:35:00+00:00,68892.07,68902.08,68842.08,68847.07,454
2026-08-14T03:40:00+00:00,68847.07,68852.08,68807.07,68822.08,262
2026-08-14T03:45:00+00:00,68822.08,68837.08,68747.06,68752.07,198
2026-08-14T03:50:00+00:00,68752.07,68797.07,68727.06,68757.08,234
2026-08-14T03:55:00+00:00,68757.08,68762.08,68657.07,68662.06,180
2026-08-14T04:00:00+00:00,68662.06,68662.06,68572.06,68622.08,432
2026-08-14T04:05:00+00:00,68622.08,68697.06,68607.06,68667.08,451
2026-08-14T04:10:00+00:00,68667.08,68682.08,68592.08,68607.07,305
2026-08-14T04:15:00+00:00,68607.07,68706.58,68597.06,68662.06,400
2026-08-14T04:20:00+00:00,68662.06,68691.56,68642.06,68687.07,345
2026-08-14T04:25:00+00:00,68687.07,68756.56,68637.07,68667.06,327
2026-08-14T04:30:00+00:00,68667.06,68741.57,68597.06,68602.06,473
2026-08-14T04:35:00+00:00,68602.06,68621.58,68567.06,68602.06,337
2026-08-14T04:40:00+00:00,68602.06,68662.06,68567.07,68572.07,320
2026-08-14T04:45:00+00:00,68572.07,68607.08,68557.06,68562.07,263
2026-08-14T04:50:00+00:00,68562.07,68571.58,68547.06,68562.08,188
2026-08-14T04:55:00+00:00,68562.08,68566.58,68552.06,68562.08,129
2026-08-14T05:00:00+00:00,68562.08,68607.08,68532.06,68541.58,501
2026-08-14T05:05:00+00:00,68541.58,68551.58,68497.08,68536.58,201
2026-08-14T05:10:00+00:00,68536.58,68611.56,68497.07,68597.06,380
2026-08-14T05:15:00+00:00,68597.06,68656.58,68587.06,68612.08,326
2026-08-14T05:20:00+00:00,68612.08,68636.58,68582.06,68602.08,288
2026-08-14T05:25:00+00:00,68602.08,68661.57,68587.07,68647.06,300
2026-08-14T05:30:00+00:00,68647.06,68676.56,68617.06,68672.07,292
2026-08-14T05:35:00+00:00,68672.07,68721.58,68657.08,68707.07,280
2026-08-14T05:40:00+00:00,68707.07,68721.57,68572.06,68717.06,559
2026-08-14T05:45:00+00:00,68717.06,68776.57,68702.06,68757.06,149
2026-08-14T05:50:00+00:00,68757.06,68859.06,68757.06,68846.57,146
2026-08-14T05:55:00+00:00,68846.57,68881.57,68842.06,68872.07,93
2026-08-14T06:00:00+00:00,68872.07,68891.56,68697.06,68702.08,186
2026-08-14T06:05:00+00:00,68702.08,68736.58,68682.07,68732.06,201
2026-08-14T06:10:00+00:00,68732.06,68771.58,68717.07,68757.06,123
2026-08-14T06:15:00+00:00,68757.06,68761.57,68707.06,68739.08,130
2026-08-14T06:20:00+00:00,68739.08,68756.57,68707.07,68751.57,187
2026-08-14T06:25:00+00:00,68751.57,68769.08,68647.08,68721.56,390
2026-08-14T06:30:00+00:00,68721.56,68791.58,68637.06,68654.07,461
2026-08-14T06:35:00+00:00,68654.07,68654.08,68606.56,68626.56,219
2026-08-14T06:40:00+00:00,68626.56,68689.08,68597.07,68686.58,101
2026-08-14T06:45:00+00:00,68686.58,68731.56,68686.56,68714.06,67
2026-08-14T06:50:00+00:00,68714.06,68736.57,68711.57,68716.56,43
2026-08-14T06:55:00+00:00,68716.56,68751.57,68711.56,68749.08,44
2026-08-14T07:00:00+00:00,68749.08,68764.08,68722.07,68754.06,117
2026-08-14T07:05:00+00:00,68754.06,68756.58,68729.08,68741.56,39
2026-08-14T07:10:00+00:00,68741.56,68749.07,68667.07,68691.58,120
2026-08-14T07:15:00+00:00,68691.58,68736.57,68682.06,68694.07,93
2026-08-14T07:20:00+00:00,68694.07,68706.58,68671.58,68706.58,75
2026-08-14T07:25:00+00:00,68706.58,68711.58,68689.06,68709.06,69
2026-08-14T07:30:00+00:00,68709.06,68731.57,68681.56,68689.06,93
2026-08-14T07:35:00+00:00,68689.06,68709.06,68676.56,68704.06,79
2026-08-14T07:40:00+00:00,68704.06,68736.56,68677.08,68734.08,76
2026-08-14T07:45:00+00:00,68734.08,68734.08,68697.08,68726.57,54
2026-08-14T07:50:00+00:00,68726.57,68736.57,68712.08,68726.58,57
2026-08-14T07:55:00+00:00,68726.58,68741.58,68699.06,68699.08,95
2026-08-14T08:00:00+00:00,68699.08,68726.57,68637.06,68649.07,477
2026-08-14T08:05:00+00:00,68649.07,68741.58,68637.07,68741.57,368
2026-08-14T08:10:00+00:00,68741.57,68744.08,68666.56,68674.07,332
2026-08-14T08:15:00+00:00,68674.07,68789.08,68669.08,68689.07,345
2026-08-14T08:20:00+00:00,68689.07,68721.57,68686.56,68701.57,162
2026-08-14T08:25:00+00:00,68701.57,68756.58,68676.56,68756.56,232
2026-08-14T08:30:00+00:00,68756.56,68766.58,68671.56,68724.07,305
2026-08-14T08:35:00+00:00,68724.07,68809.08,68716.57,68804.06,232
2026-08-14T08:40:00+00:00,68804.06,68809.07,68766.56,68766.56,190
2026-08-14T08:45:00+00:00,68766.56,68834.07,68766.56,68831.56,132
2026-08-14T08:50:00+00:00,68831.56,68841.58,68811.56,68836.56,110
2026-08-14T08:55:00+00:00,68836.56,68841.57,68779.07,68789.06,167
2026-08-14T09:00:00+00:00,68789.06,68821.56,68756.56,68806.57,233
2026-08-14T09:05:00+00:00,68806.57,68844.08,68786.56,68836.57,192
2026-08-14T09:10:00+00:00,68836.57,68864.07,68831.56,68851.57,120
2026-08-14T09:15:00+00:00,68851.57,68916.57,68841.58,68906.56,147
2026-08-14T09:20:00+00:00,68906.56,68939.08,68894.08,68939.08,161
2026-08-14T09:25:00+00:00,68939.08,68946.57,68849.07,68861.56,147
2026-08-14T09:30:00+00:00,68861.56,68884.08,68806.56,68811.57,199
2026-08-14T09:35:00+00:00,68811.57,68819.08,68776.56,68811.57,186
2026-08-14T09:40:00+00:00,68811.57,68839.08,68799.07,68824.06,177
2026-08-14T09:45:00+00:00,68824.06,68849.07,68811.58,68846.58,211
2026-08-14T09:50:00+00:00,68846.58,68889.06,68831.57,68889.06,169
2026-08-14T09:55:00+00:00,68889.06,68909.08,68874.06,68899.06,134
2026-08-14T10:00:00+00:00,68899.06,68939.07,68891.56,68939.07,173
2026-08-14T10:05:00+00:00,68939.07,68956.58,68911.56,68919.07,147
2026-08-14T10:10:00+00:00,68919.07,68944.08,68916.57,68931.57,119
2026-08-14T10:15:00+00:00,68931.57,68951.57,68926.56,68939.08,73
2026-08-14T10:20:00+00:00,68939.08,68946.58,68889.07,68911.57,76
2026-08-14T10:25:00+00:00,68911.57,68911.57,68871.57,68886.58,93
2026-08-14T10:30:00+00:00,68886.58,68931.58,68881.58,68906.58,120
2026-08-14T10:35:00+00:00,68906.58,68916.58,68889.06,68914.06,110
2026-08-14T10:40:00+00:00,68914.06,68919.08,68899.07,68919.08,131
2026-08-14T10:45:00+00:00,68919.08,68919.08,68889.06,68904.07,101
2026-08-14T10:50:00+00:00,68904.07,68911.58,68889.06,68891.57,75
2026-08-14T10:55:00+00:00,68891.57,68911.57,68879.06,68909.07,102
2026-08-14T11:00:00+00:00,68909.07,68931.56,68891.58,68906.58,258
2026-08-14T11:05:00+00:00,68906.58,68934.08,68899.06,68914.08,163
2026-08-14T11:10:00+00:00,68914.08,68931.58,68904.07,68921.56,96
2026-08-14T11:15:00+00:00,68921.56,68929.08,68896.57,68921.56,128
2026-08-14T11:20:00+00:00,68921.56,68969.08,68921.56,68969.08,100
2026-08-14T11:25:00+00:00,68969.08,68974.06,68934.06,68939.08,109
2026-08-14T11:30:00+00:00,68939.08,68951.58,68901.57,68949.06,191
2026-08-14T11:35:00+00:00,68949.06,69009.08,68946.56,69004.06,163
2026-08-14T11:40:00+00:00,69004.06,69004.07,68934.06,68944.06,156
2026-08-14T11:45:00+00:00,68944.06,68976.56,68939.07,68976.56,125
2026-08-14T11:50:00+00:00,68976.56,68996.58,68964.07,68971.56,92
2026-08-14T11:55:00+00:00,68971.56,68984.08,68961.57,68979.08,78
2026-08-14T12:00:00+00:00,68979.08,68989.06,68924.08,68929.06,208
2026-08-14T12:05:00+00:00,68929.06,68939.08,68879.07,68924.08,254
2026-08-14T12:10:00+00:00,68924.08,68926.58,68761.57,68854.06,555
2026-08-14T12:15:00+00:00,68854.06,68854.08,68801.57,68809.07,239
2026-08-14T12:20:00+00:00,68809.07,68844.08,68796.56,68804.08,233
2026-08-14T12:25:00+00:00,68804.08,68829.08,68789.08,68809.07,195
2026-08-14T12:30:00+00:00,68809.07,68841.58,68772.06,68819.08,438
2026-08-14T12:35:00+00:00,68819.08,68831.57,68756.56,68781.58,343
2026-08-14T12:40:00+00:00,68781.58,68791.57,68766.56,68781.56,196
2026-08-14T12:45:00+00:00,68781.56,68839.06,68769.06,68831.58,245
2026-08-14T12:50:00+00:00,68831.58,68841.57,68786.56,68811.56,203
2026-08-14T12:55:00+00:00,68811.56,68859.06,68811.56,68844.08,143
2026-08-14T13:00:00+00:00,68844.08,68916.56,68814.08,68901.57,212
2026-08-14T13:05:00+00:00,68901.57,68911.58,68854.06,68864.08,264
2026-08-14T13:10:00+00:00,68864.08,68866.58,68789.07,68789.07,186
2026-08-14T13:15:00+00:00,68789.07,68824.08,68776.58,68791.58,306
2026-08-14T13:20:00+00:00,68791.58,68801.58,68759.06,68769.06,212
2026-08-14T13:25:00+00:00,68769.06,68811.58,68754.08,68779.08,348
2026-08-14T13:30:00+00:00,68779.08,68831.58,68696.57,68696.57,1813
2026-08-14T13:35:00+00:00,68696.57,68794.07,68664.06,68771.56,1367
2026-08-14T13:40:00+00:00,68771.56,68874.08,68739.06,68871.57,1058
2026-08-14T13:45:00+00:00,68871.57,68964.06,68811.56,68854.08,948
2026-08-14T13:50:00+00:00,68854.08,68939.08,68821.58,68851.56,930
2026-08-14T13:55:00+00:00,68851.56,68859.08,68776.56,68791.57,711
2026-08-14T14:00:00+00:00,68791.57,68931.58,68766.58,68924.06,853
2026-08-14T14:05:00+00:00,68924.06,68999.07,68921.57,68939.07,560
2026-08-14T14:10:00+00:00,68939.07,68964.06,68876.58,68914.08,639
2026-08-14T14:15:00+00:00,68914.08,68959.08,68796.58,68799.07,824
2026-08-14T14:20:00+00:00,68799.07,68849.07,68744.06,68779.06,815
2026-08-14T14:25:00+00:00,68779.06,68849.08,68769.06,68849.06,809
2026-08-14T14:30:00+00:00,68849.06,68854.08,68784.06,68829.07,720
2026-08-14T14:35:00+00:00,68829.07,68866.58,68814.06,68841.56,573
2026-08-14T14:40:00+00:00,68841.56,68841.56,68766.57,68766.58,504
2026-08-14T14:45:00+00:00,68766.58,68779.08,68714.07,68724.08,427
2026-08-14T14:50:00+00:00,68724.08,68751.58,68709.06,68724.08,381
2026-08-14T14:55:00+00:00,68724.08,68739.07,68696.56,68709.08,427
2026-08-14T15:00:00+00:00,68709.08,68776.58,68696.56,68734.06,328
2026-08-14T15:05:00+00:00,68734.06,68754.08,68686.56,68699.06,322
2026-08-14T15:10:00+00:00,68699.06,68721.57,68624.06,68626.57,313
2026-08-14T15:15:00+00:00,68626.57,68676.56,68626.57,68656.58,458
2026-08-14T15:20:00+00:00,68656.58,68661.58,68536.56,68551.58,491
2026-08-14T15:25:00+00:00,68551.58,68614.08,68504.08,68609.08,559
2026-08-14T15:30:00+00:00,68609.08,68611.57,68531.57,68554.06,426
2026-08-14T15:35:00+00:00,68554.06,68584.08,68529.06,68531.57,448
2026-08-14T15:40:00+00:00,68531.57,68539.08,68504.06,68536.58,322
2026-08-14T15:45:00+00:00,68536.58,68561.58,68471.57,68476.57,310
2026-08-14T15:50:00+00:00,68476.57,68539.06,68464.07,68526.57,215
2026-08-14T15:55:00+00:00,68526.57,68554.08,68519.06,68531.56,217
2026-08-14T16:00:00+00:00,68531.56,68591.56,68529.06,68569.07,230
2026-08-14T16:05:00+00:00,68569.07,68596.58,68541.56,68551.58,282
2026-08-14T16:10:00+00:00,68551.58,68571.57,68532.07,68541.57,374
2026-08-14T16:15:00+00:00,68541.57,68584.06,68539.06,68581.57,143
2026-08-14T16:20:00+00:00,68581.57,68604.08,68561.57,68596.56,120
2026-08-14T16:25:00+00:00,68596.56,68616.57,68594.06,68611.56,108
2026-08-14T16:30:00+00:00,68611.56,68616.58,68549.06,68576.57,169
2026-08-14T16:35:00+00:00,68576.57,68619.06,68569.07,68601.57,147
2026-08-14T16:40:00+00:00,68601.57,68604.08,68574.06,68579.06,144
2026-08-14T16:45:00+00:00,68579.06,68601.56,68576.58,68599.07,96
2026-08-14T16:50:00+00:00,68599.07,68599.07,68556.56,68569.06,121
2026-08-14T16:55:00+00:00,68569.06,68584.08,68554.08,68556.57,138
2026-08-14T17:00:00+00:00,68556.57,68599.08,68556.57,68586.56,211
2026-08-14T17:05:00+00:00,68586.56,68594.08,68569.06,68584.06,124
2026-08-14T17:10:00+00:00,68584.06,68614.08,68574.07,68579.07,177
2026-08-14T17:15:00+00:00,68579.07,68589.08,68556.57,68579.06,95
2026-08-14T17:20:00+00:00,68579.06,68609.08,68549.06,68559.07,140
2026-08-14T17:25:00+00:00,68559.07,68606.56,68544.07,68591.55,140.8831515691075
2026-08-14T17:30:00+00:00,68591.55,68636.56,68591.54,68621.55,133
2026-08-14T17:35:00+00:00,68621.55,68621.55,68574.05,68581.56,100
2026-08-14T17:40:00+00:00,68581.56,68596.55,68556.55,68566.54,97
2026-08-14T17:45:00+00:00,68566.54,68581.56,68551.54,68554.06,104
2026-08-14T17:50:00+00:00,68554.06,68576.56,68536.54,68571.54,112
2026-08-14T17:55:00+00:00,68571.54,68584.04,68561.55,68581.54,94
2026-08-14T18:00:00+00:00,68581.54,68601.54,68559.05,68586.55,125
2026-08-14T18:05:00+00:00,68586.55,68606.56,68576.54,68606.54,111
2026-08-14T18:10:00+00:00,68606.54,68614.06,68581.55,68586.54,106
2026-08-14T18:15:00+00:00,68586.54,68611.56,68586.54,68599.06,96
2026-08-14T18:20:00+00:00,68599.06,68606.54,68576.54,68581.56,72
2026-08-14T18:25:00+00:00,68581.56,68599.06,68566.54,68566.54,85
2026-08-14T18:30:00+00:00,68566.54,68586.56,68551.56,68566.54,117
2026-08-14T18:35:00+00:00,68566.54,68581.56,68559.04,68581.54,81
2026-08-14T18:40:00+00:00,68581.54,68594.04,68571.54,68586.55,51
2026-08-14T18:45:00+00:00,68586.55,68586.56,68556.54,68581.54,94
2026-08-14T18:50:00+00:00,68581.54,68621.56,68581.54,68606.54,57
2026-08-14T18:55:00+00:00,68606.54,68611.54,68596.54,68606.55,70
2026-08-14T19:00:00+00:00,68606.55,68611.56,68576.54,68581.55,93
2026-08-14T19:05:00+00:00,68581.55,68611.56,68571.54,68611.56,85
2026-08-14T19:10:00+00:00,68611.56,68616.56,68596.54,68599.06,93
2026-08-14T19:15:00+00:00,68599.06,68626.56,68586.54,68611.56,134
2026-08-14T19:20:00+00:00,68611.56,68634.06,68606.56,68626.55,71
2026-08-14T19:25:00+00:00,68626.55,68659.04,68621.54,68636.54,73
2026-08-14T19:30:00+00:00,68636.54,68661.56,68634.04,68646.54,112
2026-08-14T19:35:00+00:00,68646.54,68681.55,68636.54,68674.05,102
2026-08-14T19:40:00+00:00,68674.05,68691.55,68659.04,68666.54,96
2026-08-14T19:45:00+00:00,68666.54,68681.56,68646.54,68681.55,78
2026-08-14T19:50:00+00:00,68681.55,68704.06,68659.04,68676.56,206
2026-08-14T19:55:00+00:00,68676.56,68726.56,68656.54,68719.04,271
2026-08-14T20:00:00+00:00,68719.04,68736.56,68701.55,68726.55,100
2026-08-14T20:05:00+00:00,68726.55,68726.55,68661.55,68664.04,67
2026-08-14T20:10:00+00:00,68664.04,68691.56,68659.55,68674.54,68
2026-08-14T20:15:00+00:00,68674.54,68694.05,68669.54,68684.55,48
2026-08-14T20:20:00+00:00,68684.55,68704.06,68679.55,68694.05,51
2026-08-14T20:25:00+00:00,68694.05,68699.06,68689.54,68689.56,45
2026-08-14T20:30:00+00:00,68689.56,68734.05,68679.56,68729.54,80
2026-08-14T20:35:00+00:00,68729.54,68744.06,68729.54,68736.56,52
2026-08-14T20:40:00+00:00,68736.56,68749.06,68734.05,68744.05,31
2026-08-16T22:00:00+00:00,68741.57,68827.31,68741.57,68827.31,17
2026-08-16T22:05:00+00:00,68827.31,68897.33,68822.31,68897.33,34
2026-08-16T22:10:00+00:00,68897.33,68936.83,68897.31,68922.31,24
2026-08-16T22:15:00+00:00,68922.31,68936.82,68917.31,68917.32,10
2026-08-16T22:20:00+00:00,68917.32,68917.32,68887.32,68897.32,30
2026-08-16T22:25:00+00:00,68897.32,68907.31,68887.32,68907.31,11
2026-08-16T22:30:00+00:00,68907.31,68912.33,68882.32,68892.33,16
2026-08-16T22:35:00+00:00,68892.33,68892.33,68887.32,68887.33,4
2026-08-16T22:45:00+00:00,68887.33,68912.31,68887.32,68912.31,8
2026-08-16T22:50:00+00:00,68912.31,68922.33,68912.31,68917.33,6
2026-08-16T22:55:00+00:00,68917.33,68917.33,68892.31,68897.33,6
2026-08-16T23:00:00+00:00,68897.33,68917.32,68897.31,68902.31,14.812517620524387
2026-08-16T23:05:00+00:00,68902.31,68902.32,68882.31,68882.32,11.835604265402843
2026-08-16T23:10:00+00:00,68882.32,68887.33,68877.32,68887.31,12.697575757575757
2026-08-16T23:15:00+00:00,68887.31,68891.83,68877.31,68877.32,13.860723350253807
2026-08-16T23:20:00+00:00,68877.32,68906.81,68857.31,68881.83,47
2026-08-16T23:25:00+00:00,68881.83,68881.83,68847.31,68847.32,35
2026-08-16T23:30:00+00:00,68847.32,68914.32,68837.33,68882.31,84
2026-08-16T23:35:00+00:00,68882.31,68892.32,68842.32,68862.32,59
2026-08-16T23:40:00+00:00,68862.32,68887.32,68852.31,68887.31,41
2026-08-16T23:45:00+00:00,68887.31,68962.31,68852.32,68922.33,463
2026-08-16T23:50:00+00:00,68922.33,68991.81,68892.33,68952.33,238
2026-08-16T23:55:00+00:00,68952.33,68987.32,68872.31,68962.33,353
2026-08-17T00:00:00+00:00,68962.33,69047.33,68827.33,68852.31,1780
2026-08-17T00:05:00+00:00,68852.31,69107.33,68837.31,69041.81,1070
2026-08-17T00:10:00+00:00,69041.81,69126.82,68997.32,69097.33,650
2026-08-17T00:15:00+00:00,69097.33,69136.83,69021.81,69021.82,978
2026-08-17T00:20:00+00:00,69021.82,69106.83,68962.31,69106.83,550
2026-08-17T00:25:00+00:00,69106.83,69106.83,69002.31,69026.81,453
2026-08-17T00:30:00+00:00,69026.81,69056.83,68927.31,68962.31,414
2026-08-17T00:35:00+00:00,68962.31,68967.33,68807.32,68821.83,375
2026-08-17T00:40:00+00:00,68821.83,68831.83,68727.31,68732.33,308
2026-08-17T00:45:00+00:00,68732.33,68766.81,68667.31,68682.31,419
2026-08-17T00:50:00+00:00,68682.31,68741.81,68627.31,68697.33,516
2026-08-17T00:55:00+00:00,68697.33,68697.33,68567.32,68576.83,266
2026-08-17T01:00:00+00:00,68576.83,68712.31,68547.31,68707.33,472
2026-08-17T01:05:00+00:00,68707.33,68711.83,68582.31,68646.82,356
2026-08-17T01:10:00+00:00,68646.82,68646.82,68567.33,68592.33,240
2026-08-17T01:15:00+00:00,68592.33,68601.83,68512.33,68554.32,252
2026-08-17T01:20:00+00:00,68554.32,68661.83,68532.32,68591.81,190
2026-08-17T01:25:00+00:00,68591.81,68711.82,68577.31,68686.82,154
2026-08-17T01:30:00+00:00,68686.82,68726.82,68587.31,68606.82,283
2026-08-17T01:35:00+00:00,68606.82,68734.33,68567.32,68732.31,224
2026-08-17T01:40:00+00:00,68732.31,68766.81,68697.32,68766.81,205
2026-08-17T01:45:00+00:00,68766.81,68791.82,68727.31,68744.31,143
2026-08-17T01:50:00+00:00,68744.31,68786.82,68712.33,68751.83,161
2026-08-17T01:55:00+00:00,68751.83,68766.81,68717.31,68717.31,103
2026-08-17T02:00:00+00:00,68717.31,68831.83,68717.31,68772.33,141
2026-08-17T02:05:00+00:00,68772.33,68781.82,68707.31,68737.33,296
2026-08-17T02:10:00+00:00,68737.33,68782.31,68727.31,68757.31,163
2026-08-17T02:15:00+00:00,68757.31,68771.83,68722.32,68726.82,163
2026-08-17T02:20:00+00:00,68726.82,68791.81,68717.31,68766.83,200
2026-08-17T02:25:00+00:00,68766.83,68799.33,68732.32,68736.83,106
2026-08-17T02:30:00+00:00,68736.83,68736.83,68692.32,68697.32,86
2026-08-17T02:35:00+00:00,68697.32,68701.83,68667.31,68681.81,83
2026-08-17T02:40:00+00:00,68681.81,68686.83,68662.31,68677.33,59
2026-08-17T02:45:00+00:00,68677.33,68761.81,68677.33,68751.83,65
2026-08-17T02:50:00+00:00,68751.83,68759.33,68707.31,68721.82,71
2026-08-17T02:55:00+00:00,68721.82,68746.81,68717.32,68741.83,74
2026-08-17T03:00:00+00:00,68741.83,68776.83,68737.32,68776.82,50
2026-08-17T03:05:00+00:00,68776.82,68781.82,68752.32,68771.83,84
2026-08-17T03:10:00+00:00,68771.83,68771.83,68712.31,68732.31,67
2026-08-17T03:15:00+00:00,68732.31,68771.82,68732.31,68757.33,68
2026-08-17T03:20:00+00:00,68757.33,68771.82,68747.32,68751.82,40
2026-08-17T03:25:00+00:00,68751.82,68776.83,68722.33,68776.83,63
2026-08-17T03:30:00+00:00,68776.83,68831.82,68692.32,68826.81,465
2026-08-17T03:35:00+00:00,68826.81,68859.32,68817.31,68846.81,139
2026-08-17T03:40:00+00:00,68846.81,68911.83,68831.82,68907.33,105
2026-08-17T03:45:00+00:00,68907.33,68936.83,68846.82,68871.83,122
2026-08-17T03:50:00+00:00,68871.83,68899.32,68857.32,68876.81,72
2026-08-17T03:55:00+00:00,68876.81,68896.81,68862.32,68871.82,75
2026-08-17T04:00:00+00:00,68871.82,68931.83,68862.32,68921.83,86
2026-08-17T04:05:00+00:00,68921.83,68969.32,68921.83,68966.82,88
2026-08-17T04:10:00+00:00,68966.82,69011.82,68942.32,68959.31,89
2026-08-17T04:15:00+00:00,68959.31,68981.83,68907.33,68981.81,93
2026-08-17T04:20:00+00:00,68981.81,68986.82,68941.82,68942.31,108
2026-08-17T04:25:00+00:00,68942.31,68966.83,68917.33,68917.33,150
2026-08-17T04:30:00+00:00,68917.33,68959.31,68902.32,68937.32,136
2026-08-17T04:35:00+00:00,68937.32,68951.82,68902.31,68932.33,66
2026-08-17T04:40:00+00:00,68932.33,68961.83,68927.31,68936.82,55
2026-08-17T04:45:00+00:00,68936.82,68946.81,68922.31,68926.83,35
2026-08-17T04:50:00+00:00,68926.83,68926.83,68892.33,68897.33,29
2026-08-17T04:55:00+00:00,68897.33,68951.82,68887.32,68941.83,46
2026-08-17T05:00:00+00:00,68941.83,68986.82,68907.32,68952.31,127
2026-08-17T05:05:00+00:00,68952.31,68976.83,68932.32,68966.82,37
2026-08-17T05:10:00+00:00,68966.82,68966.82,68912.33,68956.82,72
2026-08-17T05:15:00+00:00,68956.82,68991.83,68947.31,68991.83,47
2026-08-17T05:20:00+00:00,68991.83,68991.83,68887.33,68887.33,109
2026-08-17T05:25:00+00:00,68887.33,68951.82,68877.33,68937.31,94
2026-08-17T05:30:00+00:00,68937.31,69031.83,68922.32,69022.31,170
2026-08-17T05:35:00+00:00,69022.31,69042.32,68972.32,69042.32,147
2026-08-17T05:40:00+00:00,69042.32,69066.83,69032.31,69062.33,124
2026-08-17T05:45:00+00:00,69062.33,69151.82,69057.31,69151.82,131
2026-08-17T05:50:00+00:00,69151.82,69196.81,69107.31,69196.81,130
2026-08-17T05:55:00+00:00,69196.81,69216.83,69172.31,69207.32,121
2026-08-17T06:00:00+00:00,69207.32,69236.83,69204.31,69236.82,160
2026-08-17T06:05:00+00:00,69236.82,69251.81,69179.32,69186.81,138
2026-08-17T06:10:00+00:00,69186.81,69201.81,69146.82,69166.83,155
2026-08-17T06:15:00+00:00,69166.83,69171.82,69131.83,69131.83,108
2026-08-17T06:20:00+00:00,69131.83,69194.33,69131.82,69181.83,145
2026-08-17T06:25:00+00:00,69181.83,69211.81,69166.81,69179.33,254
2026-08-17T06:30:00+00:00,69179.33,69241.81,69174.33,69216.82,325
2026-08-17T06:35:00+00:00,69216.82,69254.33,69191.81,69254.32,205
2026-08-17T06:40:00+00:00,69254.32,69291.83,69216.81,69286.82,139
2026-08-17T06:45:00+00:00,69286.82,69296.83,69237.31,69254.31,60
2026-08-17T06:50:00+00:00,69254.31,69259.33,69244.31,69256.83,20.662611950274027
2026-08-17T06:55:00+00:00,69256.83,69269.33,69244.33,69266.82,24
2026-08-17T07:00:00+00:00,69266.82,69316.82,69266.82,69279.33,125
2026-08-17T07:05:00+00:00,69279.33,69294.33,69256.81,69261.82,83
2026-08-17T07:10:00+00:00,69261.82,69266.81,69172.31,69181.83,95
2026-08-17T07:15:00+00:00,69181.83,69186.81,69136.81,69154.33,96
2026-08-17T07:20:00+00:00,69154.33,69164.32,69144.32,69156.83,60
2026-08-17T07:25:00+00:00,69156.83,69199.33,69146.83,69196.82,57
2026-08-17T07:30:00+00:00,69196.82,69209.33,69186.82,69206.82,83
2026-08-17T07:35:00+00:00,69206.82,69266.81,69206.82,69261.82,58
2026-08-17T07:40:00+00:00,69261.82,69276.83,69254.31,69254.33,35
2026-08-17T07:45:00+00:00,69254.33,69291.81,69254.33,69276.81,58
2026-08-17T07:50:00+00:00,69276.81,69291.83,69266.82,69276.83,71
2026-08-17T07:55:00+00:00,69276.83,69289.32,69246.81,69269.32,60
2026-08-17T08:00:00+00:00,69269.32,69291.81,69122.31,69131.83,489
2026-08-17T08:05:00+00:00,69131.83,69136.81,69097.32,69119.33,200
2026-08-17T08:10:00+00:00,69119.33,69141.82,69087.33,69091.83,139
2026-08-17T08:15:00+00:00,69091.83,69126.82,69077.31,69091.81,102
2026-08-17T08:20:00+00:00,69091.81,69141.82,69082.32,69131.82,93
2026-08-17T08:25:00+00:00,69131.82,69146.83,69106.82,69129.32,87
2026-08-17T08:30:00+00:00,69129.32,69136.83,69087.32,69096.81,170
2026-08-17T08:35:00+00:00,69096.81,69146.81,69077.32,69119.33,191
2026-08-17T08:40:00+00:00,69119.33,69134.33,69062.33,69071.82,129
2026-08-17T08:45:00+00:00,69071.82,69084.33,69051.82,69064.31,65
2026-08-17T08:50:00+00:00,69064.31,69071.81,69044.33,69057.31,84
2026-08-17T08:55:00+00:00,69057.31,69091.82,69052.31,69062.31,80
2026-08-17T09:00:00+00:00,69062.31,69076.83,69051.81,69061.81,109
2026-08-17T09:05:00+00:00,69061.81,69066.82,69039.31,69061.81,84
2026-08-17T09:10:00+00:00,69061.81,69081.82,69059.32,69069.31,89
2026-08-17T09:15:00+00:00,69069.31,69071.83,69031.81,69051.82,123
2026-08-17T09:20:00+00:00,69051.82,69051.82,69001.83,69014.31,88
2026-08-17T09:25:00+00:00,69014.31,69021.83,68999.33,69006.81,56
2026-08-17T09:30:00+00:00,69006.81,69021.81,69001.81,69006.83,58
2026-08-17T09:35:00+00:00,69006.83,69034.32,68991.81,68994.33,72
2026-08-17T09:40:00+00:00,68994.33,69009.31,68991.81,69006.83,34
2026-08-17T09:45:00+00:00,69006.83,69021.83,68976.82,68984.33,53
2026-08-17T09:50:00+00:00,68984.33,69011.83,68981.81,69001.81,70
2026-08-17T09:55:00+00:00,69001.81,69006.83,68986.83,68996.81,52
2026-08-17T10:00:00+00:00,68996.81,69009.32,68974.33,68986.81,62
2026-08-17T10:05:00+00:00,68986.81,68999.31,68971.82,68979.31,55
2026-08-17T10:10:00+00:00,68979.31,69006.82,68971.81,69006.82,62
2026-08-17T10:15:00+00:00,69006.82,69044.32,68981.82,68999.31,141
2026-08-17T10:20:00+00:00,68999.31,69016.82,68951.82,68956.81,86
2026-08-17T10:25:00+00:00,68956.81,69151.82,68936.82,69132.31,434
2026-08-17T10:30:00+00:00,69132.31,69151.83,68971.82,68976.83,641
2026-08-17T10:35:00+00:00,68976.83,68991.82,68966.81,68969.33,150
2026-08-17T10:40:00+00:00,68969.33,68989.32,68937.31,68961.82,116
2026-08-17T10:45:00+00:00,68961.82,68961.83,68931.81,68934.31,65
2026-08-17T10:50:00+00:00,68934.31,68966.83,68934.31,68954.31,79
2026-08-17T10:55:00+00:00,68954.31,68966.83,68944.31,68961.82,62
2026-08-17T11:00:00+00:00,68961.82,68974.32,68924.32,68974.32,182
2026-08-17T11:05:00+00:00,68974.32,69051.83,68974.32,69044.32,144
2026-08-17T11:10:00+00:00,69044.32,69046.83,68996.81,69011.82,90
2026-08-17T11:15:00+00:00,69011.82,69014.33,68951.83,68951.83,77
2026-08-17T11:20:00+00:00,68951.83,69001.81,68947.33,69001.81,95
2026-08-17T11:25:00+00:00,69001.81,69024.32,69001.81,69016.83,104
2026-08-17T11:30:00+00:00,69016.83,69036.81,69011.83,69024.32,133
2026-08-17T11:35:00+00:00,69024.32,69026.83,68987.31,69011.83,63
2026-08-17T11:40:00+00:00,69011.83,69014.33,68989.31,69011.82,59
2026-08-17T11:45:00+00:00,69011.82,69076.83,69011.81,69074.33,115
2026-08-17T11:50:00+00:00,69074.33,69076.83,69039.33,69044.33,101
2026-08-17T11:55:00+00:00,69044.33,69069.33,69041.83,69059.31,66
2026-08-17T12:00:00+00:00,69059.31,69076.82,68991.81,68991.81,175
2026-08-17T12:05:00+00:00,68991.81,69056.83,68989.31,69054.32,139
2026-08-17T12:10:00+00:00,69054.32,69106.81,69054.32,69101.82,165
2026-08-17T12:15:00+00:00,69101.82,69106.81,69074.32,69099.31,127
2026-08-17T12:20:00+00:00,69099.31,69116.83,69094.31,69104.31,126
2026-08-17T12:25:00+00:00,69104.31,69114.33,68947.32,69012.32,402
2026-08-17T12:30:00+00:00,69012.32,69056.83,68992.32,69022.33,191
2026-08-17T12:35:00+00:00,69022.33,69036.83,68967.31,68972.32,146
2026-08-17T12:40:00+00:00,68972.32,69011.83,68952.31,68976.81,156
2026-08-17T12:45:00+00:00,68976.81,68996.83,68956.83,68976.81,120
2026-08-17T12:50:00+00:00,68976.81,69041.83,68976.81,69031.82,121
2026-08-17T12:55:00+00:00,69031.82,69046.83,69014.33,69039.32,124
2026-08-17T13:00:00+00:00,69039.32,69084.31,69039.32,69084.31,213
2026-08-17T13:05:00+00:00,69084.31,69161.81,69084.31,69154.31,155
2026-08-17T13:10:00+00:00,69154.31,69169.32,69146.83,69151.83,94
2026-08-17T13:15:00+00:00,69151.83,69154.33,69139.31,69146.81,162
2026-08-17T13:20:00+00:00,69146.81,69184.31,69139.31,69166.82,209
2026-08-17T13:25:00+00:00,69166.82,69241.81,69146.81,69217.32,241
2026-08-17T13:30:00+00:00,69217.32,69344.33,69202.33,69289.31,1409
2026-08-17T13:35:00+00:00,69289.31,69299.32,69114.31,69154.31,1043
2026-08-17T13:40:00+00:00,69154.31,69281.83,69139.32,69244.33,988
2026-08-17T13:45:00+00:00,69244.33,69354.32,69244.33,69354.32,785
2026-08-17T13:50:00+00:00,69354.32,69409.33,69316.81,69409.33,589
2026-08-17T13:55:00+00:00,69409.33,69426.83,69324.32,69426.83,433
2026-08-17T14:00:00+00:00,69426.83,69441.83,69304.31,69339.32,575
2026-08-17T14:05:00+00:00,69339.32,69356.83,69246.82,69281.83,612
2026-08-17T14:10:00+00:00,69281.83,69359.33,69274.31,69356.83,586
2026-08-17T14:15:00+00:00,69356.83,69364.33,69256.81,69281.81,468
2026-08-17T14:20:00+00:00,69281.81,69309.32,69241.81,69289.31,468
2026-08-17T14:25:00+00:00,69289.31,69344.33,69279.31,69341.83,356
2026-08-17T14:30:00+00:00,69341.83,69376.82,69319.32,69369.33,269
2026-08-17T14:35:00+00:00,69369.33,69384.33,69339.32,69349.32,255
2026-08-17T14:40:00+00:00,69349.32,69394.31,69324.31,69364.32,309
2026-08-17T14:45:00+00:00,69364.32,69454.33,69364.32,69424.31,225
2026-08-17T14:50:00+00:00,69424.31,69461.83,69414.32,69441.83,253
2026-08-17T14:55:00+00:00,69441.83,69479.32,69429.33,69459.31,262
2026-08-17T15:00:00+00:00,69459.31,69529.31,69429.32,69516.82,290
2026-08-17T15:05:00+00:00,69516.82,69554.32,69471.83,69474.31,279
2026-08-17T15:10:00+00:00,69474.31,69514.32,69461.81,69461.81,191
2026-08-17T15:15:00+00:00,69461.81,69491.83,69424.31,69451.81,197
2026-08-17T15:20:00+00:00,69451.81,69504.33,69446.81,69499.32,238
2026-08-17T15:25:00+00:00,69499.32,69529.33,69459.33,69514.31,175
2026-08-17T15:30:00+00:00,69514.31,69546.83,69419.33,69426.82,205
2026-08-17T15:35:00+00:00,69426.82,69444.32,69386.82,69386.82,226
2026-08-17T15:40:00+00:00,69386.82,69406.83,69371.83,69404.32,257
2026-08-17T15:45:00+00:00,69404.32,69429.32,69394.31,69424.33,151
2026-08-17T15:50:00+00:00,69424.33,69484.33,69416.81,69479.31,159
2026-08-17T15:55:00+00:00,69479.31,69486.83,69464.33,69474.31,96
2026-08-17T16:00:00+00:00,69474.31,69479.32,69409.31,69409.31,90
2026-08-17T16:05:00+00:00,69409.31,69426.81,69391.83,69396.82,117
2026-08-17T16:10:00+00:00,69396.82,69406.81,69384.31,69394.32,158
2026-08-17T16:15:00+00:00,69394.32,69404.32,69381.82,69389.32,154
2026-08-17T16:20:00+00:00,69389.32,69409.33,69389.31,69394.31,117
2026-08-17T16:25:00+00:00,69394.31,69409.33,69381.82,69384.33,108
2026-08-17T16:30:00+00:00,69384.33,69389.33,69351.81,69356.82,113
2026-08-17T16:35:00+00:00,69356.82,69359.33,69336.82,69346.83,105
2026-08-17T16:40:00+00:00,69346.83,69351.81,69316.82,69319.32,113
2026-08-17T16:45:00+00:00,69319.32,69324.33,69296.82,69319.32,98
2026-08-17T16:50:00+00:00,69319.32,69324.33,69294.31,69324.33,71
2026-08-17T16:55:00+00:00,69324.33,69329.33,69304.31,69309.32,76
2026-08-17T17:00:00+00:00,69309.32,69316.81,69289.32,69289.32,90
2026-08-17T17:05:00+00:00,69289.32,69289.32,69234.31,69236.83,108
2026-08-17T17:10:00+00:00,69236.83,69246.82,69179.33,69179.33,106
2026-08-17T17:15:00+00:00,69179.33,69214.33,69154.31,69191.82,202
2026-08-17T17:20:00+00:00,69191.82,69196.83,69122.31,69151.82,173
2026-08-17T17:25:00+00:00,69151.82,69151.83,69112.32,69126.82,145
2026-08-17T17:30:00+00:00,69126.82,69156.81,69087.32,69096.81,127
2026-08-17T17:35:00+00:00,69096.81,69116.82,69061.82,69061.82,195
2026-08-17T17:40:00+00:00,69061.82,69149.33,69052.32,69146.83,159
2026-08-17T17:45:00+00:00,69146.83,69151.83,69111.82,69111.82,108
2026-08-17T17:50:00+00:00,69111.82,69121.83,69096.81,69099.31,124
2026-08-17T17:55:00+00:00,69099.31,69109.32,69079.32,69089.31,144
2026-08-17T18:00:00+00:00,69089.31,69114.32,69044.31,69049.33,259
2026-08-17T18:05:00+00:00,69049.33,69059.32,69029.31,69041.81,198
2026-08-17T18:10:00+00:00,69041.81,69064.33,69031.81,69049.32,170
2026-08-17T18:15:00+00:00,69049.32,69074.32,69034.32,69061.81,152
2026-08-17T18:20:00+00:00,69061.81,69076.81,69026.81,69071.82,214
2026-08-17T18:25:00+00:00,69071.82,69094.33,69044.31,69069.33,193
2026-08-17T18:30:00+00:00,69069.33,69084.32,69031.82,69049.31,166
2026-08-17T18:35:00+00:00,69049.31,69076.81,69049.31,69066.82,130
2026-08-17T18:40:00+00:00,69066.82,69079.33,69054.31,69064.33,71
2026-08-17T18:45:00+00:00,69064.33,69084.32,69059.33,69074.31,109
2026-08-17T18:50:00+00:00,69074.31,69099.31,69074.31,69081.83,77
2026-08-17T18:55:00+00:00,69081.83,69091.82,69064.33,69089.31,98
2026-08-17T19:00:00+00:00,69089.31,69091.81,69026.82,69026.82,116
2026-08-17T19:05:00+00:00,69026.82,69046.82,69001.81,69014.32,110
2026-08-17T19:10:00+00:00,69014.32,69019.33,68989.31,68994.31,102
2026-08-17T19:15:00+00:00,68994.31,69059.33,68994.31,69034.31,116
2026-08-17T19:20:00+00:00,69034.31,69044.33,69006.81,69044.33,104
2026-08-17T19:25:00+00:00,69044.33,69069.32,69044.31,69046.82,87
2026-08-17T19:30:00+00:00,69046.82,69079.31,69029.32,69066.81,193
2026-08-17T19:35:00+00:00,69066.81,69099.33,69064.32,69094.31,102
2026-08-17T19:40:00+00:00,69094.31,69104.33,69074.31,69084.32,100
2026-08-17T19:45:00+00:00,69084.32,69116.81,69081.83,69116.81,129
2026-08-17T19:50:00+00:00,69116.81,69119.32,69054.33,69059.32,188
2026-08-17T19:55:00+00:00,69059.32,69096.83,69029.33,69076.81,242
2026-08-17T20:00:00+00:00,69076.81,69076.81,69037.32,69042.33,79
2026-08-17T20:05:00+00:00,69042.33,69046.83,69027.32,69042.33,20
2026-08-17T20:10:00+00:00,69042.33,69051.83,69042.31,69051.83,9.740807799442898
2026-08-17T20:15:00+00:00,69051.83,69066.83,69032.31,69066.81,17
2026-08-17T20:20:00+00:00,69066.81,69066.82,69047.33,69047.33,13
2026-08-17T20:25:00+00:00,69047.33,69051.82,69037.31,69041.82,11
2026-08-17T20:30:00+00:00,69041.82,69041.82,69017.33,69026.82,11
2026-08-17T20:35:00+00:00,69026.82,69026.82,68977.32,68986.82,19
2026-08-17T20:40:00+00:00,68986.82,68986.82,68967.31,68967.33,44
2026-08-17T20:45:00+00:00,68967.33,68972.33,68917.31,68946.83,60
2026-08-17T20:50:00+00:00,68946.83,68961.82,68887.32,68952.31,62
2026-08-17T20:55:00+00:00,68952.31,69006.81,68952.31,69004.31,53
2026-08-17T22:00:00+00:00,69004.31,69123.36,69004.31,69093.86,27
2026-08-17T22:05:00+00:00,69093.86,69093.86,68978.87,68978.87,7
2026-08-17T22:10:00+00:00,68978.87,68988.87,68978.87,68978.87,5
2026-08-17T22:15:00+00:00,68978.87,68988.85,68978.87,68988.85,4
2026-08-17T22:20:00+00:00,68988.85,68993.87,68988.85,68993.87,6
2026-08-17T22:25:00+00:00,68993.87,68998.87,68993.87,68998.86,5
2026-08-17T22:30:00+00:00,68998.86,69013.87,68998.86,69013.86,11
2026-08-17T22:35:00+00:00,69013.86,69028.86,69013.86,69023.86,14
2026-08-17T22:40:00+00:00,69023.86,69028.85,69023.85,69023.85,6
2026-08-17T22:45:00+00:00,69023.85,69023.85,69003.85,69003.85,6
2026-08-17T22:50:00+00:00,69003.85,69023.86,69003.85,69018.85,7
2026-08-17T22:55:00+00:00,69018.85,69018.85,68973.87,68993.86,29
2026-08-17T23:00:00+00:00,68993.86,69003.35,68953.85,68958.87,33
2026-08-17T23:05:00+00:00,68958.87,68988.87,68958.87,68988.87,9.731829573934837
2026-08-17T23:10:00+00:00,68988.87,68988.87,68988.85,68988.87,6.859632139399807
2026-08-17T23:15:00+00:00,68988.87,68991.37,68971.37,68981.35,17.58470665787739
2026-08-17T23:20:00+00:00,68981.35,68986.36,68946.35,68985.87,21
2026-08-17T23:25:00+00:00,68985.87,69006.36,68971.35,68976.35,25
2026-08-17T23:30:00+00:00,68976.35,69090.85,68956.36,69066.36,62
2026-08-17T23:35:00+00:00,69066.36,69066.36,69016.36,69040.87,29
2026-08-17T23:40:00+00:00,69040.87,69040.87,68981.36,69011.37,65
2026-08-17T23:45:00+00:00,69011.37,69096.36,68896.36,68901.36,740
2026-08-17T23:50:00+00:00,68901.36,68996.37,68866.35,68986.35,253
2026-08-17T23:55:00+00:00,68986.35,69001.37,68916.35,68936.35,277
2026-08-18T00:00:00+00:00,68936.35,69006.37,68596.36,68656.35,2490
2026-08-18T00:05:00+00:00,68656.35,68766.36,68606.36,68741.37,1691
2026-08-18T00:10:00+00:00,68741.37,68856.37,68696.36,68816.36,1067
2026-08-18T00:15:00+00:00,68816.36,68895.87,68691.35,68881.37,1583
2026-08-18T00:20:00+00:00,68881.37,68971.37,68861.35,68961.35,868
2026-08-18T00:25:00+00:00,68961.35,69060.85,68951.35,69046.36,577
2026-08-18T00:30:00+00:00,69046.36,69070.87,68951.37,69050.85,648
2026-08-18T00:35:00+00:00,69050.85,69120.87,69011.35,69106.36,626
2026-08-18T00:40:00+00:00,69106.36,69116.37,69011.35,69101.36,440
2026-08-18T00:45:00+00:00,69101.36,69111.37,68961.36,68980.87,511
2026-08-18T00:50:00+00:00,68980.87,69045.87,68966.37,69016.37,289
2026-08-18T00:55:00+00:00,69016.37,69025.86,68921.35,68941.37,236
2026-08-18T01:00:00+00:00,68941.37,69025.87,68906.35,68961.35,446
2026-08-18T01:05:00+00:00,68961.35,69070.87,68926.36,69005.87,461
2026-08-18T01:10:00+00:00,69005.87,69035.87,68946.36,68981.37,324
2026-08-18T01:15:00+00:00,68981.37,68991.37,68931.36,68946.37,283
2026-08-18T01:20:00+00:00,68946.37,68960.87,68826.36,68900.86,386
2026-08-18T01:25:00+00:00,68900.86,68935.87,68811.35,68831.35,422
2026-08-18T01:30:00+00:00,68831.35,68841.37,68686.35,68716.37,455
2026-08-18T01:35:00+00:00,68716.37,68820.87,68691.35,68716.37,350
2026-08-18T01:40:00+00:00,68716.37,68730.87,68551.37,68576.37,464
2026-08-18T01:45:00+00:00,68576.37,68615.87,68416.35,68421.36,500
2026-08-18T01:50:00+00:00,68421.36,68451.36,68356.37,68451.36,886
2026-08-18T01:55:00+00:00,68451.36,68561.37,68416.35,68561.37,1006
2026-08-18T02:00:00+00:00,68561.37,68646.37,68521.35,68541.36,737
2026-08-18T02:05:00+00:00,68541.36,68590.85,68506.36,68541.37,538
2026-08-18T02:10:00+00:00,68541.37,68560.87,68356.35,68366.37,359
2026-08-18T02:15:00+00:00,68366.37,68390.86,68261.35,68350.87,516
2026-08-18T02:20:00+00:00,68350.87,68350.87,68216.35,68231.36,344
2026-08-18T02:25:00+00:00,68231.36,68235.87,68151.35,68166.37,335
2026-08-18T02:30:00+00:00,68166.37,68230.87,68141.35,68201.36,354
2026-08-18T02:35:00+00:00,68201.36,68241.35,68176.36,68201.35,288
2026-08-18T02:40:00+00:00,68201.35,68211.37,68051.37,68065.87,355
2026-08-18T02:45:00+00:00,68065.87,68126.37,68011.36,68106.37,376
2026-08-18T02:50:00+00:00,68106.37,68150.87,68036.35,68036.35,303
2026-08-18T02:55:00+00:00,68036.35,68070.85,68006.35,68056.35,240
2026-08-18T03:00:00+00:00,68056.35,68101.36,68051.37,68081.36,265
2026-08-18T03:05:00+00:00,68081.36,68095.85,68021.35,68033.37,188
2026-08-18T03:10:00+00:00,68033.37,68035.87,67996.36,68010.87,119
2026-08-18T03:15:00+00:00,68010.87,68020.87,67936.35,67975.87,221
2026-08-18T03:20:00+00:00,67975.87,67998.37,67876.35,67881.37,301
2026-08-18T03:25:00+00:00,67881.37,67970.87,67876.35,67941.35,328
2026-08-18T03:30:00+00:00,67941.35,67941.35,67711.35,67716.37,992
2026-08-18T03:35:00+00:00,67716.37,67976.37,67711.35,67966.35,750
2026-08-18T03:40:00+00:00,67966.35,68010.86,67906.36,67965.86,627
2026-08-18T03:45:00+00:00,67965.86,68010.87,67936.35,67936.35,440
2026-08-18T03:50:00+00:00,67936.35,68035.87,67921.36,67985.86,406
2026-08-18T03:55:00+00:00,67985.86,68035.86,67931.36,67986.35,329
2026-08-18T04:00:00+00:00,67986.35,68020.86,67951.36,67975.86,277
2026-08-18T04:05:00+00:00,67975.86,68120.87,67971.35,68106.35,479
2026-08-18T04:10:00+00:00,68106.35,68115.87,67991.35,67996.36,452
2026-08-18T04:15:00+00:00,67996.36,68001.36,67911.35,67931.37,430
2026-08-18T04:20:00+00:00,67931.37,67931.37,67816.35,67820.87,290
2026-08-18T04:25:00+00:00,67820.87,67920.87,67806.35,67871.37,464
2026-08-18T04:30:00+00:00,67871.37,67955.87,67826.37,67856.35,280
2026-08-18T04:35:00+00:00,67856.35,67930.86,67826.36,67826.36,208
2026-08-18T04:40:00+00:00,67826.36,67860.86,67811.37,67831.36,276
2026-08-18T04:45:00+00:00,67831.36,67845.85,67796.35,67826.37,155
2026-08-18T04:50:00+00:00,67826.37,67900.87,67811.35,67890.86,170
2026-08-18T04:55:00+00:00,67890.86,67905.87,67851.35,67886.37,215
2026-08-18T05:00:00+00:00,67886.37,67890.87,67766.35,67771.35,247
2026-08-18T05:05:00+00:00,67771.35,67850.86,67741.36,67790.85,244
2026-08-18T05:10:00+00:00,67790.85,67790.86,67721.35,67761.35,213
2026-08-18T05:15:00+00:00,67761.35,67795.87,67751.35,67791.37,174
2026-08-18T05:20:00+00:00,67791.37,67815.86,67756.37,67776.37,205
2026-08-18T05:25:00+00:00,67776.37,67830.87,67738.35,67738.35,275
2026-08-18T05:30:00+00:00,67738.35,67765.85,67706.36,67718.36,247
2026-08-18T05:35:00+00:00,67718.36,67760.86,67706.35,67715.87,294
2026-08-18T05:40:00+00:00,67715.87,67740.86,67671.35,67703.37,289
2026-08-18T05:45:00+00:00,67703.37,67710.87,67651.36,67675.87,238
2026-08-18T05:50:00+00:00,67675.87,67680.87,67621.35,67630.86,277
2026-08-18T05:55:00+00:00,67630.86,67678.36,67560.86,67565.86,318
2026-08-18T06:00:00+00:00,67565.86,67565.86,67411.36,67421.36,506
2026-08-18T06:05:00+00:00,67421.36,67460.85,67400.87,67440.87,416
2026-08-18T06:10:00+00:00,67440.87,67633.36,67435.87,67618.36,629
2026-08-18T06:15:00+00:00,67618.36,67618.36,67545.86,67545.86,460
2026-08-18T06:20:00+00:00,67545.86,67593.36,67523.35,67558.35,506
2026-08-18T06:25:00+00:00,67558.35,67625.87,67493.36,67523.36,600
2026-08-18T06:30:00+00:00,67523.36,67590.86,67465.86,67565.85,596
2026-08-18T06:35:00+00:00,67565.85,67605.85,67525.86,67603.35,312
2026-08-18T06:40:00+00:00,67603.35,67618.36,67521.35,67536.35,226
2026-08-18T06:45:00+00:00,67536.35,67595.87,67536.35,67576.36,102
2026-08-18T06:50:00+00:00,67576.36,67603.36,67561.35,67566.35,66
2026-08-18T06:55:00+00:00,67566.35,67695.85,67566.35,67681.37,99
2026-08-18T07:00:00+00:00,67681.37,67705.87,67641.35,67690.87,239
2026-08-18T07:05:00+00:00,67690.87,67730.85,67643.37,67660.87,138
2026-08-18T07:10:00+00:00,67660.87,67670.87,67621.35,67640.85,165
2026-08-18T07:15:00+00:00,67640.85,67690.87,67636.35,67656.37,161
2026-08-18T07:20:00+00:00,67656.37,67695.87,67651.35,67665.85,116
2026-08-18T07:25:00+00:00,67665.85,67688.37,67636.37,67640.87,133
2026-08-18T07:30:00+00:00,67640.87,67665.85,67495.87,67495.87,178
2026-08-18T07:35:00+00:00,67495.87,67575.87,67471.35,67546.36,182
2026-08-18T07:40:00+00:00,67546.36,67571.37,67526.37,67526.37,166
2026-08-18T07:45:00+00:00,67526.37,67560.87,67516.36,67551.36,106
2026-08-18T07:50:00+00:00,67551.36,67583.36,67446.35,67446.35,144
2026-08-18T07:55:00+00:00,67446.35,67455.86,67396.36,67396.36,195
2026-08-18T08:00:00+00:00,67396.36,67420.87,67206.37,67255.87,870
2026-08-18T08:05:00+00:00,67255.87,67268.35,67161.35,67240.86,692
2026-08-18T08:10:00+00:00,67240.86,67340.86,67191.37,67306.36,598
2026-08-18T08:15:00+00:00,67306.36,67385.85,67306.35,67343.37,385
2026-08-18T08:20:00+00:00,67343.37,67355.86,67210.85,67241.36,280
2026-08-18T08:25:00+00:00,67241.36,67335.86,67221.35,67320.85,406
2026-08-18T08:30:00+00:00,67320.85,67390.86,67285.86,67371.37,367
2026-08-18T08:35:00+00:00,67371.37,67420.87,67366.35,67385.87,296
2026-08-18T08:40:00+00:00,67385.87,67393.36,67310.86,67330.87,249
2026-08-18T08:45:00+00:00,67330.87,67330.87,67235.86,67240.86,273
2026-08-18T08:50:00+00:00,67240.86,67285.87,67200.85,67260.87,256
2026-08-18T08:55:00+00:00,67260.87,67295.87,67220.85,67270.85,287
2026-08-18T09:00:00+00:00,67270.85,67295.87,67185.86,67263.37,580
2026-08-18T09:05:00+00:00,67263.37,67263.37,67181.35,67181.36,402
2026-08-18T09:10:00+00:00,67181.36,67280.87,67181.35,67256.35,333
2026-08-18T09:15:00+00:00,67256.35,67270.85,67161.35,67165.87,358
2026-08-18T09:20:00+00:00,67165.87,67213.37,67151.35,67175.87,321
2026-08-18T09:25:00+00:00,67175.87,67265.86,67161.36,67185.86,523
2026-08-18T09:30:00+00:00,67185.86,67190.87,67126.35,67150.87,372
2026-08-18T09:35:00+00:00,67150.87,67208.36,67136.36,67178.37,435
2026-08-18T09:40:00+00:00,67178.37,67183.37,67085.85,67148.36,514
2026-08-18T09:45:00+00:00,67148.36,67185.87,67086.36,67086.36,381
2026-08-18T09:50:00+00:00,67086.36,67220.85,67086.36,67220.85,391
2026-08-18T09:55:00+00:00,67220.85,67268.35,67220.85,67255.85,306
2026-08-18T10:00:00+00:00,67255.85,67280.87,67201.35,67280.85,441
2026-08-18T10:05:00+00:00,67280.85,67290.86,67255.86,67285.87,212
2026-08-18T10:10:00+00:00,67285.87,67290.85,67216.35,67216.37,192
2026-08-18T10:15:00+00:00,67216.37,67260.87,67186.36,67190.87,243
2026-08-18T10:20:00+00:00,67190.87,67215.87,67176.35,67181.35,164
2026-08-18T10:25:00+00:00,67181.35,67225.86,67161.35,67220.87,243
2026-08-18T10:30:00+00:00,67220.87,67275.87,67211.37,67260.87,153
2026-08-18T10:35:00+00:00,67260.87,67280.86,67225.86,67235.87,135
2026-08-18T10:40:00+00:00,67235.87,67250.86,67220.85,67240.87,108
2026-08-18T10:45:00+00:00,67240.87,67315.86,67220.85,67310.86,126
2026-08-18T10:50:00+00:00,67310.86,67335.86,67300.86,67325.86,79
2026-08-18T10:55:00+00:00,67325.86,67325.87,67291.35,67295.87,143
2026-08-18T11:00:00+00:00,67295.87,67365.87,67265.85,67340.86,337
2026-08-18T11:05:00+00:00,67340.86,67360.87,67321.36,67321.36,121
2026-08-18T11:10:00+00:00,67321.36,67360.85,67311.36,67335.87,156
2026-08-18T11:15:00+00:00,67335.87,67348.36,67316.35,67345.85,104
2026-08-18T11:20:00+00:00,67345.85,67355.85,67313.35,67323.36,135
2026-08-18T11:25:00+00:00,67323.36,67345.87,67291.36,67305.86,124
2026-08-18T11:30:00+00:00,67305.86,67305.87,67260.86,67280.87,136
2026-08-18T11:35:00+00:00,67280.87,67300.87,67248.36,67248.37,113
2026-08-18T11:40:00+00:00,67248.37,67313.37,67235.85,67298.37,185
2026-08-18T11:45:00+00:00,67298.37,67360.87,67298.37,67345.85,177
2026-08-18T11:50:00+00:00,67345.85,67368.36,67293.37,67300.86,218
2026-08-18T11:55:00+00:00,67300.86,67343.36,67300.85,67320.86,168
2026-08-18T12:00:00+00:00,67320.86,67400.86,67298.37,67395.85,298
2026-08-18T12:05:00+00:00,67395.85,67405.85,67330.86,67353.36,288
2026-08-18T12:10:00+00:00,67353.36,67355.87,67313.35,67335.87,256
2026-08-18T12:15:00+00:00,67335.87,67370.86,67323.35,67370.86,260
2026-08-18T12:20:00+00:00,67370.86,67415.87,67345.85,67350.87,352
2026-08-18T12:25:00+00:00,67350.87,67355.87,67325.85,67345.85,205
2026-08-18T12:30:00+00:00,67345.85,67378.37,67295.87,67373.36,358
2026-08-18T12:35:00+00:00,67373.36,67385.86,67275.85,67285.86,244
2026-08-18T12:40:00+00:00,67285.86,67300.87,67258.36,67265.86,207
2026-08-18T12:45:00+00:00,67265.86,67285.85,67253.35,67283.35,213
2026-08-18T12:50:00+00:00,67283.35,67318.37,67283.35,67293.37,184
2026-08-18T12:55:00+00:00,67293.37,67300.87,67268.35,67280.86,137
2026-08-18T13:00:00+00:00,67280.86,67293.37,67213.35,67245.86,345
2026-08-18T13:05:00+00:00,67245.86,67275.85,67203.35,67203.35,240
2026-08-18T13:10:00+00:00,67203.35,67243.35,67203.35,67230.87,139
2026-08-18T13:15:00+00:00,67230.87,67230.87,67188.35,67228.35,228
2026-08-18T13:20:00+00:00,67228.35,67235.87,67175.86,67190.86,198
2026-08-18T13:25:00+00:00,67190.86,67208.36,67153.37,67165.85,365
2026-08-18T13:30:00+00:00,67165.85,67335.86,67091.36,67275.86,1786
2026-08-18T13:35:00+00:00,67275.86,67355.87,67205.87,67295.85,1286
2026-08-18T13:40:00+00:00,67295.85,67315.87,67155.87,67155.87,1116
2026-08-18T13:45:00+00:00,67155.87,67160.85,67053.35,67080.85,962
2026-08-18T13:50:00+00:00,67080.85,67120.87,66963.37,66980.86,1063
2026-08-18T13:55:00+00:00,66980.86,67036.37,66925.86,67011.35,1100
2026-08-18T14:00:00+00:00,67011.35,67065.87,66931.35,67015.87,1342
2026-08-18T14:05:00+00:00,67015.87,67035.87,66885.85,66885.85,1127
2026-08-18T14:10:00+00:00,66885.85,66888.35,66815.85,66863.35,800
2026-08-18T14:15:00+00:00,66863.35,66998.35,66835.85,66948.37,1139
2026-08-18T14:20:00+00:00,66948.37,67008.36,66878.35,66953.37,1011
2026-08-18T14:25:00+00:00,66953.37,67055.87,66953.36,66973.35,1113
2026-08-18T14:30:00+00:00,66973.35,67015.87,66841.36,66850.86,1218
2026-08-18T14:35:00+00:00,66850.86,66875.87,66756.37,66795.86,847
2026-08-18T14:40:00+00:00,66795.86,66795.86,66665.87,66665.87,524
2026-08-18T14:45:00+00:00,66665.87,66680.85,66603.36,66648.37,642
2026-08-18T14:50:00+00:00,66648.37,66660.87,66481.35,66503.35,710
2026-08-18T14:55:00+00:00,66503.35,66520.85,66381.35,66425.85,551
2026-08-18T15:00:00+00:00,66425.85,66455.87,66356.35,66390.86,1041
2026-08-18T15:05:00+00:00,66390.86,66460.85,66321.35,66325.85,1102
2026-08-18T15:10:00+00:00,66325.85,66340.87,66276.37,66313.35,842
2026-08-18T15:15:00+00:00,66313.35,66330.87,66213.35,66213.35,574
2026-08-18T15:20:00+00:00,66213.35,66270.86,66200.85,66240.86,689
2026-08-18T15:25:00+00:00,66240.86,66295.86,66205.86,66253.36,651
2026-08-18T15:30:00+00:00,66253.36,66295.86,66176.36,66185.85,706
2026-08-18T15:35:00+00:00,66185.85,66190.87,66121.35,66140.87,603
2026-08-18T15:40:00+00:00,66140.87,66290.86,66128.36,66260.85,660
2026-08-18T15:45:00+00:00,66260.85,66373.37,66258.36,66340.85,444
2026-08-18T15:50:00+00:00,66340.85,66365.87,66303.36,66333.37,467
2026-08-18T15:55:00+00:00,66333.37,66375.86,66315.87,66358.37,363
2026-08-18T16:00:00+00:00,66358.37,66380.87,66298.35,66298.35,375
2026-08-18T16:05:00+00:00,66298.35,66353.37,66275.87,66323.35,504
2026-08-18T16:10:00+00:00,66323.35,66368.37,66313.36,66315.85,389
2026-08-18T16:15:00+00:00,66315.85,66348.35,66273.35,66288.36,378
2026-08-18T16:20:00+00:00,66288.36,66373.36,66288.36,66343.37,370
2026-08-18T16:25:00+00:00,66343.37,66350.86,66268.35,66268.37,269
2026-08-18T16:30:00+00:00,66268.37,66325.87,66260.87,66315.87,351
2026-08-18T16:35:00+00:00,66315.87,66320.86,66273.36,66303.35,261
2026-08-18T16:40:00+00:00,66303.35,66348.37,66300.85,66320.85,245
2026-08-18T16:45:00+00:00,66320.85,66433.37,66308.35,66413.37,309
2026-08-18T16:50:00+00:00,66413.37,66423.37,66393.35,66420.85,314
2026-08-18T16:55:00+00:00,66420.85,66423.36,66373.36,66373.36,260
2026-08-18T17:00:00+00:00,66373.36,66393.37,66345.85,66373.37,321
2026-08-18T17:05:00+00:00,66373.37,66383.37,66345.87,66373.36,257
2026-08-18T17:10:00+00:00,66373.36,66400.87,66340.87,66388.37,268
2026-08-18T17:15:00+00:00,66388.37,66388.37,66328.36,66328.36,191
2026-08-18T17:20:00+00:00,66328.36,66373.35,66325.86,66330.85,193
2026-08-18T17:25:00+00:00,66330.85,66350.85,66315.85,66343.37,175
2026-08-18T17:30:00+00:00,66343.37,66368.37,66320.87,66343.37,257
2026-08-18T17:35:00+00:00,66343.37,66350.85,66300.87,66325.85,193
2026-08-18T17:40:00+00:00,66325.85,66335.86,66305.85,66305.85,210
2026-08-18T17:45:00+00:00,66305.85,66328.36,66278.36,66288.37,119
2026-08-18T17:50:00+00:00,66288.37,66298.37,66268.36,66273.35,136
2026-08-18T17:55:00+00:00,66273.35,66273.37,66223.37,66223.37,166
2026-08-18T18:00:00+00:00,66223.37,66230.87,66193.35,66205.87,202
2026-08-18T18:05:00+00:00,66205.87,66228.37,66195.86,66203.35,185
2026-08-18T18:10:00+00:00,66203.35,66265.87,66183.37,66258.37,226
2026-08-18T18:15:00+00:00,66258.37,66298.37,66248.37,66298.37,224
2026-08-18T18:20:00+00:00,66298.37,66315.87,66278.35,66298.36,274
2026-08-18T18:25:00+00:00,66298.36,66318.37,66273.35,66313.35,221
2026-08-18T18:30:00+00:00,66313.35,66328.35,66273.35,66288.36,200
2026-08-18T18:35:00+00:00,66288.36,66328.37,66288.36,66323.35,205
2026-08-18T18:40:00+00:00,66323.35,66325.86,66273.35,66278.37,168
2026-08-18T18:45:00+00:00,66278.37,66313.36,66278.35,66280.85,138
2026-08-18T18:50:00+00:00,66280.85,66280.87,66248.36,66248.36,100
2026-08-18T18:55:00+00:00,66248.36,66263.37,66238.35,66245.85,189
2026-08-18T19:00:00+00:00,66245.85,66288.35,66228.35,66270.87,175
2026-08-18T19:05:00+00:00,66270.87,66310.87,66260.85,66300.87,158
2026-08-18T19:10:00+00:00,66300.87,66315.86,66295.86,66310.86,176
2026-08-18T19:15:00+00:00,66310.86,66320.87,66280.87,66310.87,139
2026-08-18T19:20:00+00:00,66310.87,66353.36,66298.36,66353.36,182
2026-08-18T19:25:00+00:00,66353.36,66378.37,66338.35,66363.36,154
2026-08-18T19:30:00+00:00,66363.36,66363.36,66333.35,66335.87,284
2026-08-18T19:35:00+00:00,66335.87,66363.37,66318.37,66340.85,176
2026-08-18T19:40:00+00:00,66340.85,66348.37,66310.87,66343.37,152
2026-08-18T19:45:00+00:00,66343.37,66345.86,66315.87,66335.87,171
2026-08-18T19:50:00+00:00,66335.87,66355.87,66280.86,66283.37,277
2026-08-18T19:55:00+00:00,66283.37,66335.87,66263.35,66300.86,418
2026-08-18T20:00:00+00:00,66300.86,66300.86,66221.37,66235.87,123
2026-08-18T20:05:00+00:00,66235.87,66240.87,66196.35,66201.35,46
2026-08-18T20:10:00+00:00,66201.35,66210.87,66186.35,66201.36,42
2026-08-18T20:15:00+00:00,66201.36,66210.85,66196.35,66196.37,61
2026-08-18T20:20:00+00:00,66196.37,66210.87,66161.35,66180.87,53
2026-08-18T20:25:00+00:00,66180.87,66210.86,66171.35,66210.85,20
2026-08-18T20:30:00+00:00,66210.85,66215.87,66191.35,66206.36,36
2026-08-18T20:35:00+00:00,66206.36,66220.86,66206.36,66206.36,30.644871321265853
2026-08-18T20:40:00+00:00,66206.36,66215.87,66201.36,66210.87,13
2026-08-18T20:45:00+00:00,66210.87,66213.37,66076.35,66086.37,69
2026-08-18T20:50:00+00:00,66086.37,66121.36,66071.35,66096.36,50
2026-08-18T20:55:00+00:00,66096.36,66103.36,66066.35,66070.85,66
2026-08-18T22:00:00+00:00,66068.35,66141.77,66068.35,66076.79,14
2026-08-18T22:05:00+00:00,66076.79,66121.77,66056.78,66116.77,20
2026-08-18T22:10:00+00:00,66116.77,66121.28,66081.79,66091.79,16
2026-08-18T22:15:00+00:00,66091.79,66131.79,66071.78,66131.79,35
2026-08-18T22:20:00+00:00,66131.79,66191.27,66116.77,66116.77,68
2026-08-18T22:25:00+00:00,66116.77,66146.27,66021.79,66031.79,56
2026-08-18T22:30:00+00:00,66031.79,66036.79,66021.77,66031.78,37
2026-08-18T22:35:00+00:00,66031.78,66068.77,66001.78,66001.78,23
2026-08-18T22:40:00+00:00,66001.78,66006.79,65931.77,65991.77,49
2026-08-18T22:45:00+00:00,65991.77,65991.78,65966.79,65966.79,5
2026-08-18T22:50:00+00:00,65966.79,65996.78,65966.79,65971.77,35
2026-08-18T22:55:00+00:00,65971.77,66001.28,65971.77,65996.78,23
2026-08-18T23:00:00+00:00,65996.78,66016.79,65976.78,66006.77,35
2026-08-18T23:05:00+00:00,66006.77,66046.79,65991.78,66016.79,43
2026-08-18T23:10:00+00:00,66016.79,66036.28,66006.79,66016.79,23.95864106351551
2026-08-18T23:15:00+00:00,66016.79,66051.77,66006.79,66031.79,30
2026-08-18T23:20:00+00:00,66031.79,66111.29,66031.77,66081.28,44
2026-08-18T23:25:00+00:00,66081.28,66091.29,66061.77,66081.78,32
2026-08-18T23:30:00+00:00,66081.78,66116.29,66051.77,66106.78,83
2026-08-18T23:35:00+00:00,66106.78,66146.27,66091.78,66096.79,59
2026-08-18T23:40:00+00:00,66096.79,66206.79,66091.77,66161.77,144
2026-08-18T23:45:00+00:00,66161.77,66216.79,66076.79,66121.77,1231
2026-08-18T23:50:00+00:00,66121.77,66156.79,66061.78,66101.78,419
2026-08-18T23:55:00+00:00,66101.78,66111.78,65941.77,65941.79,404
2026-08-19T00:00:00+00:00,65941.79,66006.77,65671.77,65726.77,2008
2026-08-19T00:05:00+00:00,65726.77,65966.78,65656.77,65716.79,2295
2026-08-19T00:10:00+00:00,65716.79,65716.79,65551.79,65606.78,1311
2026-08-19T00:15:00+00:00,65606.78,65606.78,65346.78,65476.77,1546
2026-08-19T00:20:00+00:00,65476.77,65656.77,65431.78,65541.79,2020
2026-08-19T00:25:00+00:00,65541.79,65746.78,65476.77,65721.79,1656
2026-08-19T00:30:00+00:00,65721.79,65896.29,65616.77,65851.77,2024
2026-08-19T00:35:00+00:00,65851.77,65956.79,65811.77,65956.79,1882
2026-08-19T00:40:00+00:00,65956.79,66003.78,65831.77,65981.77,1307
2026-08-19T00:45:00+00:00,65981.77,66036.29,65821.77,65846.79,1638
2026-08-19T00:50:00+00:00,65846.79,65926.79,65786.77,65866.29,1779
2026-08-19T00:55:00+00:00,65866.29,65978.79,65836.77,65841.79,1596
2026-08-19T01:00:00+00:00,65841.79,66051.27,65816.78,66031.77,2045
2026-08-19T01:05:00+00:00,66031.77,66216.28,65966.78,66196.78,1629
2026-08-19T01:10:00+00:00,66196.78,66251.28,66046.77,66091.77,1584
2026-08-19T01:15:00+00:00,66091.77,66131.27,65916.78,66021.29,1784
2026-08-19T01:20:00+00:00,66021.29,66103.77,65966.78,65981.77,1244
2026-08-19T01:25:00+00:00,65981.77,66216.28,65961.77,66166.79,1621
2026-08-19T01:30:00+00:00,66166.79,66246.28,65951.78,65951.78,1406
2026-08-19T01:35:00+00:00,65951.78,66146.77,65931.77,66136.78,1047
2026-08-19T01:40:00+00:00,66136.78,66141.77,65956.77,66006.77,841
2026-08-19T01:45:00+00:00,66006.77,66011.79,65851.77,65891.79,905
2026-08-19T01:50:00+00:00,65891.79,65903.78,65826.78,65891.78,811
2026-08-19T01:55:00+00:00,65891.78,66001.28,65876.77,65921.77,742
2026-08-19T02:00:00+00:00,65921.77,65936.27,65846.79,65851.77,733
2026-08-19T02:05:00+00:00,65851.77,65861.78,65716.77,65721.77,603
2026-08-19T02:10:00+00:00,65721.77,65741.28,65661.77,65691.77,574
2026-08-19T02:15:00+00:00,65691.77,65706.79,65606.78,65611.77,644
2026-08-19T02:20:00+00:00,65611.77,65786.79,65611.77,65741.78,1031
2026-08-19T02:25:00+00:00,65741.78,65816.29,65726.77,65736.78,871
2026-08-19T02:30:00+00:00,65736.78,65786.79,65691.77,65726.78,546
2026-08-19T02:35:00+00:00,65726.78,65736.27,65686.77,65721.28,356
2026-08-19T02:40:00+00:00,65721.28,65726.28,65676.78,65696.78,305
2026-08-19T02:45:00+00:00,65696.78,65776.28,65686.77,65756.78,648
2026-08-19T02:50:00+00:00,65756.78,65771.28,65696.77,65751.78,573
2026-08-19T02:55:00+00:00,65751.78,65826.28,65746.78,65801.79,462
2026-08-19T03:00:00+00:00,65801.79,65888.78,65801.77,65831.29,576
2026-08-19T03:05:00+00:00,65831.29,65851.29,65761.77,65771.78,474
2026-08-19T03:10:00+00:00,65771.78,65836.28,65731.77,65821.78,387
2026-08-19T03:15:00+00:00,65821.78,65896.28,65821.78,65856.77,437
2026-08-19T03:20:00+00:00,65856.77,65868.78,65776.77,65831.78,333
2026-08-19T03:25:00+00:00,65831.78,65846.27,65796.77,65831.29,357
2026-08-19T03:30:00+00:00,65831.29,65906.77,65741.77,65791.78,1393
2026-08-19T03:35:00+00:00,65791.78,65881.79,65726.77,65741.77,812
2026-08-19T03:40:00+00:00,65741.77,65748.79,65691.77,65736.29,561
2026-08-19T03:45:00+00:00,65736.29,65751.28,65676.77,65736.27,508
2026-08-19T03:50:00+00:00,65736.27,65776.28,65696.77,65711.29,639
2026-08-19T03:55:00+00:00,65711.29,65726.29,65681.79,65686.77,404
2026-08-19T04:00:00+00:00,65686.77,65713.78,65631.77,65656.79,347
2026-08-19T04:05:00+00:00,65656.79,65661.29,65556.77,65591.79,329
2026-08-19T04:10:00+00:00,65591.79,65646.79,65551.78,65561.79,407
2026-08-19T04:15:00+00:00,65561.79,65566.29,65491.79,65496.78,551
2026-08-19T04:20:00+00:00,65496.78,65576.29,65471.78,65486.78,703
2026-08-19T04:25:00+00:00,65486.78,65601.29,65481.77,65566.78,443
2026-08-19T04:30:00+00:00,65566.78,65603.77,65406.77,65416.77,560
2026-08-19T04:35:00+00:00,65416.77,65426.28,65276.77,65276.78,425
2026-08-19T04:40:00+00:00,65276.78,65296.29,65191.78,65236.79,569
2026-08-19T04:45:00+00:00,65236.79,65326.28,65191.78,65198.78,471
2026-08-19T04:50:00+00:00,65198.78,65241.79,65156.77,65216.79,503
2026-08-19T04:55:00+00:00,65216.79,65366.29,65186.77,65351.77,495
2026-08-19T05:00:00+00:00,65351.77,65596.79,65351.77,65576.79,978
2026-08-19T05:05:00+00:00,65576.79,65581.79,65431.78,65476.78,596
2026-08-19T05:10:00+00:00,65476.78,65531.78,65306.78,65341.79,556
2026-08-19T05:15:00+00:00,65341.79,65391.78,65261.77,65291.77,600
2026-08-19T05:20:00+00:00,65291.77,65413.77,65286.77,65376.79,746
2026-08-19T05:25:00+00:00,65376.79,65481.27,65346.79,65461.78,614
2026-08-19T05:30:00+00:00,65461.78,65486.28,65341.77,65341.77,510
2026-08-19T05:35:00+00:00,65341.77,65356.78,65246.77,65276.28,496
2026-08-19T05:40:00+00:00,65276.28,65311.29,65221.77,65306.77,600
2026-08-19T05:45:00+00:00,65306.77,65331.77,65251.77,65326.77,303
2026-08-19T05:50:00+00:00,65326.77,65346.79,65281.78,65291.79,342
2026-08-19T05:55:00+00:00,65291.79,65376.79,65271.77,65371.77,289
2026-08-19T06:00:00+00:00,65371.77,65391.79,65301.78,65371.28,546
2026-08-19T06:05:00+00:00,65371.28,65396.29,65326.27,65346.78,388
2026-08-19T06:10:00+00:00,65346.78,65396.28,65296.28,65323.79,275
2026-08-19T06:15:00+00:00,65323.79,65468.79,65306.77,65451.28,475
2026-08-19T06:20:00+00:00,65451.28,65503.78,65441.77,65481.28,455
2026-08-19T06:25:00+00:00,65481.28,65501.27,65301.27,65421.28,805
2026-08-19T06:30:00+00:00,65421.28,65443.79,65321.78,65396.27,842
2026-08-19T06:35:00+00:00,65396.27,65461.28,65376.77,65451.28,360
2026-08-19T06:40:00+00:00,65451.28,65478.77,65361.77,65478.77,181
2026-08-19T06:45:00+00:00,65478.77,65666.79,65478.77,65651.79,272
2026-08-19T06:50:00+00:00,65651.79,65721.28,65646.77,65711.78,158
2026-08-19T06:55:00+00:00,65711.78,65861.27,65711.78,65841.77,186
2026-08-19T07:00:00+00:00,65841.77,65846.28,65686.77,65736.27,381
2026-08-19T07:05:00+00:00,65736.27,65856.29,65706.78,65821.78,242
2026-08-19T07:10:00+00:00,65821.78,65861.77,65796.79,65816.78,206
2026-08-19T07:15:00+00:00,65816.78,65821.78,65746.77,65796.77,186
2026-08-19T07:20:00+00:00,65796.77,65861.29,65796.77,65856.28,175
2026-08-19T07:25:00+00:00,65856.28,65863.79,65806.78,65846.79,190
2026-08-19T07:30:00+00:00,65846.79,65893.78,65831.77,65866.79,167
2026-08-19T07:35:00+00:00,65866.79,65881.27,65806.79,65828.77,138
2026-08-19T07:40:00+00:00,65828.77,65841.28,65786.79,65806.79,186
2026-08-19T07:45:00+00:00,65806.79,65871.28,65806.79,65851.78,197
2026-08-19T07:50:00+00:00,65851.78,65893.77,65841.77,65893.77,159
2026-08-19T07:55:00+00:00,65893.77,66008.79,65876.79,66001.78,247
2026-08-19T08:00:00+00:00,66001.78,66181.79,65871.79,66171.78,1077
2026-08-19T08:05:00+00:00,66171.78,66326.28,66166.77,66321.29,552
2026-08-19T08:10:00+00:00,66321.29,66361.29,66231.78,66251.29,460
2026-08-19T08:15:00+00:00,66251.29,66271.29,66176.78,66268.78,467
2026-08-19T08:20:00+00:00,66268.78,66313.79,66211.29,66278.78,395
2026-08-19T08:25:00+00:00,66278.78,66296.29,66208.78,66296.29,314
2026-08-19T08:30:00+00:00,66296.29,66346.29,66266.79,66308.78,284
2026-08-19T08:35:00+00:00,66308.78,66358.79,66286.77,66331.79,227
2026-08-19T08:40:00+00:00,66331.79,66398.79,66326.79,66383.78,252
2026-08-19T08:45:00+00:00,66383.78,66403.77,66343.78,66378.77,280
2026-08-19T08:50:00+00:00,66378.77,66391.28,66328.79,66378.79,296
2026-08-19T08:55:00+00:00,66378.79,66386.27,66293.79,66296.28,256
2026-08-19T09:00:00+00:00,66296.28,66356.27,66241.27,66336.27,522
2026-08-19T09:05:00+00:00,66336.27,66378.78,66278.77,66291.27,418
2026-08-19T09:10:00+00:00,66291.27,66331.28,66246.77,66248.79,280
2026-08-19T09:15:00+00:00,66248.79,66251.27,66171.28,66206.29,335
2026-08-19T09:20:00+00:00,66206.29,66213.77,66171.79,66181.78,278
2026-08-19T09:25:00+00:00,66181.78,66186.28,66111.78,66116.27,268
2026-08-19T09:30:00+00:00,66116.27,66211.28,66111.78,66201.78,353
2026-08-19T09:35:00+00:00,66201.78,66221.28,66166.77,66201.78,359
2026-08-19T09:40:00+00:00,66201.78,66276.28,66171.79,66181.77,431
2026-08-19T09:45:00+00:00,66181.77,66246.28,66166.77,66243.78,342
2026-08-19T09:50:00+00:00,66243.78,66243.79,66171.79,66213.77,256
2026-08-19T09:55:00+00:00,66213.77,66231.27,66171.77,66223.79,245
2026-08-19T10:00:00+00:00,66223.79,66241.28,66166.27,66178.79,513
2026-08-19T10:05:00+00:00,66178.79,66226.28,66163.77,66196.28,345
2026-08-19T10:10:00+00:00,66196.28,66273.79,66163.77,66268.79,364
2026-08-19T10:15:00+00:00,66268.79,66268.79,66206.28,66233.78,379
2026-08-19T10:20:00+00:00,66233.78,66233.78,66161.28,66191.29,362
2026-08-19T10:25:00+00:00,66191.29,66266.27,66171.29,66251.29,276
2026-08-19T10:30:00+00:00,66251.29,66256.28,66211.79,66228.79,281
2026-08-19T10:35:00+00:00,66228.79,66256.29,66213.77,66243.78,335
2026-08-19T10:40:00+00:00,66243.78,66251.29,66193.77,66206.27,300
2026-08-19T10:45:00+00:00,66206.27,66271.29,66191.77,66223.79,292
2026-08-19T10:50:00+00:00,66223.79,66238.78,66151.77,66161.27,237
2026-08-19T10:55:00+00:00,66161.27,66161.29,66111.77,66146.29,298
2026-08-19T11:00:00+00:00,66146.29,66226.29,66116.27,66196.27,815
2026-08-19T11:05:00+00:00,66196.27,66271.29,66186.27,66191.27,467
2026-08-19T11:10:00+00:00,66191.27,66203.79,66161.78,66173.77,430
2026-08-19T11:15:00+00:00,66173.77,66176.27,66128.78,66156.27,419
2026-08-19T11:20:00+00:00,66156.27,66203.79,66121.79,66188.77,423
2026-08-19T11:25:00+00:00,66188.77,66211.27,66101.29,66111.29,380
2026-08-19T11:30:00+00:00,66111.29,66121.29,66041.77,66056.28,359
2026-08-19T11:35:00+00:00,66056.28,66081.27,66046.78,66071.28,243
2026-08-19T11:40:00+00:00,66071.28,66081.28,66016.77,66031.79,299
2026-08-19T11:45:00+00:00,66031.79,66071.28,65991.78,66031.29,324
2026-08-19T11:50:00+00:00,66031.29,66051.27,66006.78,66036.29,238
2026-08-19T11:55:00+00:00,66036.29,66106.29,66031.79,66106.29,195
2026-08-19T12:00:00+00:00,66106.29,66168.78,66031.27,66096.77,426
2026-08-19T12:05:00+00:00,66096.77,66213.79,66096.77,66191.29,339
2026-08-19T12:10:00+00:00,66191.29,66203.78,66156.28,66186.28,421
2026-08-19T12:15:00+00:00,66186.28,66221.29,66181.77,66201.28,259
2026-08-19T12:20:00+00:00,66201.28,66246.27,66181.27,66196.77,392
2026-08-19T12:25:00+00:00,66196.77,66266.27,66181.27,66221.27,494
2026-08-19T12:30:00+00:00,66221.27,66333.79,66166.27,66306.27,1124
2026-08-19T12:35:00+00:00,66306.27,66491.27,66241.28,66436.77,1247
2026-08-19T12:40:00+00:00,66436.77,66541.27,66421.78,66496.27,1103
2026-08-19T12:45:00+00:00,66496.27,66566.28,66486.77,66561.77,873
2026-08-19T12:50:00+00:00,66561.77,66676.29,66556.77,66671.77,741
2026-08-19T12:55:00+00:00,66671.77,66731.28,66601.77,66731.27,689
2026-08-19T13:00:00+00:00,66731.27,66731.29,66616.77,66696.29,659
2026-08-19T13:05:00+00:00,66696.29,66801.29,66681.77,66786.78,500
2026-08-19T13:10:00+00:00,66786.78,66896.29,66781.77,66856.77,470
2026-08-19T13:15:00+00:00,66856.77,66866.77,66746.77,66756.28,521
2026-08-19T13:20:00+00:00,66756.28,66841.29,66706.77,66826.78,551
2026-08-19T13:25:00+00:00,66826.78,66826.78,66726.77,66731.78,660
2026-08-19T13:30:00+00:00,66731.78,66811.29,66621.77,66641.79,2986
2026-08-19T13:35:00+00:00,66641.79,66671.29,66486.77,66493.79,2274
2026-08-19T13:40:00+00:00,66493.79,66621.27,66461.77,66601.77,2344
2026-08-19T13:45:00+00:00,66601.77,66646.29,66251.78,66281.27,2214
2026-08-19T13:50:00+00:00,66281.27,66301.28,66106.77,66196.29,2158
2026-08-19T13:55:00+00:00,66196.29,66346.27,66151.77,66296.78,2634
2026-08-19T14:00:00+00:00,66296.78,66363.78,66166.77,66231.27,2680
2026-08-19T14:05:00+00:00,66231.27,66346.29,66121.77,66146.79,2446
2026-08-19T14:10:00+00:00,66146.79,66166.29,65956.77,65961.77,1906
2026-08-19T14:15:00+00:00,65961.77,66038.79,65866.77,65866.77,2048
2026-08-19T14:20:00+00:00,65866.77,65966.28,65756.78,65881.77,1994
2026-08-19T14:25:00+00:00,65881.77,66141.29,65826.79,66136.27,1707
2026-08-19T14:30:00+00:00,66136.27,66216.29,66086.79,66191.27,1226
2026-08-19T14:35:00+00:00,66191.27,66351.29,66161.77,66346.27,669
2026-08-19T14:40:00+00:00,66346.27,66371.28,66206.77,66256.78,728
2026-08-19T14:45:00+00:00,66256.78,66286.28,66201.77,66216.79,714
2026-08-19T14:50:00+00:00,66216.79,66326.29,66196.77,66311.27,703
2026-08-19T14:55:00+00:00,66311.27,66391.28,66281.77,66381.78,375
2026-08-19T15:00:00+00:00,66381.78,66396.28,66241.77,66241.77,474
2026-08-19T15:05:00+00:00,66241.77,66316.29,66226.77,66281.29,665
2026-08-19T15:10:00+00:00,66281.29,66351.28,66256.79,66328.79,677
2026-08-19T15:15:00+00:00,66328.79,66331.27,66246.27,66256.78,585
2026-08-19T15:20:00+00:00,66256.78,66286.29,66231.27,66233.79,662
2026-08-19T15:25:00+00:00,66233.79,66281.28,66216.27,66261.78,581
2026-08-19T15:30:00+00:00,66261.78,66281.29,66191.77,66203.78,454
2026-08-19T15:35:00+00:00,66203.78,66226.28,66146.77,66188.79,527
2026-08-19T15:40:00+00:00,66188.79,66201.28,66106.77,66196.28,372
2026-08-19T15:45:00+00:00,66196.28,66266.29,66171.77,66206.27,465
2026-08-19T15:50:00+00:00,66206.27,66221.29,66131.77,66141.77,451
2026-08-19T15:55:00+00:00,66141.77,66211.28,66136.77,66206.28,278
2026-08-19T16:00:00+00:00,66206.28,66273.79,66156.77,66261.79,549
2026-08-19T16:05:00+00:00,66261.79,66326.29,66261.28,66321.79,278
2026-08-19T16:10:00+00:00,66321.79,66331.29,66283.78,66283.78,333
2026-08-19T16:15:00+00:00,66283.78,66311.29,66268.77,66268.78,312
2026-08-19T16:20:00+00:00,66268.78,66278.79,66186.77,66196.27,282
2026-08-19T16:25:00+00:00,66196.27,66196.29,66101.77,66111.79,261
2026-08-19T16:30:00+00:00,66111.79,66141.27,66101.28,66131.79,387
2026-08-19T16:35:00+00:00,66131.79,66181.27,66101.77,66161.29,258
2026-08-19T16:40:00+00:00,66161.29,66186.28,66141.78,66166.29,129
2026-08-19T16:45:00+00:00,66166.29,66178.79,66131.77,66153.77,261
2026-08-19T16:50:00+00:00,66153.77,66153.77,66093.77,66126.29,276
2026-08-19T16:55:00+00:00,66126.29,66128.79,66081.77,66086.77,177
2026-08-19T17:00:00+00:00,66086.77,66111.28,66061.79,66071.79,330
2026-08-19T17:05:00+00:00,66071.79,66101.29,66051.27,66051.27,378
2026-08-19T17:10:00+00:00,66051.27,66091.29,66046.27,66066.28,278
2026-08-19T17:15:00+00:00,66066.28,66076.29,66006.77,66011.29,193
2026-08-19T17:20:00+00:00,66011.29,66016.29,65976.77,66001.29,293
2026-08-19T17:25:00+00:00,66001.29,66031.29,65991.77,66031.29,273
2026-08-19T17:30:00+00:00,66031.29,66036.28,65966.78,65966.78,308
2026-08-19T17:35:00+00:00,65966.78,66026.27,65946.77,65951.29,285
2026-08-19T17:40:00+00:00,65951.29,65991.27,65931.77,65936.29,259
2026-08-19T17:45:00+00:00,65936.29,65966.29,65916.77,65936.29,267
2026-08-19T17:50:00+00:00,65936.29,65968.78,65921.77,65931.28,166
2026-08-19T17:55:00+00:00,65931.28,65953.77,65901.77,65941.79,123
2026-08-19T18:00:00+00:00,65941.79,65981.28,65901.78,65921.28,749
2026-08-19T18:05:00+00:00,65921.28,65921.29,65776.29,65781.79,811
2026-08-19T18:10:00+00:00,65781.79,65861.27,65756.77,65826.29,322
2026-08-19T18:15:00+00:00,65826.29,65846.28,65741.78,65811.27,237
2026-08-19T18:20:00+00:00,65811.27,65848.77,65801.28,65831.28,413
2026-08-19T18:25:00+00:00,65831.28,65901.29,65823.79,65901.27,466
2026-08-19T18:30:00+00:00,65901.27,65996.29,65901.27,65961.77,482
2026-08-19T18:35:00+00:00,65961.77,65971.29,65881.78,65906.27,401
2026-08-19T18:40:00+00:00,65906.27,65953.78,65906.27,65951.27,405
2026-08-19T18:45:00+00:00,65951.27,65951.29,65896.79,65931.29,313
2026-08-19T18:50:00+00:00,65931.29,65951.27,65901.77,65931.28,333
2026-08-19T18:55:00+00:00,65931.28,65931.29,65886.27,65916.29,270
2026-08-19T19:00:00+00:00,65916.29,65951.29,65901.27,65926.28,418
2026-08-19T19:05:00+00:00,65926.28,65966.29,65916.77,65961.27,371
2026-08-19T19:10:00+00:00,65961.27,65966.29,65926.27,65941.29,303
2026-08-19T19:15:00+00:00,65941.29,65966.28,65926.28,65958.79,305
2026-08-19T19:20:00+00:00,65958.79,65978.78,65916.27,65961.28,356
2026-08-19T19:25:00+00:00,65961.28,65986.29,65931.28,65933.78,275
2026-08-19T19:30:00+00:00,65933.78,65981.29,65911.78,65958.78,488
2026-08-19T19:35:00+00:00,65958.78,65961.29,65856.27,65856.27,515
2026-08-19T19:40:00+00:00,65856.27,65911.29,65856.27,65876.28,321
2026-08-19T19:45:00+00:00,65876.28,65886.29,65851.27,65881.29,481
2026-08-19T19:50:00+00:00,65881.29,65923.79,65846.27,65906.27,492
2026-08-19T19:55:00+00:00,65906.27,66013.79,65881.28,65973.77,677
2026-08-19T20:00:00+00:00,65973.77,66006.29,65943.78,65986.29,190
2026-08-19T20:05:00+00:00,65986.29,66036.29,65951.77,66021.28,112
2026-08-19T20:10:00+00:00,66021.28,66031.29,65968.78,65968.79,83
2026-08-19T20:15:00+00:00,65968.79,65976.28,65946.27,65951.78,35
2026-08-19T20:20:00+00:00,65951.78,65961.79,65946.77,65961.78,52
2026-08-19T20:25:00+00:00,65961.78,66006.29,65961.78,66006.27,34
2026-08-19T20:30:00+00:00,66006.27,66016.29,65996.79,66006.29,41
2026-08-19T20:35:00+00:00,66006.29,66011.29,65998.79,66003.79,25
2026-08-19T20:40:00+00:00,66003.79,66016.29,65991.28,66011.79,32
2026-08-19T20:45:00+00:00,66011.79,66021.29,65986.77,65991.78,52
2026-08-19T20:50:00+00:00,65991.78,66151.29,65986.77,66126.77,227
2026-08-19T20:55:00+00:00,66126.77,66241.28,66126.77,66226.27,102
2026-08-19T22:00:00+00:00,66226.27,66294.85,66179.85,66294.85,25
2026-08-19T22:05:00+00:00,66294.85,66314.86,66264.85,66289.86,44
2026-08-19T22:10:00+00:00,66289.86,66359.86,66274.84,66344.86,30
2026-08-19T22:15:00+00:00,66344.86,66344.86,66309.85,66309.85,9
2026-08-19T22:20:00+00:00,66309.85,66371.86,66294.86,66354.86,29
2026-08-19T22:25:00+00:00,66354.86,66354.86,66324.85,66329.85,16
2026-08-19T22:30:00+00:00,66329.85,66336.86,66324.84,66324.85,11
2026-08-19T22:35:00+00:00,66324.85,66369.36,66324.84,66364.85,21
2026-08-19T22:40:00+00:00,66364.85,66369.86,66344.84,66346.84,9
2026-08-19T22:45:00+00:00,66346.84,66369.36,66344.84,66354.86,16
2026-08-19T22:50:00+00:00,66354.86,66404.86,66354.85,66384.86,17
2026-08-19T22:55:00+00:00,66384.86,66384.86,66369.84,66379.86,16
2026-08-19T23:00:00+00:00,66379.86,66444.86,66354.84,66379.86,89
2026-08-19T23:05:00+00:00,66379.86,66524.86,66374.84,66524.86,56
2026-08-19T23:10:00+00:00,66524.86,66534.84,66489.84,66504.85,50
2026-08-19T23:15:00+00:00,66504.85,66544.84,66499.84,66504.84,28
2026-08-19T23:20:00+00:00,66504.84,66504.86,66459.84,66484.84,49
2026-08-19T23:25:00+00:00,66484.84,66524.85,66469.84,66469.84,38
2026-08-19T23:30:00+00:00,66469.84,66489.36,66364.85,66389.85,147
2026-08-19T23:35:00+00:00,66389.85,66429.86,66369.84,66409.36,74
2026-08-19T23:40:00+00:00,66409.36,66434.85,66364.84,66394.34,82
2026-08-19T23:45:00+00:00,66394.34,66419.84,66214.86,66219.86,718
2026-08-19T23:50:00+00:00,66219.86,66289.86,66119.84,66164.84,298
2026-08-19T23:55:00+00:00,66164.84,66169.86,66069.84,66074.84,397
2026-08-20T00:00:00+00:00,66074.84,66074.86,65669.85,65769.86,2853
2026-08-20T00:05:00+00:00,65769.86,65904.86,65664.84,65739.84,776
2026-08-20T00:10:00+00:00,65739.84,65899.84,65654.84,65899.84,664
2026-08-20T00:15:00+00:00,65899.84,66169.86,65899.84,66159.84,1541
2026-08-20T00:20:00+00:00,66159.84,66239.36,65999.85,66054.85,1148
2026-08-20T00:25:00+00:00,66054.85,66084.84,65939.84,66019.85,899
2026-08-20T00:30:00+00:00,66019.85,66079.85,65819.84,66069.85,985
2026-08-20T00:35:00+00:00,66069.85,66204.36,65989.84,66184.34,800
2026-08-20T00:40:00+00:00,66184.34,66234.36,66054.84,66059.84,784
2026-08-20T00:45:00+00:00,66059.84,66169.85,66034.85,66039.84,963
2026-08-20T00:50:00+00:00,66039.84,66264.34,66039.84,66249.85,584
2026-08-20T00:55:00+00:00,66249.85,66269.85,66199.85,66254.86,433
2026-08-20T01:00:00+00:00,66254.86,66319.86,66234.84,66294.36,644
2026-08-20T01:05:00+00:00,66294.36,66339.86,66234.84,66269.86,456
2026-08-20T01:10:00+00:00,66269.86,66289.86,66164.86,66164.86,838
2026-08-20T01:15:00+00:00,66164.86,66234.86,66064.84,66209.86,899
2026-08-20T01:20:00+00:00,66209.86,66214.85,65979.84,66034.84,939
2026-08-20T01:25:00+00:00,66034.84,66069.36,65924.86,65974.35,1106
2026-08-20T01:30:00+00:00,65974.35,66044.35,65879.84,65969.85,1021
2026-08-20T01:35:00+00:00,65969.85,66084.34,65954.84,66084.34,701
2026-08-20T01:40:00+00:00,66084.34,66204.36,66069.84,66149.85,516
2026-08-20T01:45:00+00:00,66149.85,66189.35,66054.84,66144.85,628
2026-08-20T01:50:00+00:00,66144.85,66199.36,66039.85,66129.85,510
2026-08-20T01:55:00+00:00,66129.85,66129.85,65949.84,66034.84,651
2026-08-20T02:00:00+00:00,66034.84,66099.35,65994.85,66029.85,720
2026-08-20T02:05:00+00:00,66029.85,66069.36,65949.86,65954.86,596
2026-08-20T02:10:00+00:00,65954.86,66034.36,65954.84,66029.35,423
2026-08-20T02:15:00+00:00,66029.35,66034.35,65929.86,65999.86,430
2026-08-20T02:20:00+00:00,65999.86,66009.35,65869.84,65914.86,426
2026-08-20T02:25:00+00:00,65914.86,66019.86,65889.84,65989.84,550
2026-08-20T02:30:00+00:00,65989.84,66074.34,65869.86,66074.34,420
2026-08-20T02:35:00+00:00,66074.34,66084.36,65974.84,66029.84,394
2026-08-20T02:40:00+00:00,66029.84,66054.34,66009.84,66044.86,324
2026-08-20T02:45:00+00:00,66044.86,66069.36,65959.86,65964.84,371
2026-08-20T02:50:00+00:00,65964.84,65974.34,65904.84,65919.86,304
2026-08-20T02:55:00+00:00,65919.86,66024.34,65904.85,65999.85,338
2026-08-20T03:00:00+00:00,65999.85,66064.36,65964.84,66024.84,357
2026-08-20T03:05:00+00:00,66024.84,66089.35,66024.84,66049.84,244
2026-08-20T03:10:00+00:00,66049.84,66049.85,65949.84,66014.86,351
2026-08-20T03:15:00+00:00,66014.86,66079.35,65999.86,66059.85,198
2026-08-20T03:20:00+00:00,66059.85,66094.34,66019.86,66024.85,182
2026-08-20T03:25:00+00:00,66024.85,66029.84,65954.86,65964.36,280
2026-08-20T03:30:00+00:00,65964.36,65964.36,65814.85,65829.36,471
2026-08-20T03:35:00+00:00,65829.36,65844.85,65779.84,65819.35,505
2026-08-20T03:40:00+00:00,65819.35,65869.84,65744.85,65849.85,506
2026-08-20T03:45:00+00:00,65849.85,65909.34,65799.85,65894.85,334
2026-08-20T03:50:00+00:00,65894.85,65969.34,65874.84,65899.34,277
2026-08-20T03:55:00+00:00,65899.34,65939.35,65879.85,65894.84,250
2026-08-20T04:00:00+00:00,65894.84,66019.86,65864.84,66014.86,367
2026-08-20T04:05:00+00:00,66014.86,66099.35,65999.85,66099.35,218
2026-08-20T04:10:00+00:00,66099.35,66119.36,66084.84,66099.85,175
2026-08-20T04:15:00+00:00,66099.85,66154.35,66039.84,66149.34,328
2026-08-20T04:20:00+00:00,66149.34,66149.34,66039.84,66049.84,308
2026-08-20T04:25:00+00:00,66049.84,66159.36,66049.84,66139.34,266
2026-08-20T04:30:00+00:00,66139.34,66139.36,66049.85,66104.84,377
2026-08-20T04:35:00+00:00,66104.84,66124.36,66069.85,66084.86,326
2026-08-20T04:40:00+00:00,66084.86,66169.36,66084.84,66164.84,194
2026-08-20T04:45:00+00:00,66164.84,66199.36,66159.84,66189.34,183
2026-08-20T04:50:00+00:00,66189.34,66244.35,66184.84,66194.35,156
2026-08-20T04:55:00+00:00,66194.35,66204.84,66124.84,66179.35,176
2026-08-20T05:00:00+00:00,66179.35,66219.86,66154.84,66184.86,361
2026-08-20T05:05:00+00:00,66184.86,66189.85,66129.86,66149.36,356
2026-08-20T05:10:00+00:00,66149.36,66154.34,66079.84,66094.85,283
2026-08-20T05:15:00+00:00,66094.85,66209.34,66069.84,66199.36,337
2026-08-20T05:20:00+00:00,66199.36,66219.84,66154.84,66219.84,260
2026-08-20T05:25:00+00:00,66219.84,66254.36,66174.86,66179.84,341
2026-08-20T05:30:00+00:00,66179.84,66249.35,66159.84,66239.85,386
2026-08-20T05:35:00+00:00,66239.85,66244.36,66174.84,66194.85,205
2026-08-20T05:40:00+00:00,66194.85,66289.86,66184.84,66249.85,187
2026-08-20T05:45:00+00:00,66249.85,66249.85,66149.85,66184.86,176
2026-08-20T05:50:00+00:00,66184.86,66189.85,66079.85,66084.86,208
2026-08-20T05:55:00+00:00,66084.86,66124.36,66074.84,66109.85,191
2026-08-20T06:00:00+00:00,66109.85,66179.35,66089.84,66134.35,269
2026-08-20T06:05:00+00:00,66134.35,66254.35,66129.85,66251.86,230
2026-08-20T06:10:00+00:00,66251.86,66271.85,66199.84,66256.84,237
2026-08-20T06:15:00+00:00,66256.84,66256.84,66169.36,66214.34,182
2026-08-20T06:20:00+00:00,66214.34,66214.34,66161.86,66196.84,178
2026-08-20T06:25:00+00:00,66196.84,66304.36,66196.84,66291.86,384
2026-08-20T06:30:00+00:00,66291.86,66384.36,66214.85,66371.85,501
2026-08-20T06:35:00+00:00,66371.85,66384.35,66289.35,66309.34,253
2026-08-20T06:40:00+00:00,66309.34,66379.35,66301.85,66364.35,166
2026-08-20T06:45:00+00:00,66364.35,66379.36,66344.34,66351.86,82
2026-08-20T06:50:00+00:00,66351.86,66366.84,66344.34,66356.84,100
2026-08-20T06:55:00+00:00,66356.84,66356.84,66304.35,66304.35,74
2026-08-20T07:00:00+00:00,66304.35,66304.35,66094.84,66114.85,302
2026-08-20T07:05:00+00:00,66114.85,66204.35,66099.86,66164.35,200
2026-08-20T07:10:00+00:00,66164.35,66199.36,66054.85,66069.35,250
2026-08-20T07:15:00+00:00,66069.35,66106.85,66034.84,66064.35,205
2026-08-20T07:20:00+00:00,66064.35,66099.35,66004.84,66019.36,200
2026-08-20T07:25:00+00:00,66019.36,66079.36,65979.84,66054.34,136
2026-08-20T07:30:00+00:00,66054.34,66089.35,65984.84,66066.85,232
2026-08-20T07:35:00+00:00,66066.85,66114.35,66029.34,66041.84,128
2026-08-20T07:40:00+00:00,66041.84,66071.86,66014.34,66034.34,154
2026-08-20T07:45:00+00:00,66034.34,66064.36,65989.35,66056.86,129
2026-08-20T07:50:00+00:00,66056.86,66056.86,65976.85,65976.85,151
2026-08-20T07:55:00+00:00,65976.85,66004.36,65914.34,65919.35,243
2026-08-20T08:00:00+00:00,65919.35,66066.86,65849.86,65934.34,943
2026-08-20T08:05:00+00:00,65934.34,66004.34,65904.86,65934.36,601
2026-08-20T08:10:00+00:00,65934.36,65979.36,65859.36,65974.36,651
2026-08-20T08:15:00+00:00,65974.36,66036.84,65924.84,65951.86,471
2026-08-20T08:20:00+00:00,65951.86,65971.84,65849.34,65869.34,678
2026-08-20T08:25:00+00:00,65869.34,65896.85,65834.35,65846.86,544
2026-08-20T08:30:00+00:00,65846.86,65854.34,65741.84,65744.36,654
2026-08-20T08:35:00+00:00,65744.36,65889.36,65731.84,65884.36,495
2026-08-20T08:40:00+00:00,65884.36,65904.36,65816.84,65816.86,429
2026-08-20T08:45:00+00:00,65816.86,65839.35,65754.86,65796.85,556
2026-08-20T08:50:00+00:00,65796.85,65866.85,65796.84,65844.35,367
2026-08-20T08:55:00+00:00,65844.35,65844.36,65756.85,65771.85,413
2026-08-20T09:00:00+00:00,65771.85,65874.36,65739.34,65869.85,466
2026-08-20T09:05:00+00:00,65869.85,65929.34,65844.35,65844.85,440
2026-08-20T09:10:00+00:00,65844.85,65859.34,65749.35,65826.84,367
2026-08-20T09:15:00+00:00,65826.84,65851.86,65796.85,65814.34,379
2026-08-20T09:20:00+00:00,65814.34,65841.84,65776.84,65839.36,324
2026-08-20T09:25:00+00:00,65839.36,65901.85,65831.84,65854.36,254
2026-08-20T09:30:00+00:00,65854.36,65874.34,65749.34,65759.35,319
2026-08-20T09:35:00+00:00,65759.35,65814.36,65744.84,65809.35,366
2026-08-20T09:40:00+00:00,65809.35,65869.34,65796.84,65864.36,419
2026-08-20T09:45:00+00:00,65864.36,65899.35,65854.34,65854.35,309
2026-08-20T09:50:00+00:00,65854.35,65876.86,65794.84,65864.35,395
2026-08-20T09:55:00+00:00,65864.35,65894.36,65849.85,65869.35,261
2026-08-20T10:00:00+00:00,65869.35,65896.86,65806.84,65876.86,510
2026-08-20T10:05:00+00:00,65876.86,65919.36,65844.84,65871.86,272
2026-08-20T10:10:00+00:00,65871.86,65936.84,65856.86,65929.35,291
2026-08-20T10:15:00+00:00,65929.35,65929.36,65816.86,65829.34,344
2026-08-20T10:20:00+00:00,65829.34,65874.35,65809.86,65869.34,210
2026-08-20T10:25:00+00:00,65869.34,65876.85,65801.85,65824.36,467
2026-08-20T10:30:00+00:00,65824.36,65876.85,65791.86,65799.35,334
2026-08-20T10:35:00+00:00,65799.35,65856.86,65761.84,65764.34,654
2026-08-20T10:40:00+00:00,65764.34,65784.36,65741.85,65766.86,309
2026-08-20T10:45:00+00:00,65766.86,65909.36,65766.86,65904.36,272
2026-08-20T10:50:00+00:00,65904.36,65919.35,65849.36,65849.36,217
2026-08-20T10:55:00+00:00,65849.36,65926.86,65844.35,65924.35,208
2026-08-20T11:00:00+00:00,65924.35,65974.34,65831.85,65874.35,1217
2026-08-20T11:05:00+00:00,65874.35,65874.35,65766.84,65796.86,589
2026-08-20T11:10:00+00:00,65796.86,65806.84,65711.84,65789.34,476
2026-08-20T11:15:00+00:00,65789.34,65801.86,65726.85,65726.85,294
2026-08-20T11:20:00+00:00,65726.85,65726.85,65634.36,65649.34,526
2026-08-20T11:25:00+00:00,65649.34,65674.36,65521.84,65521.84,390
2026-08-20T11:30:00+00:00,65521.84,65586.86,65511.84,65546.85,504
2026-08-20T11:35:00+00:00,65546.85,65629.36,65526.84,65624.35,453
2026-08-20T11:40:00+00:00,65624.35,65636.85,65519.35,65591.84,554
2026-08-20T11:45:00+00:00,65591.84,65601.85,65479.35,65519.34,706
2026-08-20T11:50:00+00:00,65519.34,65541.85,65474.36,65476.85,480
2026-08-20T11:55:00+00:00,65476.85,65499.36,65414.34,65441.85,497
2026-08-20T12:00:00+00:00,65441.85,65474.34,65269.86,65299.35,694
2026-08-20T12:05:00+00:00,65299.35,65324.36,65199.34,65216.86,985
2026-08-20T12:10:00+00:00,65216.86,65234.35,65129.35,65179.34,717
2026-08-20T12:15:00+00:00,65179.34,65246.86,65116.86,65139.34,810
2026-08-20T12:20:00+00:00,65139.34,65229.35,65074.35,65204.36,787
2026-08-20T12:25:00+00:00,65204.36,65209.34,65094.84,65114.84,443
2026-08-20T12:30:00+00:00,65114.84,65124.86,64971.84,64974.35,529
2026-08-20T12:35:00+00:00,64974.35,65029.36,64889.35,65029.34,610
2026-08-20T12:40:00+00:00,65029.34,65216.85,65014.34,65186.86,519
2026-08-20T12:45:00+00:00,65186.86,65276.86,65169.85,65271.86,374
2026-08-20T12:50:00+00:00,65271.86,65329.36,65264.86,65314.85,259
2026-08-20T12:55:00+00:00,65314.85,65359.36,65269.84,65334.84,299
2026-08-20T13:00:00+00:00,65334.84,65409.36,65314.84,65379.85,446
2026-08-20T13:05:00+00:00,65379.85,65409.35,65309.36,65319.36,356
2026-08-20T13:10:00+00:00,65319.36,65319.36,65274.84,65304.85,308
2026-08-20T13:15:00+00:00,65304.85,65359.36,65294.84,65319.34,361
2026-08-20T13:20:00+00:00,65319.34,65339.36,65289.84,65329.84,301
2026-08-20T13:25:00+00:00,65329.84,65379.36,65309.84,65369.34,362
2026-08-20T13:30:00+00:00,65369.34,65574.35,65364.86,65519.34,1539
2026-08-20T13:35:00+00:00,65519.34,65779.36,65484.34,65684.84,1676
2026-08-20T13:40:00+00:00,65684.84,65769.35,65609.85,65714.84,1628
2026-08-20T13:45:00+00:00,65714.84,65739.86,65514.84,65574.85,1614
2026-08-20T13:50:00+00:00,65574.85,65584.86,65419.86,65529.84,1575
2026-08-20T13:55:00+00:00,65529.84,65626.84,65479.86,65549.84,1561
2026-08-20T14:00:00+00:00,65549.84,65674.35,65539.84,65574.34,1790
2026-08-20T14:05:00+00:00,65574.34,65674.85,65544.84,65674.85,1398
2026-08-20T14:10:00+00:00,65674.85,65729.34,65614.84,65629.36,1056
2026-08-20T14:15:00+00:00,65629.36,65659.35,65469.84,65469.84,1176
2026-08-20T14:20:00+00:00,65469.84,65744.85,65459.86,65709.86,1468
2026-08-20T14:25:00+00:00,65709.86,65724.85,65604.84,65649.34,932
2026-08-20T14:30:00+00:00,65649.34,65769.36,65629.86,65664.34,764
2026-08-20T14:35:00+00:00,65664.34,65839.36,65634.85,65836.86,630
2026-08-20T14:40:00+00:00,65836.86,65841.84,65749.84,65809.34,597
2026-08-20T14:45:00+00:00,65809.34,65819.34,65719.84,65724.35,552
2026-08-20T14:50:00+00:00,65724.35,65789.36,65694.85,65719.36,485
2026-08-20T14:55:00+00:00,65719.36,65799.34,65719.35,65789.36,510
2026-08-20T15:00:00+00:00,65789.36,65984.35,65764.86,65934.84,1184
2026-08-20T15:05:00+00:00,65934.84,65939.34,65739.84,65779.85,1044
2026-08-20T15:10:00+00:00,65779.85,65859.35,65729.84,65819.86,958
2026-08-20T15:15:00+00:00,65819.86,65859.35,65789.84,65804.84,769
2026-08-20T15:20:00+00:00,65804.84,65814.86,65619.85,65639.84,894
2026-08-20T15:25:00+00:00,65639.84,65709.36,65619.84,65699.86,819
2026-08-20T15:30:00+00:00,65699.86,65719.85,65554.34,65574.84,855
2026-08-20T15:35:00+00:00,65574.84,65599.36,65509.84,65509.86,656
2026-08-20T15:40:00+00:00,65509.86,65566.86,65504.84,65509.36,353
2026-08-20T15:45:00+00:00,65509.36,65594.36,65484.85,65559.86,478
2026-08-20T15:50:00+00:00,65559.86,65694.36,65549.85,65684.85,511
2026-08-20T15:55:00+00:00,65684.85,65689.86,65654.84,65674.86,536
2026-08-20T16:00:00+00:00,65674.86,65719.35,65624.84,65639.84,594
2026-08-20T16:05:00+00:00,65639.84,65704.34,65639.84,65694.84,536
2026-08-20T16:10:00+00:00,65694.84,65704.34,65634.84,65644.84,561
2026-08-20T16:15:00+00:00,65644.84,65689.36,65639.84,65679.85,334
2026-08-20T16:20:00+00:00,65679.85,65769.36,65659.84,65749.34,528
2026-08-20T16:25:00+00:00,65749.34,65759.85,65709.86,65734.36,310
2026-08-20T16:30:00+00:00,65734.36,65749.34,65644.85,65739.85,500
2026-08-20T16:35:00+00:00,65739.85,65784.36,65719.84,65784.36,379
2026-08-20T16:40:00+00:00,65784.36,65839.35,65779.86,65829.85,310
2026-08-20T16:45:00+00:00,65829.85,65864.35,65799.85,65829.34,253
2026-08-20T16:50:00+00:00,65829.34,65839.36,65794.84,65809.34,220
2026-08-20T16:55:00+00:00,65809.34,65849.34,65789.34,65819.36,252
2026-08-20T17:00:00+00:00,65819.36,65819.36,65744.86,65784.34,283
2026-08-20T17:05:00+00:00,65784.34,65784.35,65714.35,65734.36,207
2026-08-20T17:10:00+00:00,65734.36,65744.36,65714.84,65719.36,124
2026-08-20T17:15:00+00:00,65719.36,65719.36,65654.84,65659.35,238
2026-08-20T17:20:00+00:00,65659.35,65711.85,65639.84,65684.35,189
2026-08-20T17:25:00+00:00,65684.35,65699.35,65659.34,65669.85,80
2026-08-20T17:30:00+00:00,65669.85,65684.34,65624.84,65634.35,142
2026-08-20T17:35:00+00:00,65634.35,65649.36,65604.84,65624.86,169
2026-08-20T17:40:00+00:00,65624.86,65639.34,65599.84,65624.35,154
2026-08-20T17:45:00+00:00,65624.35,65689.36,65614.35,65669.84,188
2026-08-20T17:50:00+00:00,65669.84,65699.36,65639.86,65649.34,174
2026-08-20T17:55:00+00:00,65649.34,65659.36,65619.84,65624.34,87
2026-08-20T18:00:00+00:00,65624.34,65624.35,65524.84,65544.35,183
2026-08-20T18:05:00+00:00,65544.35,65549.34,65464.85,65494.35,223
2026-08-20T18:10:00+00:00,65494.35,65494.35,65444.85,65469.85,155
2026-08-20T18:15:00+00:00,65469.85,65484.36,65399.35,65484.36,178
2026-08-20T18:20:00+00:00,65484.36,65519.35,65474.34,65479.36,140
2026-08-20T18:25:00+00:00,65479.36,65491.86,65449.86,65479.35,120
2026-08-20T18:30:00+00:00,65479.35,65494.36,65349.86,65369.35,218
2026-08-20T18:35:00+00:00,65369.35,65389.35,65304.84,65324.85,274
2026-08-20T18:40:00+00:00,65324.85,65349.36,65304.84,65349.36,151
2026-08-20T18:45:00+00:00,65349.36,65404.36,65319.85,65394.86,167
2026-08-20T18:50:00+00:00,65394.86,65409.34,65364.84,65384.85,162
2026-08-20T18:55:00+00:00,65384.85,65419.34,65359.86,65364.36,168
2026-08-20T19:00:00+00:00,65364.36,65431.86,65349.84,65429.35,201
2026-08-20T19:05:00+00:00,65429.35,65494.36,65419.84,65481.86,152
2026-08-20T19:10:00+00:00,65481.86,65499.35,65449.85,65469.86,131
2026-08-20T19:15:00+00:00,65469.86,65509.35,65449.36,65449.36,91
2026-08-20T19:20:00+00:00,65449.36,65524.36,65424.84,65499.84,149
2026-08-20T19:25:00+00:00,65499.84,65524.35,65494.85,65519.36,120
2026-08-20T19:30:00+00:00,65519.36,65529.35,65474.85,65494.34,120
2026-08-20T19:35:00+00:00,65494.34,65529.36,65484.84,65524.34,164
2026-08-20T19:40:00+00:00,65524.34,65524.35,65449.84,65454.86,136
2026-08-20T19:45:00+00:00,65454.86,65561.86,65439.84,65561.86,101
2026-08-20T19:50:00+00:00,65561.86,65599.36,65534.85,65579.34,275
2026-08-20T19:55:00+00:00,65579.34,65614.36,65529.84,65589.84,486
2026-08-20T20:00:00+00:00,65589.84,65604.84,65529.86,65561.84,158
2026-08-20T20:05:00+00:00,65561.84,65564.34,65484.84,65494.35,48
2026-08-20T20:10:00+00:00,65494.35,65539.36,65459.84,65464.85,60
2026-08-20T20:15:00+00:00,65464.85,65489.36,65454.84,65489.36,64
2026-08-20T20:20:00+00:00,65489.36,65554.36,65484.85,65554.36,49
2026-08-20T20:25:00+00:00,65554.36,65559.34,65519.86,65519.86,29
2026-08-20T20:30:00+00:00,65519.86,65529.35,65509.84,65514.86,23
2026-08-20T20:35:00+00:00,65514.86,65541.86,65514.85,65519.85,36
2026-08-20T20:40:00+00:00,65519.85,65531.86,65519.85,65524.35,36
2026-08-20T20:45:00+00:00,65524.35,65539.36,65519.85,65526.84,32
2026-08-20T20:50:00+00:00,65526.84,65529.34,65489.86,65499.34,36
2026-08-20T20:55:00+00:00,65499.34,65534.35,65491.84,65529.35,48
2026-08-20T22:00:00+00:00,65529.35,65551.12,65386.11,65386.11,51
2026-08-20T22:05:00+00:00,65386.11,65436.11,65386.1,65401.1,29
2026-08-20T22:10:00+00:00,65401.1,65471.12,65401.1,65446.1,23
2026-08-20T22:15:00+00:00,65446.1,65491.1,65446.1,65466.12,29
2026-08-20T22:20:00+00:00,65466.12,65466.12,65431.1,65431.1,21
2026-08-20T22:25:00+00:00,65431.1,65451.11,65406.1,65446.12,19
2026-08-20T22:30:00+00:00,65446.12,65461.12,65446.12,65456.11,15
2026-08-20T22:35:00+00:00,65456.11,65471.1,65456.11,65466.1,18
2026-08-20T22:40:00+00:00,65466.1,65476.12,65451.12,65476.12,24
2026-08-20T22:45:00+00:00,65476.12,65516.12,65476.1,65506.12,13
2026-08-20T22:50:00+00:00,65506.12,65541.12,65506.12,65541.12,12
2026-08-20T22:55:00+00:00,65541.12,65546.11,65526.12,65546.1,15
2026-08-20T23:00:00+00:00,65546.1,65550.62,65511.11,65536.12,17
2026-08-20T23:05:00+00:00,65536.12,65541.1,65516.1,65516.1,7.6955170883266755
2026-08-20T23:10:00+00:00,65516.1,65525.61,65511.11,65516.11,10
2026-08-20T23:15:00+00:00,65516.11,65561.12,65511.11,65541.12,16
2026-08-20T23:20:00+00:00,65541.12,65565.6,65536.1,65551.12,13.455044510385756
2026-08-20T23:25:00+00:00,65551.12,65580.62,65546.1,65566.1,19
2026-08-20T23:30:00+00:00,65566.1,65571.12,65541.1,65546.1,47.532929868280526
2026-08-20T23:35:00+00:00,65546.1,65560.62,65496.11,65546.12,48
2026-08-20T23:40:00+00:00,65546.12,65610.6,65536.1,65585.62,99
2026-08-20T23:45:00+00:00,65585.62,65586.12,65196.1,65291.12,630
2026-08-20T23:50:00+00:00,65291.12,65406.11,65236.11,65371.12,425
2026-08-20T23:55:00+00:00,65371.12,65371.12,65211.12,65271.1,446
2026-08-21T00:00:00+00:00,65271.1,65621.12,65191.11,65591.11,2067
2026-08-21T00:05:00+00:00,65591.11,65790.61,65576.1,65706.12,1636
2026-08-21T00:10:00+00:00,65706.12,65931.12,65706.12,65931.12,919
2026-08-21T00:15:00+00:00,65931.12,65936.12,65706.1,65736.11,1670
2026-08-21T00:20:00+00:00,65736.11,65926.12,65721.1,65761.11,1219
2026-08-21T00:25:00+00:00,65761.11,65796.12,65621.12,65646.12,1166
2026-08-21T00:30:00+00:00,65646.12,65691.12,65536.11,65621.11,1261
2026-08-21T00:35:00+00:00,65621.11,65735.62,65541.1,65716.11,1222
2026-08-21T00:40:00+00:00,65716.11,65750.62,65596.1,65696.12,940
2026-08-21T00:45:00+00:00,65696.12,65796.12,65666.11,65751.1,863
2026-08-21T00:50:00+00:00,65751.1,65815.61,65546.1,65561.12,938
2026-08-21T00:55:00+00:00,65561.12,65581.12,65441.11,65441.11,988
2026-08-21T01:00:00+00:00,65441.11,65495.62,65356.1,65366.1,1103
2026-08-21T01:05:00+00:00,65366.1,65396.12,65261.11,65386.12,1183
2026-08-21T01:10:00+00:00,65386.12,65560.62,65336.11,65501.1,1398
2026-08-21T01:15:00+00:00,65501.1,65636.12,65416.1,65636.12,912
2026-08-21T01:20:00+00:00,65636.12,65650.6,65466.1,65631.1,1054
2026-08-21T01:25:00+00:00,65631.1,65716.12,65621.1,65641.11,865
2026-08-21T01:30:00+00:00,65641.11,65735.62,65601.1,65661.1,863
2026-08-21T01:35:00+00:00,65661.1,65716.12,65606.1,65706.11,783
2026-08-21T01:40:00+00:00,65706.11,65838.11,65696.11,65811.11,541
2026-08-21T01:45:00+00:00,65811.11,65915.6,65796.1,65906.1,631
2026-08-21T01:50:00+00:00,65906.1,65921.12,65756.1,65776.11,670
2026-08-21T01:55:00+00:00,65776.11,65791.1,65706.11,65746.11,604
2026-08-21T02:00:00+00:00,65746.11,65830.62,65731.1,65751.1,668
2026-08-21T02:05:00+00:00,65751.1,65891.12,65721.1,65886.11,449
2026-08-21T02:10:00+00:00,65886.11,65926.12,65826.1,65926.12,525
2026-08-21T02:15:00+00:00,65926.12,65966.12,65916.1,65921.12,350
2026-08-21T02:20:00+00:00,65921.12,66010.6,65921.11,65956.12,334
2026-08-21T02:25:00+00:00,65956.12,66025.62,65956.1,66006.11,251
2026-08-21T02:30:00+00:00,66006.11,66045.62,65981.1,65986.11,220
2026-08-21T02:35:00+00:00,65986.11,66011.1,65956.1,65966.1,208
2026-08-21T02:40:00+00:00,65966.1,65985.61,65941.12,65951.1,208
2026-08-21T02:45:00+00:00,65951.1,66020.61,65941.11,66016.1,277
2026-08-21T02:50:00+00:00,66016.1,66026.12,65986.1,66001.12,161
2026-08-21T02:55:00+00:00,66001.12,66036.11,65996.1,66006.11,131
2026-08-21T03:00:00+00:00,66006.11,66035.62,66006.1,66006.11,138
2026-08-21T03:05:00+00:00,66006.11,66010.6,65951.12,65971.12,201
2026-08-21T03:10:00+00:00,65971.12,65986.12,65921.11,65931.1,177
2026-08-21T03:15:00+00:00,65931.1,65985.61,65921.1,65956.1,203
2026-08-21T03:20:00+00:00,65956.1,65986.11,65941.11,65956.12,157
2026-08-21T03:25:00+00:00,65956.12,66005.6,65941.12,66001.11,166
2026-08-21T03:30:00+00:00,66001.11,66135.62,66001.11,66086.1,612
2026-08-21T03:35:00+00:00,66086.1,66096.11,66011.11,66031.11,421
2026-08-21T03:40:00+00:00,66031.11,66031.11,65936.11,65956.11,349
2026-08-21T03:45:00+00:00,65956.11,65991.12,65916.1,65946.12,353
2026-08-21T03:50:00+00:00,65946.12,65966.12,65856.1,65856.11,411
2026-08-21T03:55:00+00:00,65856.11,65981.11,65806.11,65921.12,516
2026-08-21T04:00:00+00:00,65921.12,65996.11,65901.12,65986.11,671
2026-08-21T04:05:00+00:00,65986.11,66011.11,65926.1,65996.1,404
2026-08-21T04:10:00+00:00,65996.1,66015.6,65951.1,66001.11,274
2026-08-21T04:15:00+00:00,66001.11,66020.6,65911.12,65926.1,404
2026-08-21T04:20:00+00:00,65926.1,65950.62,65876.11,65931.12,463
2026-08-21T04:25:00+00:00,65931.12,65955.62,65891.1,65915.6,366
2026-08-21T04:30:00+00:00,65915.6,65945.61,65886.11,65925.62,297
2026-08-21T04:35:00+00:00,65925.62,65925.62,65871.1,65905.62,266
2026-08-21T04:40:00+00:00,65905.62,65976.12,65901.1,65961.11,296
2026-08-21T04:45:00+00:00,65961.11,66061.12,65946.1,66061.12,197
2026-08-21T04:50:00+00:00,66061.12,66091.1,66041.11,66066.1,261
2026-08-21T04:55:00+00:00,66066.1,66073.12,65986.11,65996.12,250
2026-08-21T05:00:00+00:00,65996.12,66038.11,65961.11,65991.12,390
2026-08-21T05:05:00+00:00,65991.12,66005.6,65881.12,65890.62,300
2026-08-21T05:10:00+00:00,65890.62,65985.61,65881.1,65971.11,395
2026-08-21T05:15:00+00:00,65971.11,65996.1,65926.1,65986.12,265
2026-08-21T05:20:00+00:00,65986.12,65995.61,65921.1,65921.11,209
2026-08-21T05:25:00+00:00,65921.11,65930.61,65851.11,65885.61,208
2026-08-21T05:30:00+00:00,65885.61,65900.62,65826.1,65866.1,251
2026-08-21T05:35:00+00:00,65866.1,65895.62,65846.1,65866.11,237
2026-08-21T05:40:00+00:00,65866.11,65871.1,65776.1,65811.11,377
2026-08-21T05:45:00+00:00,65811.11,65840.62,65746.1,65756.12,307
2026-08-21T05:50:00+00:00,65756.12,65841.1,65746.1,65841.1,226
2026-08-21T05:55:00+00:00,65841.1,65885.62,65831.1,65880.61,239
2026-08-21T06:00:00+00:00,65880.61,65910.6,65826.1,65861.11,451
2026-08-21T06:05:00+00:00,65861.11,65955.61,65851.12,65908.1,314
2026-08-21T06:10:00+00:00,65908.1,65950.61,65883.11,65893.11,279
2026-08-21T06:15:00+00:00,65893.11,66005.62,65893.11,66005.62,271
2026-08-21T06:20:00+00:00,66005.62,66025.62,65970.61,66025.62,187
2026-08-21T06:25:00+00:00,66025.62,66080.62,66021.1,66028.12,277
2026-08-21T06:30:00+00:00,66028.12,66170.61,66028.12,66165.62,351
2026-08-21T06:35:00+00:00,66165.62,66180.62,66111.11,66121.11,264
2026-08-21T06:40:00+00:00,66121.11,66130.61,66076.12,66085.6,79
2026-08-21T06:45:00+00:00,66085.6,66088.12,66031.12,66080.62,66
2026-08-21T06:50:00+00:00,66080.62,66080.62,66056.11,66066.11,56
2026-08-21T06:55:00+00:00,66066.11,66095.62,66046.1,66058.1,81
2026-08-21T07:00:00+00:00,66058.1,66093.12,66010.61,66085.6,160
2026-08-21T07:05:00+00:00,66085.6,66115.61,66085.6,66115.6,120
2026-08-21T07:10:00+00:00,66115.6,66170.6,66100.61,66170.6,106
2026-08-21T07:15:00+00:00,66170.6,66180.61,66126.1,66175.6,113
2026-08-21T07:20:00+00:00,66175.6,66215.62,66156.12,66215.62,78
2026-08-21T07:25:00+00:00,66215.62,66215.62,66146.11,66175.62,101
2026-08-21T07:30:00+00:00,66175.62,66250.61,66166.11,66241.11,125
2026-08-21T07:35:00+00:00,66241.11,66250.61,66201.12,66220.61,68
2026-08-21T07:40:00+00:00,66220.61,66245.62,66186.12,66205.61,87
2026-08-21T07:45:00+00:00,66205.61,66265.6,66200.62,66245.62,101
2026-08-21T07:50:00+00:00,66245.62,66273.12,66231.1,66245.6,80
2026-08-21T07:55:00+00:00,66245.6,66298.12,66240.62,66286.1,100
2026-08-21T08:00:00+00:00,66286.1,66308.1,66231.12,66240.62,496
2026-08-21T08:05:00+00:00,66240.62,66255.6,66106.1,66138.11,458
2026-08-21T08:10:00+00:00,66138.11,66163.12,66061.11,66075.62,382
2026-08-21T08:15:00+00:00,66075.62,66110.62,66045.62,66095.6,281
2026-08-21T08:20:00+00:00,66095.6,66110.62,66006.12,66068.1,358
2026-08-21T08:25:00+00:00,66068.1,66150.61,66068.1,66120.6,247
2026-08-21T08:30:00+00:00,66120.6,66150.61,66110.62,66143.11,285
2026-08-21T08:35:00+00:00,66143.11,66198.11,66143.11,66153.1,170
2026-08-21T08:40:00+00:00,66153.1,66175.61,66140.61,66170.61,280
2026-08-21T08:45:00+00:00,66170.61,66175.62,66140.62,66143.1,173
2026-08-21T08:50:00+00:00,66143.1,66180.62,66135.6,66180.62,195
2026-08-21T08:55:00+00:00,66180.62,66190.62,66166.1,66185.61,71
2026-08-21T09:00:00+00:00,66185.61,66203.11,66085.62,66108.12,278
2026-08-21T09:05:00+00:00,66108.12,66120.61,66035.61,66048.12,282
2026-08-21T09:10:00+00:00,66048.12,66068.12,66020.6,66065.62,318
2026-08-21T09:15:00+00:00,66065.62,66108.12,66058.1,66068.1,282
2026-08-21T09:20:00+00:00,66068.1,66093.12,66060.6,66070.6,155
2026-08-21T09:25:00+00:00,66070.6,66083.1,66000.61,66005.62,131
2026-08-21T09:30:00+00:00,66005.62,66033.12,65995.61,66015.61,100
2026-08-21T09:35:00+00:00,66015.61,66085.62,66005.6,66078.1,167
2026-08-21T09:40:00+00:00,66078.1,66100.62,66065.61,66088.12,163
2026-08-21T09:45:00+00:00,66088.12,66130.6,66080.6,66130.6,117
2026-08-21T09:50:00+00:00,66130.6,66155.61,66080.6,66105.6,194
2026-08-21T09:55:00+00:00,66105.6,66155.62,66090.62,66130.61,198
2026-08-21T10:00:00+00:00,66130.61,66213.11,66130.61,66200.61,202
2026-08-21T10:05:00+00:00,66200.61,66218.11,66125.6,66150.62,219
2026-08-21T10:10:00+00:00,66150.62,66155.61,66105.6,66118.11,157
2026-08-21T10:15:00+00:00,66118.11,66143.11,66118.1,66128.11,168
2026-08-21T10:20:00+00:00,66128.11,66133.11,66101.1,66105.6,122
2026-08-21T10:25:00+00:00,66105.6,66145.62,66105.6,66140.62,103
2026-08-21T10:30:00+00:00,66140.62,66160.62,66131.1,66148.12,92
2026-08-21T10:35:00+00:00,66148.12,66155.62,66126.11,66135.62,90
2026-08-21T10:40:00+00:00,66135.62,66145.61,66120.62,66130.6,119
2026-08-21T10:45:00+00:00,66130.6,66148.11,66130.6,66138.12,53
2026-08-21T10:50:00+00:00,66138.12,66190.62,66138.1,66163.1,130
2026-08-21T10:55:00+00:00,66163.1,66193.12,66163.1,66165.61,119
2026-08-21T11:00:00+00:00,66165.61,66193.11,66075.6,66118.11,272
2026-08-21T11:05:00+00:00,66118.11,66200.62,66115.61,66200.61,221
2026-08-21T11:10:00+00:00,66200.61,66225.6,66168.11,66195.6,153
2026-08-21T11:15:00+00:00,66195.6,66265.62,66190.62,66250.62,134
2026-08-21T11:20:00+00:00,66250.62,66375.62,66248.11,66365.6,486
2026-08-21T11:25:00+00:00,66365.6,66413.11,66340.6,66410.62,543
2026-08-21T11:30:00+00:00,66410.62,66425.61,66348.11,66405.6,414
2026-08-21T11:35:00+00:00,66405.6,66470.62,66363.12,66365.6,394
2026-08-21T11:40:00+00:00,66365.6,66373.11,66318.11,66358.1,249
2026-08-21T11:45:00+00:00,66358.1,66368.12,66308.12,66310.6,246
2026-08-21T11:50:00+00:00,66310.6,66313.12,66265.61,66273.11,139
2026-08-21T11:55:00+00:00,66273.11,66285.61,66258.11,66268.1,110
2026-08-21T12:00:00+00:00,66268.1,66270.61,66180.61,66205.61,175
2026-08-21T12:05:00+00:00,66205.61,66278.12,66205.61,66265.61,195
2026-08-21T12:10:00+00:00,66265.61,66288.11,66225.61,66228.1,238
2026-08-21T12:15:00+00:00,66228.1,66248.1,66208.1,66220.6,192
2026-08-21T12:20:00+00:00,66220.6,66230.62,66185.62,66223.12,243
2026-08-21T12:25:00+00:00,66223.12,66233.12,66205.6,66230.6,166
2026-08-21T12:30:00+00:00,66230.6,66250.62,66180.62,66225.61,281
2026-08-21T12:35:00+00:00,66225.61,66278.1,66223.1,66265.6,320
2026-08-21T12:40:00+00:00,66265.6,66280.61,66228.1,66265.6,185
2026-08-21T12:45:00+00:00,66265.6,66273.12,66248.11,66260.61,114
2026-08-21T12:50:00+00:00,66260.61,66260.61,66150.62,66155.6,107
2026-08-21T12:55:00+00:00,66155.6,66155.6,66108.12,66145.61,146
2026-08-21T13:00:00+00:00,66145.61,66193.1,66125.6,66173.11,196
2026-08-21T13:05:00+00:00,66173.11,66173.11,66103.1,66108.1,177
2026-08-21T13:10:00+00:00,66108.1,66113.1,66053.1,66063.11,203
2026-08-21T13:15:00+00:00,66063.11,66065.62,66008.12,66020.61,249
2026-08-21T13:20:00+00:00,66020.61,66048.12,66013.11,66033.12,163
2026-08-21T13:25:00+00:00,66033.12,66098.12,65973.1,66078.1,598
2026-08-21T13:30:00+00:00,66078.1,66103.12,65830.6,65835.61,1641
2026-08-21T13:35:00+00:00,65835.61,65885.62,65651.12,65750.62,1343
2026-08-21T13:40:00+00:00,65750.62,65825.62,65701.12,65766.1,1001
2026-08-21T13:45:00+00:00,65766.1,65943.11,65756.1,65940.61,1112
2026-08-21T13:50:00+00:00,65940.61,65980.62,65785.6,65853.12,994
2026-08-21T13:55:00+00:00,65853.12,65978.11,65853.12,65940.61,1071
2026-08-21T14:00:00+00:00,65940.61,65975.62,65811.1,65853.12,963
2026-08-21T14:05:00+00:00,65853.12,65908.11,65831.11,65860.62,965
2026-08-21T14:10:00+00:00,65860.62,65900.62,65748.11,65753.11,902
2026-08-21T14:15:00+00:00,65753.11,65830.61,65705.6,65710.62,1239
2026-08-21T14:20:00+00:00,65710.62,65853.1,65708.1,65745.62,940
2026-08-21T14:25:00+00:00,65745.62,65845.62,65720.61,65773.11,792
2026-08-21T14:30:00+00:00,65773.11,65818.11,65730.6,65730.61,916
2026-08-21T14:35:00+00:00,65730.61,65738.12,65673.1,65685.61,977
2026-08-21T14:40:00+00:00,65685.61,65723.12,65605.6,65643.11,929
2026-08-21T14:45:00+00:00,65643.11,65738.12,65638.12,65710.6,894
2026-08-21T14:50:00+00:00,65710.6,65763.12,65635.6,65655.6,818
2026-08-21T14:55:00+00:00,65655.6,65735.61,65620.6,65725.6,671
2026-08-21T15:00:00+00:00,65725.6,65833.1,65680.61,65833.1,539
2026-08-21T15:05:00+00:00,65833.1,65855.61,65768.12,65838.12,481
2026-08-21T15:10:00+00:00,65838.12,65868.1,65808.1,65833.11,446
2026-08-21T15:15:00+00:00,65833.11,65870.62,65735.6,65740.61,365
2026-08-21T15:20:00+00:00,65740.61,65830.62,65725.6,65793.1,330
2026-08-21T15:25:00+00:00,65793.1,65873.12,65793.1,65858.11,204
2026-08-21T15:30:00+00:00,65858.11,65945.62,65850.6,65945.61,262
2026-08-21T15:35:00+00:00,65945.61,66043.1,65936.1,66040.61,285
2026-08-21T15:40:00+00:00,66040.61,66133.11,66028.1,66103.1,362
2026-08-21T15:45:00+00:00,66103.1,66115.6,66060.61,66063.12,311
2026-08-21T15:50:00+00:00,66063.12,66188.12,66063.12,66150.62,272
2026-08-21T15:55:00+00:00,66150.62,66153.1,66025.62,66043.11,381
2026-08-21T16:00:00+00:00,66043.11,66045.61,65975.62,65985.6,320
2026-08-21T16:05:00+00:00,65985.6,65985.62,65903.11,65905.62,298
2026-08-21T16:10:00+00:00,65905.62,65948.11,65895.62,65915.6,354
2026-08-21T16:15:00+00:00,65915.6,65965.62,65900.61,65935.62,349
2026-08-21T16:20:00+00:00,65935.62,66075.6,65905.6,65930.6,634
2026-08-21T16:25:00+00:00,65930.6,65968.12,65920.6,65958.12,317
2026-08-21T16:30:00+00:00,65958.12,65968.11,65930.62,65930.62,258
2026-08-21T16:35:00+00:00,65930.62,65973.12,65918.11,65970.6,193
2026-08-21T16:40:00+00:00,65970.6,65970.62,65940.6,65953.1,165
2026-08-21T16:45:00+00:00,65953.1,65953.11,65898.1,65898.12,157
2026-08-21T16:50:00+00:00,65898.12,65900.62,65863.1,65895.6,213
2026-08-21T16:55:00+00:00,65895.6,65960.62,65883.1,65960.62,197
2026-08-21T17:00:00+00:00,65960.62,65970.62,65933.1,65945.62,150
2026-08-21T17:05:00+00:00,65945.62,65970.61,65935.6,65950.62,213
2026-08-21T17:10:00+00:00,65950.62,65950.62,65915.61,65925.61,189
2026-08-21T17:15:00+00:00,65925.61,65928.12,65880.62,65893.11,164
2026-08-21T17:20:00+00:00,65893.11,65893.12,65855.61,65885.62,282
2026-08-21T17:25:00+00:00,65885.62,65923.12,65865.6,65905.62,265
2026-08-21T17:30:00+00:00,65905.62,65915.62,65890.62,65895.61,230
2026-08-21T17:35:00+00:00,65895.61,65928.1,65890.6,65915.6,187
2026-08-21T17:40:00+00:00,65915.6,65925.6,65893.11,65913.12,104
2026-08-21T17:45:00+00:00,65913.12,65955.62,65900.6,65935.62,85
2026-08-21T17:50:00+00:00,65935.62,65950.61,65913.1,65920.62,92
2026-08-21T17:55:00+00:00,65920.62,65923.1,65895.61,65895.61,86
2026-08-21T18:00:00+00:00,65895.61,65955.62,65878.12,65913.12,131
2026-08-21T18:05:00+00:00,65913.12,65925.62,65878.1,65878.12,112
2026-08-21T18:10:00+00:00,65878.12,65908.12,65863.12,65865.6,103
2026-08-21T18:15:00+00:00,65865.6,65903.11,65865.6,65893.12,94
2026-08-21T18:20:00+00:00,65893.12,65923.11,65888.1,65910.62,93
2026-08-21T18:25:00+00:00,65910.62,65913.12,65868.12,65868.12,122
2026-08-21T18:30:00+00:00,65868.12,65880.61,65833.11,65848.12,118
2026-08-21T18:35:00+00:00,65848.12,65878.11,65848.12,65868.11,102
2026-08-21T18:40:00+00:00,65868.11,65895.61,65855.6,65873.11,104
2026-08-21T18:45:00+00:00,65873.11,65908.12,65873.1,65908.11,183
2026-08-21T18:50:00+00:00,65908.11,65938.1,65908.1,65928.12,132
2026-08-21T18:55:00+00:00,65928.12,65943.1,65910.6,65938.11,95
2026-08-21T19:00:00+00:00,65938.11,65963.12,65925.6,65925.6,174
2026-08-21T19:05:00+00:00,65925.6,65955.62,65918.11,65930.6,135
2026-08-21T19:10:00+00:00,65930.6,65940.62,65915.61,65938.12,86
2026-08-21T19:15:00+00:00,65938.12,65973.11,65928.1,65960.62,96
2026-08-21T19:20:00+00:00,65960.62,65970.62,65950.61,65960.62,116
2026-08-21T19:25:00+00:00,65960.62,65975.62,65953.12,65953.12,74
2026-08-21T19:30:00+00:00,65953.12,65968.12,65945.62,65950.62,118
2026-08-21T19:35:00+00:00,65950.62,65975.62,65938.1,65973.11,123
2026-08-21T19:40:00+00:00,65973.11,65978.11,65945.6,65975.62,113
2026-08-21T19:45:00+00:00,65975.62,66053.11,65968.1,66030.61,161
2026-08-21T19:50:00+00:00,66030.61,66030.61,65933.1,65938.12,227
2026-08-21T19:55:00+00:00,65938.12,65970.6,65906.1,65921.12,321
2026-08-21T20:00:00+00:00,65921.12,65930.61,65901.11,65921.1,56
2026-08-21T20:05:00+00:00,65921.1,65943.12,65916.11,65921.11,26
2026-08-21T20:10:00+00:00,65921.11,65933.12,65906.11,65928.1,28
2026-08-21T20:15:00+00:00,65928.1,65953.12,65928.1,65935.6,41
2026-08-21T20:20:00+00:00,65935.6,65938.11,65911.1,65921.1,33
2026-08-21T20:25:00+00:00,65921.1,65933.11,65911.1,65911.11,24
2026-08-21T20:30:00+00:00,65911.11,65950.62,65911.11,65950.62,26
2026-08-21T20:35:00+00:00,65950.62,65970.62,65946.1,65970.62,30
2026-08-21T20:40:00+00:00,65970.62,65970.62,65956.1,65968.11,23
2026-08-23T22:00:00+00:00,65968.11,65983.52,65806.5,65851.5,40
2026-08-23T22:05:00+00:00,65851.5,65891.51,65846.52,65891.51,11
2026-08-23T22:10:00+00:00,65891.51,65946,65821.52,65916.52,39
2026-08-23T22:20:00+00:00,65916.52,65916.52,65886.51,65901.51,6
2026-08-23T22:25:00+00:00,65901.51,65911.52,65901.5,65911.52,11
2026-08-23T22:30:00+00:00,65911.52,65931.5,65881.51,65886.51,215
2026-08-23T22:35:00+00:00,65886.51,65951.02,65886.5,65926.5,38
2026-08-23T22:40:00+00:00,65926.5,66036.52,65886.5,66031.5,72
2026-08-23T22:45:00+00:00,66031.5,66076.01,66026.5,66051.52,45
2026-08-23T22:50:00+00:00,66051.52,66056.52,66041.51,66056.52,12
2026-08-23T22:55:00+00:00,66056.52,66136.51,66056.51,66111.51,14
2026-08-23T23:00:00+00:00,66111.51,66111.52,66001.52,66021.5,16
2026-08-23T23:05:00+00:00,66021.5,66083.51,65991.52,65996.5,52
2026-08-23T23:10:00+00:00,65996.5,66006.51,65966.5,65976.52,23
2026-08-23T23:15:00+00:00,65976.52,66003.52,65931.51,65991.51,41
2026-08-23T23:20:00+00:00,65991.51,66051.52,65991.51,66051.5,27
2026-08-23T23:25:00+00:00,66051.5,66086.02,66051.5,66066.51,51
2026-08-23T23:30:00+00:00,66066.51,66151.02,66066.5,66116.52,135
2026-08-23T23:35:00+00:00,66116.52,66151.02,66111.5,66113.52,52
2026-08-23T23:40:00+00:00,66113.52,66131.02,65966.5,65971.51,153
2026-08-23T23:45:00+00:00,65971.51,66151.52,65886.5,66101.5,553
2026-08-23T23:50:00+00:00,66101.5,66236.52,66041.51,66101.52,333
2026-08-23T23:55:00+00:00,66101.52,66211.52,66041.52,66181.52,340
2026-08-24T00:00:00+00:00,66181.52,66181.52,65816.5,66046.5,1899
2026-08-24T00:05:00+00:00,66046.5,66241.52,65981.51,66241.52,1595
2026-08-24T00:10:00+00:00,66241.52,66258.51,66021.5,66061.5,1559
2026-08-24T00:15:00+00:00,66061.5,66086.5,65836.5,65841.51,1556
2026-08-24T00:20:00+00:00,65841.51,65846.52,65711.5,65806.51,1360
2026-08-24T00:25:00+00:00,65806.51,65816.51,65646.5,65711.5,1393
2026-08-24T00:30:00+00:00,65711.5,65873.51,65651.5,65828.5,1669
2026-08-24T00:35:00+00:00,65828.5,65916.51,65771.5,65841.52,1189
2026-08-24T00:40:00+00:00,65841.52,65906.52,65756.51,65756.51,976
2026-08-24T00:45:00+00:00,65756.51,65916.51,65746.5,65851.51,1255
2026-08-24T00:50:00+00:00,65851.51,65996.01,65821.51,65921.5,919
2026-08-24T00:55:00+00:00,65921.5,66046.02,65901.51,66016.51,726
2026-08-24T01:00:00+00:00,66016.51,66091.52,65946.51,65986.5,984
2026-08-24T01:05:00+00:00,65986.5,66031.52,65876.5,65916.52,845
2026-08-24T01:10:00+00:00,65916.52,66116.52,65911.5,66081.52,629
2026-08-24T01:15:00+00:00,66081.52,66216.51,66076.5,66181.5,694
2026-08-24T01:20:00+00:00,66181.5,66201.02,66026.52,66066.51,682
2026-08-24T01:25:00+00:00,66066.51,66131.52,66041.52,66061.5,894
2026-08-24T01:30:00+00:00,66061.5,66071.52,65971.5,66006.52,1189
2026-08-24T01:35:00+00:00,66006.52,66101,65951.51,66086.5,776
2026-08-24T01:40:00+00:00,66086.5,66141.51,66021.52,66026.5,846
2026-08-24T01:45:00+00:00,66026.5,66056.51,65956.51,66036.51,1196
2026-08-24T01:50:00+00:00,66036.51,66131.52,65951.5,65951.5,1165
2026-08-24T01:55:00+00:00,65951.5,65961.52,65766.51,65776.51,726
2026-08-24T02:00:00+00:00,65776.51,65851,65746.51,65826.52,893
2026-08-24T02:05:00+00:00,65826.52,65891,65786.5,65861.51,508
2026-08-24T02:10:00+00:00,65861.51,65981.51,65831.5,65966.5,667
2026-08-24T02:15:00+00:00,65966.5,66016,65906.5,65916.52,465
2026-08-24T02:20:00+00:00,65916.52,65996.02,65906.5,65961.52,539
2026-08-24T02:25:00+00:00,65961.52,66021.5,65956.5,65986.5,460
2026-08-24T02:30:00+00:00,65986.5,66016.02,65971.5,65996.52,392
2026-08-24T02:35:00+00:00,65996.52,66026.02,65986.01,65991.5,215
2026-08-24T02:40:00+00:00,65991.5,66016.02,65981.5,66001,250
2026-08-24T02:45:00+00:00,66001,66006.02,65936.5,65946.01,253
2026-08-24T02:50:00+00:00,65946.01,65956,65876.51,65926.02,375
2026-08-24T02:55:00+00:00,65926.02,65986.01,65916.51,65981.51,344
2026-08-24T03:00:00+00:00,65981.51,65996.02,65906.5,65926,242
2026-08-24T03:05:00+00:00,65926,65936.02,65896.5,65901.51,245
2026-08-24T03:10:00+00:00,65901.51,65921,65851.5,65851.5,168
2026-08-24T03:15:00+00:00,65851.5,65861.02,65776.5,65781.52,165
2026-08-24T03:20:00+00:00,65781.52,65806.02,65751.51,65781.02,316
2026-08-24T03:25:00+00:00,65781.02,65786.02,65696.51,65701.5,170
2026-08-24T03:30:00+00:00,65701.5,65721.5,65586.52,65671.51,588
2026-08-24T03:35:00+00:00,65671.51,65701.51,65581.5,65646.51,419
2026-08-24T03:40:00+00:00,65646.51,65716.02,65616.5,65626.52,475
2026-08-24T03:45:00+00:00,65626.52,65656.51,65586.51,65636.5,435
2026-08-24T03:50:00+00:00,65636.5,65661.01,65551.5,65571.5,438
2026-08-24T03:55:00+00:00,65571.5,65606.52,65551.5,65606.5,445
2026-08-24T04:00:00+00:00,65606.5,65706.01,65591.52,65696.51,325
2026-08-24T04:05:00+00:00,65696.51,65726,65651.5,65656.5,246
2026-08-24T04:10:00+00:00,65656.5,65771.51,65656.5,65771.51,289
2026-08-24T04:15:00+00:00,65771.51,65791.01,65681.5,65716.52,306
2026-08-24T04:20:00+00:00,65716.52,65766.02,65631.5,65636.51,364
2026-08-24T04:25:00+00:00,65636.51,65691,65606.5,65686.02,386
2026-08-24T04:30:00+00:00,65686.02,65706,65656.5,65671.51,354
2026-08-24T04:35:00+00:00,65671.51,65686,65616.5,65641.52,344
2026-08-24T04:40:00+00:00,65641.52,65686.52,65616.5,65686.52,295
2026-08-24T04:45:00+00:00,65686.52,65721.5,65681.5,65706.02,381
2026-08-24T04:50:00+00:00,65706.02,65741.02,65646.5,65646.52,208
2026-08-24T04:55:00+00:00,65646.52,65666.01,65616.52,65626.51,276
2026-08-24T05:00:00+00:00,65626.51,65681.02,65621.5,65621.5,402
2026-08-24T05:05:00+00:00,65621.5,65756.01,65616.51,65731.52,434
2026-08-24T05:10:00+00:00,65731.52,65801.01,65721,65796.52,244
2026-08-24T05:15:00+00:00,65796.52,65801,65676.51,65691.52,276
2026-08-24T05:20:00+00:00,65691.52,65731.02,65676.51,65706.01,280
2026-08-24T05:25:00+00:00,65706.01,65721.52,65676.52,65711.51,281
2026-08-24T05:30:00+00:00,65711.51,65721.51,65591.5,65606.52,306
2026-08-24T05:35:00+00:00,65606.52,65686.02,65551.5,65631,367
2026-08-24T05:40:00+00:00,65631,65706.01,65581.5,65581.52,347
2026-08-24T05:45:00+00:00,65581.52,65626.02,65571.5,65626.02,207
2026-08-24T05:50:00+00:00,65626.02,65636.02,65571.5,65616,233
2026-08-24T05:55:00+00:00,65616,65616.01,65551.52,65571.52,217
2026-08-24T06:00:00+00:00,65571.52,65586.02,65506.5,65521,379
2026-08-24T06:05:00+00:00,65521,65541.01,65471.51,65531,341
2026-08-24T06:10:00+00:00,65531,65561.02,65496.01,65543.51,302
2026-08-24T06:15:00+00:00,65543.51,65653.51,65536.01,65538.51,326
2026-08-24T06:20:00+00:00,65538.51,65581.01,65506,65563.52,310
2026-08-24T06:25:00+00:00,65563.52,65608.52,65558.51,65563.5,279
2026-08-24T06:30:00+00:00,65563.5,65576.02,65456,65486.01,485
2026-08-24T06:35:00+00:00,65486.01,65556,65473.5,65541.01,277
2026-08-24T06:40:00+00:00,65541.01,65558.52,65461.02,65471.02,158
2026-08-24T06:45:00+00:00,65471.02,65491.01,65456,65486.01,137
2026-08-24T06:50:00+00:00,65486.01,65513.52,65478.52,65513.52,175
2026-08-24T06:55:00+00:00,65513.52,65561.02,65476.51,65481.51,153
2026-08-24T07:00:00+00:00,65481.51,65531,65416.5,65481.01,365
2026-08-24T07:05:00+00:00,65481.01,65556.52,65446.5,65551.51,133
2026-08-24T07:10:00+00:00,65551.51,65626.02,65541.5,65576,140
2026-08-24T07:15:00+00:00,65576,65601,65546.5,65581.01,100
2026-08-24T07:20:00+00:00,65581.01,65581.01,65501.51,65516.5,76
2026-08-24T07:25:00+00:00,65516.5,65586,65516.5,65531,118
2026-08-24T07:30:00+00:00,65531,65581.02,65491.52,65576.51,113
2026-08-24T07:35:00+00:00,65576.51,65601.02,65556.51,65568.52,65
2026-08-24T07:40:00+00:00,65568.52,65568.52,65466.52,65466.52,121
2026-08-24T07:45:00+00:00,65466.52,65521.52,65461.5,65473.51,136
2026-08-24T07:50:00+00:00,65473.51,65496.02,65416.5,65446.51,182
2026-08-24T07:55:00+00:00,65446.51,65458.51,65411.5,65411.5,156
2026-08-24T08:00:00+00:00,65411.5,65436.02,65266.5,65396,755
2026-08-24T08:05:00+00:00,65396,65631.51,65386.51,65506.5,626
2026-08-24T08:10:00+00:00,65506.5,65611.02,65506.5,65611,328
2026-08-24T08:15:00+00:00,65611,65676.02,65546.52,65658.5,298
2026-08-24T08:20:00+00:00,65658.5,65676.01,65586.5,65598.5,259
2026-08-24T08:25:00+00:00,65598.5,65623.52,65573.5,65606.01,320
2026-08-24T08:30:00+00:00,65606.01,65646.01,65581,65621.02,273
2026-08-24T08:35:00+00:00,65621.02,65686,65601.01,65686,238
2026-08-24T08:40:00+00:00,65686,65691.02,65643.52,65686.01,309
2026-08-24T08:45:00+00:00,65686.01,65688.5,65658.5,65681.01,158
2026-08-24T08:50:00+00:00,65681.01,65708.5,65666,65686,104
2026-08-24T08:55:00+00:00,65686,65696.01,65623.5,65626.02,192
2026-08-24T09:00:00+00:00,65626.02,65698.51,65598.5,65686.5,275
2026-08-24T09:05:00+00:00,65686.5,65706.01,65656.5,65701.01,155
2026-08-24T09:10:00+00:00,65701.01,65721.02,65686.01,65706.02,162
2026-08-24T09:15:00+00:00,65706.02,65711.02,65666.02,65676.01,175
2026-08-24T09:20:00+00:00,65676.01,65713.52,65671.51,65691.51,165
2026-08-24T09:25:00+00:00,65691.51,65706.01,65676.5,65696.01,124
2026-08-24T09:30:00+00:00,65696.01,65726.01,65678.5,65721.52,151
2026-08-24T09:35:00+00:00,65721.52,65761,65708.5,65718.5,155
2026-08-24T09:40:00+00:00,65718.5,65746.02,65693.5,65741,138
2026-08-24T09:45:00+00:00,65741,65773.5,65738.52,65766.02,177
2026-08-24T09:50:00+00:00,65766.02,65773.51,65741,65748.51,104
2026-08-24T09:55:00+00:00,65748.51,65748.52,65736,65743.52,77
2026-08-24T10:00:00+00:00,65743.52,65803.52,65741,65796,216
2026-08-24T10:05:00+00:00,65796,65811.02,65776.01,65781,126
2026-08-24T10:10:00+00:00,65781,65788.52,65726,65726,151
2026-08-24T10:15:00+00:00,65726,65741.02,65718.52,65728.51,134
2026-08-24T10:20:00+00:00,65728.51,65776.02,65706,65768.52,164
2026-08-24T10:25:00+00:00,65768.52,65771.02,65713.5,65716,136
2026-08-24T10:30:00+00:00,65716,65771.02,65708.5,65766.01,220
2026-08-24T10:35:00+00:00,65766.01,65771.01,65733.5,65733.5,119
2026-08-24T10:40:00+00:00,65733.5,65733.5,65676,65691,174
2026-08-24T10:45:00+00:00,65691,65696,65666.01,65676.01,175
2026-08-24T10:50:00+00:00,65676.01,65681.01,65636,65658.52,171
2026-08-24T10:55:00+00:00,65658.52,65671,65636.51,65668.51,166
2026-08-24T11:00:00+00:00,65668.51,65681,65591,65611.01,355
2026-08-24T11:05:00+00:00,65611.01,65631.02,65578.5,65616,208
2026-08-24T11:10:00+00:00,65616,65628.5,65583.51,65613.52,214
2026-08-24T11:15:00+00:00,65613.52,65636,65596.5,65633.5,163
2026-08-24T11:20:00+00:00,65633.5,65661.01,65628.51,65656.01,158
2026-08-24T11:25:00+00:00,65656.01,65686.01,65648.5,65653.5,188
2026-08-24T11:30:00+00:00,65653.5,65781,65653.5,65776.02,345
2026-08-24T11:35:00+00:00,65776.02,65956.01,65773.5,65856.02,1041
2026-08-24T11:40:00+00:00,65856.02,65881.02,65813.52,65831,400
2026-08-24T11:45:00+00:00,65831,65831,65706,65711.01,314
2026-08-24T11:50:00+00:00,65711.01,65718.5,65668.5,65698.5,256
2026-08-24T11:55:00+00:00,65698.5,65706.02,65656.51,65676,128
2026-08-24T12:00:00+00:00,65676,65681.01,65591,65591,179
2026-08-24T12:05:00+00:00,65591,65608.52,65581,65596.01,132
2026-08-24T12:10:00+00:00,65596.01,65611.02,65566,65581,165
2026-08-24T12:15:00+00:00,65581,65596,65543.52,65561.02,181
2026-08-24T12:20:00+00:00,65561.02,65591.01,65543.5,65573.52,225
2026-08-24T12:25:00+00:00,65573.52,65598.5,65543.51,65591,144
2026-08-24T12:30:00+00:00,65591,65598.52,65411.52,65526.51,595
2026-08-24T12:35:00+00:00,65526.51,65611.02,65521.5,65556.52,267
2026-08-24T12:40:00+00:00,65556.52,65626.01,65501.5,65511.52,475
2026-08-24T12:45:00+00:00,65511.52,65601.01,65506.5,65601.01,234
2026-08-24T12:50:00+00:00,65601.01,65606.02,65536.5,65541.5,122
2026-08-24T12:55:00+00:00,65541.5,65561.02,65511.52,65521,133
2026-08-24T13:00:00+00:00,65521,65521.02,65456.5,65496,249
2026-08-24T13:05:00+00:00,65496,65516.02,65441.5,65461.02,194
2026-08-24T13:10:00+00:00,65461.02,65496.02,65451.5,65466.02,120
2026-08-24T13:15:00+00:00,65466.02,65488.51,65446.01,65448.5,152
2026-08-24T13:20:00+00:00,65448.5,65481.01,65443.5,65458.51,128
2026-08-24T13:25:00+00:00,65458.51,65533.51,65448.52,65496.02,315
2026-08-24T13:30:00+00:00,65496.02,65496.02,65216.51,65256.5,1364
2026-08-24T13:35:00+00:00,65256.5,65361,65091.5,65136.02,1612
2026-08-24T13:40:00+00:00,65136.02,65151.01,64993.52,64993.52,1035
2026-08-24T13:45:00+00:00,64993.52,65113.51,64948.52,65026,1507
2026-08-24T13:50:00+00:00,65026,65038.52,64911,65003.5,1368
2026-08-24T13:55:00+00:00,65003.5,65123.52,64981,65083.5,1097
2026-08-24T14:00:00+00:00,65083.5,65091.02,64911.51,64971.5,1376
2026-08-24T14:05:00+00:00,64971.5,65031.02,64946.02,64966.02,714
2026-08-24T14:10:00+00:00,64966.02,64971.02,64906,64966.02,539
2026-08-24T14:15:00+00:00,64966.02,64981.02,64886,64926.02,858
2026-08-24T14:20:00+00:00,64926.02,65046.01,64923.5,64958.51,866
2026-08-24T14:25:00+00:00,64958.51,64996.01,64861,64956.02,952
2026-08-24T14:30:00+00:00,64956.02,65138.51,64936.02,65138.51,705
2026-08-24T14:35:00+00:00,65138.51,65188.52,65106.01,65131.02,627
2026-08-24T14:40:00+00:00,65131.02,65191.02,65093.51,65093.52,542
2026-08-24T14:45:00+00:00,65093.52,65143.51,65073.51,65126.02,568
2026-08-24T14:50:00+00:00,65126.02,65128.52,65043.5,65093.52,463
2026-08-24T14:55:00+00:00,65093.52,65116.02,65051.01,65068.5,631
2026-08-24T15:00:00+00:00,65068.5,65081.01,65011.01,65041.01,448
2026-08-24T15:05:00+00:00,65041.01,65043.51,64976.01,64996,408
2026-08-24T15:10:00+00:00,64996,65063.51,64966,65021.01,510
2026-08-24T15:15:00+00:00,65021.01,65043.51,64988.5,65033.5,385
2026-08-24T15:20:00+00:00,65033.5,65113.52,65003.51,65113.52,420
2026-08-24T15:25:00+00:00,65113.52,65316,65113.52,65266.01,735
2026-08-24T15:30:00+00:00,65266.01,65306.02,65191.5,65221.5,725
2026-08-24T15:35:00+00:00,65221.5,65326.02,65196.5,65301,426
2026-08-24T15:40:00+00:00,65301,65356.02,65291.52,65331.52,345
2026-08-24T15:45:00+00:00,65331.52,65406.01,65326.5,65361.02,249
2026-08-24T15:50:00+00:00,65361.02,65368.52,65296.01,65296.02,302
2026-08-24T15:55:00+00:00,65296.02,65296.02,65228.52,65281,338
2026-08-24T16:00:00+00:00,65281,65368.52,65281,65288.5,803
2026-08-24T16:05:00+00:00,65288.5,65291,65251,65261.02,349
2026-08-24T16:10:00+00:00,65261.02,65281.02,65251.01,65281.02,203
2026-08-24T16:15:00+00:00,65281.02,65356.02,65278.5,65336,265
2026-08-24T16:20:00+00:00,65336,65401.02,65328.5,65356.01,231
2026-08-24T16:25:00+00:00,65356.01,65366.02,65343.52,65356.01,194
2026-08-24T16:30:00+00:00,65356.01,65383.52,65318.52,65333.52,199
2026-08-24T16:35:00+00:00,65333.52,65361,65313.5,65326,175
2026-08-24T16:40:00+00:00,65326,65326.02,65296,65311.01,129
2026-08-24T16:45:00+00:00,65311.01,65333.52,65278.5,65333.52,182
2026-08-24T16:50:00+00:00,65333.52,65338.5,65288.5,65298.52,160
2026-08-24T16:55:00+00:00,65298.52,65301.02,65266.01,65278.52,186
2026-08-24T17:00:00+00:00,65278.52,65311.02,65268.52,65301.02,195
2026-08-24T17:05:00+00:00,65301.02,65463.52,65296.01,65416.5,358
2026-08-24T17:10:00+00:00,65416.5,65486.02,65396.5,65436,413
2026-08-24T17:15:00+00:00,65436,65481.02,65371.01,65406.5,411
2026-08-24T17:20:00+00:00,65406.5,65426,65331.51,65346,552
2026-08-24T17:25:00+00:00,65346,65376.02,65296.52,65311.01,375
2026-08-24T17:30:00+00:00,65311.01,65316.02,65281.5,65296.5,248
2026-08-24T17:35:00+00:00,65296.5,65311,65271.5,65301.52,210
2026-08-24T17:40:00+00:00,65301.52,65316.01,65266.5,65271.01,222
2026-08-24T17:45:00+00:00,65271.01,65306,65261.5,65286.5,280
2026-08-24T17:50:00+00:00,65286.5,65311.02,65256.5,65281,269
2026-08-24T17:55:00+00:00,65281,65291.02,65261.5,65276.52,190
2026-08-24T18:00:00+00:00,65276.52,65371.02,65276.5,65361.02,235
2026-08-24T18:05:00+00:00,65361.02,65421.02,65351.51,65406.52,179
2026-08-24T18:10:00+00:00,65406.52,65426.02,65386.5,65421.52,170
2026-08-24T18:15:00+00:00,65421.52,65453.51,65401.5,65426.52,242
2026-08-24T18:20:00+00:00,65426.52,65546.02,65421.5,65526.52,292
2026-08-24T18:25:00+00:00,65526.52,65551.02,65521.5,65541.01,210
2026-08-24T18:30:00+00:00,65541.01,65561.02,65501.5,65526.01,198
2026-08-24T18:35:00+00:00,65526.01,65541.02,65461.5,65486.01,245
2026-08-24T18:40:00+00:00,65486.01,65516.02,65481.51,65506.01,148
2026-08-24T18:45:00+00:00,65506.01,65511.01,65476.51,65491.02,134
2026-08-24T18:50:00+00:00,65491.02,65506.02,65451.01,65451.52,145
2026-08-24T18:55:00+00:00,65451.52,65471.01,65431.51,65431.52,174
2026-08-24T19:00:00+00:00,65431.52,65456.02,65431.5,65446.51,155
2026-08-24T19:05:00+00:00,65446.51,65458.51,65416.51,65421.5,76
2026-08-24T19:10:00+00:00,65421.5,65453.52,65421.5,65451.01,120
2026-08-24T19:15:00+00:00,65451.01,65461.02,65416.5,65451.52,141
2026-08-24T19:20:00+00:00,65451.52,65466.01,65436.5,65448.52,127
2026-08-24T19:25:00+00:00,65448.52,65456.02,65436.5,65441.51,109
2026-08-24T19:30:00+00:00,65441.51,65476.02,65411.5,65421.02,183
2026-08-24T19:35:00+00:00,65421.02,65421.02,65386.5,65386.5,108
2026-08-24T19:40:00+00:00,65386.5,65396.02,65346.5,65381,115
2026-08-24T19:45:00+00:00,65381,65381,65321.5,65351.5,155
2026-08-24T19:50:00+00:00,65351.5,65371,65296.5,65351.01,246
2026-08-24T19:55:00+00:00,65351.01,65391.02,65311.5,65356.52,382
2026-08-24T20:00:00+00:00,65356.52,65386.02,65346.5,65366.51,89
2026-08-24T20:05:00+00:00,65366.51,65376.51,65361.51,65371.01,29
2026-08-24T20:10:00+00:00,65371.01,65371.01,65351.5,65361.51,13
2026-08-24T20:15:00+00:00,65361.51,65386.02,65361.51,65383.5,14
2026-08-24T20:20:00+00:00,65383.5,65386.02,65336.5,65336.51,23
2026-08-24T20:25:00+00:00,65336.51,65336.52,65326.52,65326.52,10
2026-08-24T20:30:00+00:00,65326.52,65346.51,65326.51,65341.5,24
2026-08-24T20:35:00+00:00,65341.5,65366.5,65336.5,65361.5,38
2026-08-24T20:40:00+00:00,65361.5,65361.52,65341.5,65346.5,77
2026-08-24T20:45:00+00:00,65346.5,65351.52,65311.5,65316.5,34
2026-08-24T20:50:00+00:00,65316.5,65326.01,65306,65311,14
2026-08-24T20:55:00+00:00,65311,65386.01,65306.52,65386.01,70
2026-08-24T22:00:00+00:00,65386.01,65386.01,65303.5,65313.5,7
2026-08-24T22:05:00+00:00,65313.5,65403.51,65313.5,65398.5,7
2026-08-24T22:20:00+00:00,65398.5,65398.5,65353.5,65353.5,2
2026-08-24T22:25:00+00:00,65353.5,65363.5,65348.5,65353.52,12
2026-08-24T22:30:00+00:00,65353.52,65373.52,65353.52,65373.51,8
2026-08-24T22:35:00+00:00,65373.51,65373.52,65358.52,65363.51,4
2026-08-24T22:55:00+00:00,65363.51,65438.51,65358.5,65418.5,7
2026-08-24T23:15:00+00:00,65418.5,65418.5,65383.5,65393.5,4
2026-08-24T23:20:00+00:00,65393.5,65423.52,65373.5,65373.5,26
2026-08-24T23:25:00+00:00,65373.5,65378.02,65358.5,65378.02,9
2026-08-24T23:30:00+00:00,65378.02,65378.02,65303.5,65308.52,46
2026-08-24T23:35:00+00:00,65308.52,65308.52,65258.5,65278.52,67
2026-08-24T23:40:00+00:00,65278.52,65328.52,65213.52,65263.51,113
2026-08-24T23:45:00+00:00,65263.51,65308.52,65143.5,65183.52,507
2026-08-24T23:50:00+00:00,65183.52,65258.52,65143.5,65173.51,293
2026-08-24T23:55:00+00:00,65173.51,65228.5,65123.5,65148.5,324
2026-08-25T00:00:00+00:00,65148.5,65318.51,64973.52,64993.5,2326
2026-08-25T00:05:00+00:00,64993.5,65073.52,64933.5,64968,2265
2026-08-25T00:10:00+00:00,64968,64993.52,64733.5,64733.5,1284
2026-08-25T00:15:00+00:00,64733.5,64738.02,64613.5,64678.5,1749
2026-08-25T00:20:00+00:00,64678.5,64928.01,64653.51,64898.52,1714
2026-08-25T00:25:00+00:00,64898.52,65095.5,64888.51,65013.5,1433
2026-08-25T00:30:00+00:00,65013.5,65053.52,64903.51,64983.5,1511
2026-08-25T00:35:00+00:00,64983.5,65038.51,64838.51,64873.5,1235
2026-08-25T00:40:00+00:00,64873.5,64973.02,64793.5,64963.51,1313
2026-08-25T00:45:00+00:00,64963.51,65103.52,64903.5,64993.51,1220
2026-08-25T00:50:00+00:00,64993.51,65233.5,64963.5,65173.51,934
2026-08-25T00:55:00+00:00,65173.51,65233.51,65138.5,65138.5,727
2026-08-25T01:00:00+00:00,65138.5,65153.51,65003.5,65113.52,1025
2026-08-25T01:05:00+00:00,65113.52,65133.52,64958.5,65038.5,1086
2026-08-25T01:10:00+00:00,65038.5,65078.01,64933.5,65013.5,1114
2026-08-25T01:15:00+00:00,65013.5,65083,64958.5,65038.51,992
2026-08-25T01:20:00+00:00,65038.51,65058.52,64898.5,64913.51,801
2026-08-25T01:25:00+00:00,64913.51,65003.52,64853.5,64943.52,893
2026-08-25T01:30:00+00:00,64943.52,65083,64938.51,65068.51,1035
2026-08-25T01:35:00+00:00,65068.51,65283.01,65053.51,65270.51,759
2026-08-25T01:40:00+00:00,65270.51,65303.02,65128.5,65218.5,962
2026-08-25T01:45:00+00:00,65218.5,65283.02,65178.5,65243.5,902
2026-08-25T01:50:00+00:00,65243.5,65298.5,65183.52,65283.5,896
2026-08-25T01:55:00+00:00,65283.5,65293.51,65198.5,65208.51,714
2026-08-25T02:00:00+00:00,65208.51,65283.52,65183.5,65258.52,846
2026-08-25T02:05:00+00:00,65258.52,65288,65178.5,65198.5,704
2026-08-25T02:10:00+00:00,65198.5,65348,65198.5,65343.52,568
2026-08-25T02:15:00+00:00,65343.52,65513.52,65333.5,65508.5,548
2026-08-25T02:20:00+00:00,65508.5,65598.51,65468.5,65598.51,598
2026-08-25T02:25:00+00:00,65598.51,65623,65488.5,65608.51,725
2026-08-25T02:30:00+00:00,65608.51,65778.02,65603.5,65768.52,795
2026-08-25T02:35:00+00:00,65768.52,65778.52,65648.52,65708.5,494
2026-08-25T02:40:00+00:00,65708.5,65788,65663.5,65663.5,543
2026-08-25T02:45:00+00:00,65663.5,65668.5,65593.52,65603.5,537
2026-08-25T02:50:00+00:00,65603.5,65613.51,65568.51,65588.5,476
2026-08-25T02:55:00+00:00,65588.5,65638.51,65568.5,65613.52,347
2026-08-25T03:00:00+00:00,65613.52,65743,65608.51,65713.5,416
2026-08-25T03:05:00+00:00,65713.5,65833.51,65698.5,65788.51,487
2026-08-25T03:10:00+00:00,65788.51,65863.51,65783.5,65818.5,451
2026-08-25T03:15:00+00:00,65818.5,65923.02,65818.5,65913.51,332
2026-08-25T03:20:00+00:00,65913.51,65923.02,65808.5,65818.5,294
2026-08-25T03:25:00+00:00,65818.5,65878.51,65813.5,65863.52,337
2026-08-25T03:30:00+00:00,65863.52,65873.02,65768.51,65803.51,981
2026-08-25T03:35:00+00:00,65803.51,65833.52,65688.02,65728.52,582
2026-08-25T03:40:00+00:00,65728.52,65740.51,65653.5,65708.51,463
2026-08-25T03:45:00+00:00,65708.51,65728.02,65608.51,65613.52,564
2026-08-25T03:50:00+00:00,65613.52,65698.02,65608.5,65688.5,619
2026-08-25T03:55:00+00:00,65688.5,65758.52,65658.5,65738.5,501
2026-08-25T04:00:00+00:00,65738.5,65793.5,65693.5,65793.5,565
2026-08-25T04:05:00+00:00,65793.5,65833.02,65738.52,65803.5,523
2026-08-25T04:10:00+00:00,65803.5,65848.51,65758.5,65838.5,395
2026-08-25T04:15:00+00:00,65838.5,65848.5,65773.5,65773.5,365
2026-08-25T04:20:00+00:00,65773.5,65823.02,65738.51,65783.52,316
2026-08-25T04:25:00+00:00,65783.52,65813.51,65763.5,65788.5,380
2026-08-25T04:30:00+00:00,65788.5,65888.01,65768.51,65828.52,506
2026-08-25T04:35:00+00:00,65828.52,65863.02,65803.5,65858.52,416
2026-08-25T04:40:00+00:00,65858.52,65893.02,65823.5,65828.51,348
2026-08-25T04:45:00+00:00,65828.51,65838.02,65728.5,65758.51,503
2026-08-25T04:50:00+00:00,65758.51,65758.52,65698.5,65738.51,515
2026-08-25T04:55:00+00:00,65738.51,65783.51,65718.51,65763.52,418
2026-08-25T05:00:00+00:00,65763.52,65818.02,65738.5,65763.5,748
2026-08-25T05:05:00+00:00,65763.5,65773.02,65688.5,65718.01,520
2026-08-25T05:10:00+00:00,65718.01,65768.51,65703.52,65723.5,556
2026-08-25T05:15:00+00:00,65723.5,65793.52,65723.5,65778.52,470
2026-08-25T05:20:00+00:00,65778.52,65865.52,65773.51,65788.5,512
2026-08-25T05:25:00+00:00,65788.5,65833.02,65778.5,65818.51,404
2026-08-25T05:30:00+00:00,65818.51,65828.52,65743.51,65818.02,445
2026-08-25T05:35:00+00:00,65818.02,65838.02,65793.5,65798.5,277
2026-08-25T05:40:00+00:00,65798.5,65825.51,65698.51,65703.52,396
2026-08-25T05:45:00+00:00,65703.52,65798.5,65688.51,65743.51,469
2026-08-25T05:50:00+00:00,65743.51,65798.02,65718.5,65763.52,423
2026-08-25T05:55:00+00:00,65763.52,65803.02,65758.5,65763.5,413
2026-08-25T06:00:00+00:00,65763.5,65823.51,65748.5,65815.5,490
2026-08-25T06:05:00+00:00,65815.5,65858.01,65798.51,65828.01,255
2026-08-25T06:10:00+00:00,65828.01,65880.51,65818.01,65850.51,275
2026-08-25T06:15:00+00:00,65850.51,65898.02,65845.51,65853,186
2026-08-25T06:20:00+00:00,65853,65930.52,65833.01,65908,247
2026-08-25T06:25:00+00:00,65908,65958,65888.51,65948,291
2026-08-25T06:30:00+00:00,65948,65953,65878.5,65928.5,294
2026-08-25T06:35:00+00:00,65928.5,65928.52,65858.52,65893,149
2026-08-25T06:40:00+00:00,65893,65920.51,65868.51,65920.51,127
2026-08-25T06:45:00+00:00,65920.51,65958.02,65888.5,65893.51,142
2026-08-25T06:50:00+00:00,65893.51,65910.52,65863.5,65888.51,90
2026-08-25T06:55:00+00:00,65888.51,65933.01,65888.5,65928.01,69
2026-08-25T07:00:00+00:00,65928.01,65990.5,65913.5,65988.01,189
2026-08-25T07:05:00+00:00,65988.01,65993.02,65888.51,65903.01,160
2026-08-25T07:10:00+00:00,65903.01,65905.51,65858.51,65873.51,110
2026-08-25T07:15:00+00:00,65873.51,65898.52,65828.51,65833.52,70
2026-08-25T07:20:00+00:00,65833.52,65893.02,65818.51,65868.5,111
2026-08-25T07:25:00+00:00,65868.5,65883.02,65828.51,65853.5,119
2026-08-25T07:30:00+00:00,65853.5,65888.52,65853.5,65873.51,122
2026-08-25T07:35:00+00:00,65873.51,65888.5,65863.5,65883.52,46
2026-08-25T07:40:00+00:00,65883.52,65928.02,65858.5,65913.52,71
2026-08-25T07:45:00+00:00,65913.52,65923.01,65838.5,65848.52,65
2026-08-25T07:50:00+00:00,65848.52,65848.52,65818.5,65818.5,110
2026-08-25T07:55:00+00:00,65818.5,65868.02,65818.5,65843.02,97
2026-08-25T08:00:00+00:00,65843.02,65908.52,65798.52,65823.5,544
2026-08-25T08:05:00+00:00,65823.5,65853.52,65793.5,65838.5,267
2026-08-25T08:10:00+00:00,65838.5,65838.51,65763.52,65773.51,238
2026-08-25T08:15:00+00:00,65773.51,65863.01,65768.5,65808.5,318
2026-08-25T08:20:00+00:00,65808.5,66133.52,65788.5,66108.01,1243
2026-08-25T08:25:00+00:00,66108.01,66108.01,65908.5,65908.5,743
2026-08-25T08:30:00+00:00,65908.5,65963.51,65853.5,65943.01,392
2026-08-25T08:35:00+00:00,65943.01,65948.02,65833.5,65853.01,273
2026-08-25T08:40:00+00:00,65853.01,65895.5,65848.51,65893,171
2026-08-25T08:45:00+00:00,65893,65908.02,65873.52,65888.51,166
2026-08-25T08:50:00+00:00,65888.51,65968.01,65888.5,65935.5,312
2026-08-25T08:55:00+00:00,65935.5,66010.52,65913.02,66003,275
2026-08-25T09:00:00+00:00,66003,66005.51,65933.51,65983,363
2026-08-25T09:05:00+00:00,65983,66108,65963,66078.01,358
2026-08-25T09:10:00+00:00,66078.01,66108.02,66048.51,66063,321
2026-08-25T09:15:00+00:00,66063,66103.02,66048.5,66088.01,297
2026-08-25T09:20:00+00:00,66088.01,66128.01,66078,66118.02,250
2026-08-25T09:25:00+00:00,66118.02,66123,66068.5,66093.5,229
2026-08-25T09:30:00+00:00,66093.5,66308.01,66093.5,66283.01,561
2026-08-25T09:35:00+00:00,66283.01,66290.52,66148.51,66163,547
2026-08-25T09:40:00+00:00,66163,66228.02,66148.51,66183.02,389
2026-08-25T09:45:00+00:00,66183.02,66273.02,66163.51,66273.02,330
2026-08-25T09:50:00+00:00,66273.02,66308.02,66248.5,66298,265
2026-08-25T09:55:00+00:00,66298,66363.01,66268.5,66273.01,344
2026-08-25T10:00:00+00:00,66273.01,66278,66178.51,66188.5,225
2026-08-25T10:05:00+00:00,66188.5,66263.02,66188.5,66263.02,201
2026-08-25T10:10:00+00:00,66263.02,66268.02,66213.01,66225.51,128
2026-08-25T10:15:00+00:00,66225.51,66225.51,66183.02,66213,118
2026-08-25T10:20:00+00:00,66213,66218.02,66185.51,66190.5,127
2026-08-25T10:25:00+00:00,66190.5,66198.02,66170.5,66175.52,104
2026-08-25T10:30:00+00:00,66175.52,66203,66170.51,66183.02,117
2026-08-25T10:35:00+00:00,66183.02,66208.01,66173.02,66203.01,100
2026-08-25T10:40:00+00:00,66203.01,66218.02,66158.01,66160.5,152
2026-08-25T10:45:00+00:00,66160.5,66228.01,66158.02,66213.01,154
2026-08-25T10:50:00+00:00,66213.01,66238.01,66190.51,66190.51,115
2026-08-25T10:55:00+00:00,66190.51,66200.51,66180.51,66198,122
2026-08-25T11:00:00+00:00,66198,66205.51,66143.51,66155.5,143
2026-08-25T11:05:00+00:00,66155.5,66155.5,66073.5,66133.01,221
2026-08-25T11:10:00+00:00,66133.01,66158.02,66093.5,66128.02,201
2026-08-25T11:15:00+00:00,66128.02,66133.02,66103,66108.51,102
2026-08-25T11:20:00+00:00,66108.51,66163.02,66108.51,66158.01,90
2026-08-25T11:25:00+00:00,66158.01,66163.01,66118.01,66148.01,113
2026-08-25T11:30:00+00:00,66148.01,66183.01,66143.01,66153.01,183
2026-08-25T11:35:00+00:00,66153.01,66173.01,66138.51,66170.51,112
2026-08-25T11:40:00+00:00,66170.51,66173,66128.5,66143,116
2026-08-25T11:45:00+00:00,66143,66188,66132.98,66170.48,164
2026-08-25T11:50:00+00:00,66170.48,66193,66157.98,66165.5,154
2026-08-25T11:55:00+00:00,66165.5,66175.48999999999,66152.98,66167.98999999999,116
2026-08-25T12:00:00+00:00,66167.98999999999,66228,66145.48999999999,66228,243
2026-08-25T12:05:00+00:00,66228,66240.5,66213,66235.48999999999,163
2026-08-25T12:10:00+00:00,66235.48999999999,66265.5,66195.5,66258,274
2026-08-25T12:15:00+00:00,66258,66325.5,66247.98,66305.5,300
2026-08-25T12:20:00+00:00,66305.5,66310.5,66215.48,66253,281
2026-08-25T12:25:00+00:00,66253,66270.48,66232.98,66265.48,148
2026-08-25T12:30:00+00:00,66265.48,66283,66157.98999999999,66172.98999999999,288
2026-08-25T12:35:00+00:00,66172.98999999999,66175.5,66100.48,66100.48999999999,255
2026-08-25T12:40:00+00:00,66100.48999999999,66145.5,66083,66135.48999999999,201
2026-08-25T12:45:00+00:00,66135.48999999999,66137.98999999999,66090.48999999999,66100.5,168
2026-08-25T12:50:00+00:00,66100.5,66138,66100.5,66128,172
2026-08-25T12:55:00+00:00,66128,66138,66107.98999999999,66107.98999999999,116
2026-08-25T13:00:00+00:00,66107.98999999999,66123,66060.48,66060.48,300
2026-08-25T13:05:00+00:00,66060.48,66087.98999999999,66030.48,66055.48,257
2026-08-25T13:10:00+00:00,66055.48,66112.98999999999,66048.48,66100.48999999999,376
2026-08-25T13:15:00+00:00,66100.48999999999,66112.98999999999,66065.48999999999,66080.48,241
2026-08-25T13:20:00+00:00,66080.48,66095.5,66058,66072.98999999999,245
2026-08-25T13:25:00+00:00,66072.98999999999,66123,66022.98,66025.48,280
2026-08-25T13:30:00+00:00,66025.48,66158,66008,66142.98,1583
2026-08-25T13:35:00+00:00,66142.98,66147.98999999999,65950.48999999999,65987.98999999999,1516
2026-08-25T13:40:00+00:00,65987.98999999999,66043,65903.48,65973.5,1333
2026-08-25T13:45:00+00:00,65973.5,66137.98,65943.48999999999,66090.48999999999,1109
2026-08-25T13:50:00+00:00,66090.48999999999,66102.98999999999,66007.98,66007.98,955
2026-08-25T13:55:00+00:00,66007.98,66008,65932.98,65958.48999999999,747
2026-08-25T14:00:00+00:00,65958.48999999999,65967.98,65813.48,65832.98,1107
2026-08-25T14:05:00+00:00,65832.98,65945.48999999999,65823.48,65893.48999999999,996
2026-08-25T14:10:00+00:00,65893.48999999999,65973,65833.48,65862.98999999999,902
2026-08-25T14:15:00+00:00,65862.98999999999,65863.5,65783.48999999999,65798,717
2026-08-25T14:20:00+00:00,65798,65843,65727.98,65752.98999999999,481
2026-08-25T14:25:00+00:00,65752.98999999999,65808,65715.5,65715.5,671
2026-08-25T14:30:00+00:00,65715.5,65808,65568.48,65752.98,1053
2026-08-25T14:35:00+00:00,65752.98,65952.98999999999,65752.98,65930.48999999999,512
2026-08-25T14:40:00+00:00,65930.48999999999,65933,65792.98,65862.98,657
2026-08-25T14:45:00+00:00,65862.98,65885.5,65842.98,65855.5,634
2026-08-25T14:50:00+00:00,65855.5,65950.5,65842.98,65925.5,529
2026-08-25T14:55:00+00:00,65925.5,65933,65855.5,65880.48999999999,378
2026-08-25T15:00:00+00:00,65880.48999999999,65903,65850.48,65865.5,541
2026-08-25T15:05:00+00:00,65865.5,65882.98999999999,65820.48,65860.48999999999,390
2026-08-25T15:10:00+00:00,65860.48999999999,65895.48,65850.48,65885.48,294
2026-08-25T15:15:00+00:00,65885.48,65905.5,65855.48,65905.48,312
2026-08-25T15:20:00+00:00,65905.48,65965.48999999999,65903,65920.48,284
2026-08-25T15:25:00+00:00,65920.48,66020.48999999999,65893,66012.98,284
2026-08-25T15:30:00+00:00,66012.98,66098,66005.48,66005.5,486
2026-08-25T15:35:00+00:00,66005.5,66095.48,65997.98999999999,65997.98999999999,445
2026-08-25T15:40:00+00:00,65997.98999999999,66023,65970.48,65983,249
2026-08-25T15:45:00+00:00,65983,65983,65908.48,65913.5,263
2026-08-25T15:50:00+00:00,65913.5,65967.98,65903.48,65933.5,380
2026-08-25T15:55:00+00:00,65933.5,65982.98999999999,65928.48,65963.5,303
2026-08-25T16:00:00+00:00,65963.5,66028,65958.48,66008.48999999999,194
2026-08-25T16:05:00+00:00,66008.48999999999,66053,65998.48,66008.48999999999,269
2026-08-25T16:10:00+00:00,66008.48999999999,66047.98,66008.48,66027.98,264
2026-08-25T16:15:00+00:00,66027.98,66048,66013.48,66032.98999999999,190
2026-08-25T16:20:00+00:00,66032.98999999999,66048.48,66018.48,66038,197
2026-08-25T16:25:00+00:00,66038,66083,66033.48,66063,122
2026-08-25T16:30:00+00:00,66063,66082.98999999999,66048.48,66052.98999999999,113
2026-08-25T16:35:00+00:00,66052.98999999999,66063,66023.48,66052.98999999999,198
2026-08-25T16:40:00+00:00,66052.98999999999,66052.98999999999,65978.48,65993.48999999999,183
2026-08-25T16:45:00+00:00,65993.48999999999,66033,65977.98,65988,100
2026-08-25T16:50:00+00:00,65988,66007.98,65967.98999999999,65980.5,108
2026-08-25T16:55:00+00:00,65980.5,66048,65972.98999999999,66020.48999999999,167
2026-08-25T17:00:00+00:00,66020.48999999999,66020.48999999999,65938.48999999999,65952.98,164
2026-08-25T17:05:00+00:00,65952.98,65963,65900.48,65915.5,174
2026-08-25T17:10:00+00:00,65915.5,65930.48,65895.48,65925.48999999999,145
2026-08-25T17:15:00+00:00,65925.48999999999,65947.98999999999,65905.5,65945.48,150
2026-08-25T17:20:00+00:00,65945.48,65950.5,65910.48,65920.48999999999,116
2026-08-25T17:25:00+00:00,65920.48999999999,65920.48999999999,65882.98999999999,65900.48,122
2026-08-25T17:30:00+00:00,65900.48,65932.98999999999,65897.98,65922.98999999999,160
2026-08-25T17:35:00+00:00,65922.98999999999,65938,65913,65923,78
2026-08-25T17:40:00+00:00,65923,65932.98,65907.98,65920.48999999999,95
2026-08-25T17:45:00+00:00,65920.48999999999,65942.98,65912.98999999999,65935.5,110
2026-08-25T17:50:00+00:00,65935.5,65935.5,65912.98,65928,77
2026-08-25T17:55:00+00:00,65928,65932.98999999999,65898,65917.98999999999,94
2026-08-25T18:00:00+00:00,65917.98999999999,65918,65875.48,65875.48999999999,123
2026-08-25T18:05:00+00:00,65875.48999999999,65908,65873,65900.48,128
2026-08-25T18:10:00+00:00,65900.48,65918,65890.48999999999,65890.48999999999,102
2026-08-25T18:15:00+00:00,65890.48999999999,65908,65890.48999999999,65905.5,90
2026-08-25T18:20:00+00:00,65905.5,65930.5,65905.5,65927.98999999999,84
2026-08-25T18:25:00+00:00,65927.98999999999,65930.48999999999,65907.98,65918,77
2026-08-25T18:30:00+00:00,65918,65965.48999999999,65918,65952.98,108
2026-08-25T18:35:00+00:00,65952.98,65960.48999999999,65935.48,65950.48999999999,107
2026-08-25T18:40:00+00:00,65950.48999999999,65995.5,65945.5,65995.5,77
2026-08-25T18:45:00+00:00,65995.5,66038,65995.48999999999,66027.98,100
2026-08-25T18:50:00+00:00,66027.98,66033,66000.48,66007.98,102
2026-08-25T18:55:00+00:00,66007.98,66015.48999999999,65995.48999999999,66002.98999999999,79
2026-08-25T19:00:00+00:00,66002.98999999999,66020.5,65965.48,65965.48,115
2026-08-25T19:05:00+00:00,65965.48,65990.5,65965.48,65985.48999999999,73
2026-08-25T19:10:00+00:00,65985.48999999999,65988,65947.98,65950.48999999999,82
2026-08-25T19:15:00+00:00,65950.48999999999,65953,65912.98,65927.98,92
2026-08-25T19:20:00+00:00,65927.98,65930.5,65902.98,65930.5,88
2026-08-25T19:25:00+00:00,65930.5,65945.5,65917.98999999999,65942.98999999999,53
2026-08-25T19:30:00+00:00,65942.98999999999,65950.48999999999,65920.48999999999,65937.98999999999,143
2026-08-25T19:35:00+00:00,65937.98999999999,65952.98999999999,65933,65945.5,131
2026-08-25T19:40:00+00:00,65945.5,65997.98,65945.5,65967.98999999999,82
2026-08-25T19:45:00+00:00,65967.98999999999,65995.5,65937.98999999999,65988,119
2026-08-25T19:50:00+00:00,65988,66100.5,65985.5,66093,219
2026-08-25T19:55:00+00:00,66093,66103,66035.48,66068.5,345
2026-08-25T20:00:00+00:00,66068.5,66083.5,66033.48,66078.48999999999,208
2026-08-25T20:05:00+00:00,66078.48999999999,66153.48,66063.48,66128.48,131
2026-08-25T20:10:00+00:00,66128.48,66143.48999999999,66123.48,66128.48,60
2026-08-25T20:15:00+00:00,66128.48,66143.5,66113.5,66138.5,93
2026-08-25T20:20:00+00:00,66138.5,66202.98999999999,66138.5,66183.5,77
2026-08-25T20:25:00+00:00,66183.5,66203.48999999999,66163.48,66168.48999999999,56
2026-08-25T20:30:00+00:00,66168.48999999999,66188.48999999999,66168.48999999999,66183.5,24
2026-08-25T20:35:00+00:00,66183.5,66183.5,66158.48999999999,66158.48999999999,17
2026-08-25T20:40:00+00:00,66158.48999999999,66162.98999999999,66143.48,66143.48,36
2026-08-25T20:45:00+00:00,66143.48,66153,66113.48999999999,66127.98999999999,46
2026-08-25T20:50:00+00:00,66127.98999999999,66142.98999999999,66117.98,66123.48999999999,44
2026-08-25T20:55:00+00:00,66123.48999999999,66128.5,66007.98999999999,66025.48999999999,88
2026-08-25T22:00:00+00:00,66015.51,66130.12,66015.51,66120.11,9
2026-08-25T22:05:00+00:00,66120.11,66120.11,66050.1,66050.1,41
2026-08-25T22:10:00+00:00,66050.1,66055.12,66015.11,66025.12,30
2026-08-25T22:15:00+00:00,66025.12,66040.12,66005.12,66009.61,21
2026-08-25T22:20:00+00:00,66009.61,66009.61,65970.12,65985.12,34
2026-08-25T22:25:00+00:00,65985.12,66020.12,65985.12,66020.12,32
2026-08-25T22:30:00+00:00,66020.12,66044.62,66015.1,66035.1,24
2026-08-25T22:35:00+00:00,66035.1,66035.1,65980.11,65985.12,29
2026-08-25T22:40:00+00:00,65985.12,66014.61,65980.12,66000.11,32
2026-08-25T22:45:00+00:00,66000.11,66010.12,65990.1,66000.12,25
2026-08-25T22:50:00+00:00,66000.12,66015.1,65995.11,65995.11,25
2026-08-25T22:55:00+00:00,65995.11,66007.1,65980.11,65980.12,37
2026-08-25T23:00:00+00:00,65980.12,66000.11,65980.1,66000.11,17
2026-08-25T23:05:00+00:00,66000.11,66015.12,65955.1,65970.12,39
2026-08-25T23:10:00+00:00,65970.12,65980.11,65970.12,65975.11,16
2026-08-25T23:15:00+00:00,65975.11,65980.11,65940.1,65965.1,28
2026-08-25T23:20:00+00:00,65965.1,65970.12,65945.1,65950.1,29
2026-08-25T23:25:00+00:00,65950.1,65970.12,65930.11,65955.1,31
2026-08-25T23:30:00+00:00,65955.1,65970.1,65920.1,65940.11,97
2026-08-25T23:35:00+00:00,65940.11,66009.61,65930.1,65985.11,54
2026-08-25T23:40:00+00:00,65985.11,65994.61,65905.11,65939.6,98
2026-08-25T23:45:00+00:00,65939.6,65995.11,65825.1,65870.1,564
2026-08-25T23:50:00+00:00,65870.1,65875.1,65780.1,65845.12,255
2026-08-25T23:55:00+00:00,65845.12,65850.11,65660.1,65660.1,290
2026-08-26T00:00:00+00:00,65660.1,65665.1,65420.11,65660.12,1836
2026-08-26T00:05:00+00:00,65660.12,65695.12,65450.1,65670.1,1056
2026-08-26T00:10:00+00:00,65670.1,65690.12,65540.1,65555.11,1011
2026-08-26T00:15:00+00:00,65555.11,65759.62,65545.1,65640.1,1317
2026-08-26T00:20:00+00:00,65640.1,65715.12,65565.11,65595.1,1397
2026-08-26T00:25:00+00:00,65595.1,65609.62,65515.11,65590.1,971
2026-08-26T00:30:00+00:00,65590.1,65665.12,65565.11,65655.1,1025
2026-08-26T00:35:00+00:00,65655.1,65690.12,65510.1,65515.1,1096
2026-08-26T00:40:00+00:00,65515.1,65655.12,65485.1,65570.12,869
2026-08-26T00:45:00+00:00,65570.12,65699.61,65525.11,65610.12,958
2026-08-26T00:50:00+00:00,65610.12,65650.1,65415.1,65440.11,1050
2026-08-26T00:55:00+00:00,65440.11,65575.12,65400.11,65400.11,739
2026-08-26T01:00:00+00:00,65400.11,65585.12,65390.1,65585.11,1306
2026-08-26T01:05:00+00:00,65585.11,65622.11,65510.1,65580.12,930
2026-08-26T01:10:00+00:00,65580.12,65645.1,65530.11,65595.1,980
2026-08-26T01:15:00+00:00,65595.1,65660.12,65540.11,65565.1,619
2026-08-26T01:20:00+00:00,65565.1,65640.12,65535.1,65540.12,611
2026-08-26T01:25:00+00:00,65540.12,65640.1,65505.1,65625.11,660
2026-08-26T01:30:00+00:00,65625.11,65735.11,65590.1,65670.1,886
2026-08-26T01:35:00+00:00,65670.1,65749.6,65605.12,65725.11,430
2026-08-26T01:40:00+00:00,65725.11,65749.62,65655.1,65714.61,530
2026-08-26T01:45:00+00:00,65714.61,65725.12,65635.1,65640.12,490
2026-08-26T01:50:00+00:00,65640.12,65789.61,65640.1,65770.12,472
2026-08-26T01:55:00+00:00,65770.12,65834.6,65760.12,65825.12,326
2026-08-26T02:00:00+00:00,65825.12,65849.61,65765.12,65835.1,401
2026-08-26T02:05:00+00:00,65835.1,65849.62,65760.1,65829.61,418
2026-08-26T02:10:00+00:00,65829.61,65949.6,65829.61,65935.11,344
2026-08-26T02:15:00+00:00,65935.11,66079.62,65925.12,66079.62,313
2026-08-26T02:20:00+00:00,66079.62,66119.62,66060.1,66095.11,305
2026-08-26T02:25:00+00:00,66095.11,66234.62,66095.11,66230.11,269
2026-08-26T02:30:00+00:00,66230.11,66290.12,66225.1,66270.1,323
2026-08-26T02:35:00+00:00,66270.1,66332.1,66220.12,66320.11,246
2026-08-26T02:40:00+00:00,66320.11,66404.6,66320.11,66365.1,295
2026-08-26T02:45:00+00:00,66365.1,66489.62,66360.11,66455.12,353
2026-08-26T02:50:00+00:00,66455.12,66504.61,66435.11,66470.12,258
2026-08-26T02:55:00+00:00,66470.12,66514.61,66415.1,66415.12,247
2026-08-26T03:00:00+00:00,66415.12,66422.11,66320.1,66350.12,359
2026-08-26T03:05:00+00:00,66350.12,66379.62,66325.1,66340.11,282
2026-08-26T03:10:00+00:00,66340.11,66350.11,66315.1,66350.11,235
2026-08-26T03:15:00+00:00,66350.11,66360.1,66310.1,66340.1,237
2026-08-26T03:20:00+00:00,66340.1,66342.1,66260.1,66270.12,177
2026-08-26T03:25:00+00:00,66270.12,66280.12,66230.1,66249.6,146
2026-08-26T03:30:00+00:00,66249.6,66274.61,66180.1,66220.12,765
2026-08-26T03:35:00+00:00,66220.12,66337.11,66195.11,66337.11,494
2026-08-26T03:40:00+00:00,66337.11,66355.11,66280.1,66290.1,471
2026-08-26T03:45:00+00:00,66290.1,66395.1,66290.1,66365.12,453
2026-08-26T03:50:00+00:00,66365.12,66390.1,66315.11,66320.12,448
2026-08-26T03:55:00+00:00,66320.12,66340.12,66275.1,66280.11,444
2026-08-26T04:00:00+00:00,66280.11,66320.12,66220.12,66295.12,389
2026-08-26T04:05:00+00:00,66295.12,66315.12,66205.1,66230.12,421
2026-08-26T04:10:00+00:00,66230.12,66275.1,66195.1,66239.62,313
2026-08-26T04:15:00+00:00,66239.62,66329.61,66225.1,66320.11,280
2026-08-26T04:20:00+00:00,66320.11,66344.6,66285.1,66315.12,293
2026-08-26T04:25:00+00:00,66315.12,66399.61,66315.1,66370.1,278
2026-08-26T04:30:00+00:00,66370.1,66439.6,66360.11,66405.1,222
2026-08-26T04:35:00+00:00,66405.1,66409.62,66295.12,66325.1,262
2026-08-26T04:40:00+00:00,66325.1,66370.12,66310.1,66345.12,211
2026-08-26T04:45:00+00:00,66345.12,66345.12,66240.1,66280.1,284
2026-08-26T04:50:00+00:00,66280.1,66369.62,66270.12,66365.11,259
2026-08-26T04:55:00+00:00,66365.11,66385.12,66330.1,66365.1,276
2026-08-26T05:00:00+00:00,66365.1,66419.62,66355.1,66395.12,279
2026-08-26T05:05:00+00:00,66395.12,66400.12,66345.1,66375.12,338
2026-08-26T05:10:00+00:00,66375.12,66384.62,66310.1,66320.12,315
2026-08-26T05:15:00+00:00,66320.12,66340.12,66285.1,66290.12,247
2026-08-26T05:20:00+00:00,66290.12,66319.6,66260.1,66310.1,294
2026-08-26T05:25:00+00:00,66310.1,66340.12,66255.11,66325.1,323
2026-08-26T05:30:00+00:00,66325.1,66379.61,66325.1,66340.11,336
2026-08-26T05:35:00+00:00,66340.11,66340.12,66260.1,66290.11,279
2026-08-26T05:40:00+00:00,66290.11,66334.62,66275.11,66325.12,243
2026-08-26T05:45:00+00:00,66325.12,66339.61,66295.1,66315.1,203
2026-08-26T05:50:00+00:00,66315.1,66324.62,66280.1,66290.12,196
2026-08-26T05:55:00+00:00,66290.12,66320.12,66280.1,66315.1,263
2026-08-26T06:00:00+00:00,66315.1,66339.61,66295.1,66314.6,253
2026-08-26T06:05:00+00:00,66314.6,66334.62,66267.1,66269.62,200
2026-08-26T06:10:00+00:00,66269.62,66317.11,66255.1,66269.62,209
2026-08-26T06:15:00+00:00,66269.62,66279.62,66229.6,66259.6,138
2026-08-26T06:20:00+00:00,66259.6,66274.62,66235.1,66259.61,157
2026-08-26T06:25:00+00:00,66259.61,66334.6,66235.12,66319.62,257
2026-08-26T06:30:00+00:00,66319.62,66344.62,66249.6,66344.6,312
2026-08-26T06:35:00+00:00,66344.6,66352.12,66295.1,66334.62,164
2026-08-26T06:40:00+00:00,66334.62,66419.61,66329.62,66419.6,146
2026-08-26T06:45:00+00:00,66419.6,66427.12,66364.6,66364.6,106
2026-08-26T06:50:00+00:00,66364.6,66364.6,66307.12,66314.61,133
2026-08-26T06:55:00+00:00,66314.61,66369.61,66299.61,66340.12,84
2026-08-26T07:00:00+00:00,66340.12,66364.62,66300.1,66330.11,195
2026-08-26T07:05:00+00:00,66330.11,66344.61,66245.12,66254.61,96
2026-08-26T07:10:00+00:00,66254.61,66294.62,66219.62,66289.62,147
2026-08-26T07:15:00+00:00,66289.62,66304.61,66255.11,66284.61,135
2026-08-26T07:20:00+00:00,66284.61,66284.61,66225.12,66237.1,107
2026-08-26T07:25:00+00:00,66237.1,66244.61,66195.1,66204.6,95
2026-08-26T07:30:00+00:00,66204.6,66229.61,66185.11,66219.61,132
2026-08-26T07:35:00+00:00,66219.61,66249.61,66204.6,66217.12,79
2026-08-26T07:40:00+00:00,66217.12,66234.61,66200.1,66200.12,81
2026-08-26T07:45:00+00:00,66200.12,66249.6,66175.11,66204.6,125
2026-08-26T07:50:00+00:00,66204.6,66209.6,66179.6,66194.61,135
2026-08-26T07:55:00+00:00,66194.61,66227.12,66180.12,66215.11,118
2026-08-26T08:00:00+00:00,66215.11,66339.62,66205.11,66315.1,333
2026-08-26T08:05:00+00:00,66315.1,66324.61,66240.1,66289.61,246
2026-08-26T08:10:00+00:00,66289.61,66329.6,66200.1,66209.61,196
2026-08-26T08:15:00+00:00,66209.61,66299.61,66194.62,66200.12,277
2026-08-26T08:20:00+00:00,66200.12,66214.61,66189.6,66209.6,150
2026-08-26T08:25:00+00:00,66209.6,66304.62,66209.6,66302.11,165
2026-08-26T08:30:00+00:00,66302.11,66349.62,66239.61,66324.61,247
2026-08-26T08:35:00+00:00,66324.61,66347.12,66309.61,66347.11,90
2026-08-26T08:40:00+00:00,66347.11,66397.12,66347.11,66392.12,153
2026-08-26T08:45:00+00:00,66392.12,66392.12,66317.12,66329.6,172
2026-08-26T08:50:00+00:00,66329.6,66344.6,66294.6,66307.11,119
2026-08-26T08:55:00+00:00,66307.11,66322.12,66257.1,66322.1,232
2026-08-26T09:00:00+00:00,66322.1,66334.6,66289.6,66294.6,203
2026-08-26T09:05:00+00:00,66294.6,66309.62,66264.6,66269.62,128
2026-08-26T09:10:00+00:00,66269.62,66307.1,66269.62,66284.61,139
2026-08-26T09:15:00+00:00,66284.61,66289.6,66239.6,66252.11,172
2026-08-26T09:20:00+00:00,66252.11,66277.1,66222.12,66232.12,153
2026-08-26T09:25:00+00:00,66232.12,66247.12,66209.6,66229.61,171
2026-08-26T09:30:00+00:00,66229.61,66289.6,66219.62,66262.12,192
2026-08-26T09:35:00+00:00,66262.12,66279.61,66249.62,66272.11,145
2026-08-26T09:40:00+00:00,66272.11,66292.11,66257.1,66284.61,120
2026-08-26T09:45:00+00:00,66284.61,66297.1,66259.6,66277.1,147
2026-08-26T09:50:00+00:00,66277.1,66297.11,66272.1,66287.1,130
2026-08-26T09:55:00+00:00,66287.1,66319.62,66279.6,66304.6,117
2026-08-26T10:00:00+00:00,66304.6,66304.6,66262.1,66269.6,193
2026-08-26T10:05:00+00:00,66269.6,66277.11,66234.6,66259.6,133
2026-08-26T10:10:00+00:00,66259.6,66259.6,66212.1,66219.62,114
2026-08-26T10:15:00+00:00,66219.62,66257.11,66215.11,66249.62,149
2026-08-26T10:20:00+00:00,66249.62,66282.11,66212.1,66279.6,170
2026-08-26T10:25:00+00:00,66279.6,66279.6,66234.6,66237.11,125
2026-08-26T10:30:00+00:00,66237.11,66287.12,66199.62,66287.12,209
2026-08-26T10:35:00+00:00,66287.12,66314.62,66284.6,66299.62,174
2026-08-26T10:40:00+00:00,66299.62,66307.1,66244.6,66249.61,184
2026-08-26T10:45:00+00:00,66249.61,66337.12,66229.6,66327.12,133
2026-08-26T10:50:00+00:00,66327.12,66329.6,66297.1,66312.11,137
2026-08-26T10:55:00+00:00,66312.11,66317.11,66302.1,66307.12,111
2026-08-26T11:00:00+00:00,66307.12,66364.62,66304.6,66359.61,291
2026-08-26T11:05:00+00:00,66359.61,66359.62,66294.61,66307.1,190
2026-08-26T11:10:00+00:00,66307.1,66362.12,66302.11,66352.1,151
2026-08-26T11:15:00+00:00,66352.1,66417.11,66349.6,66379.62,206
2026-08-26T11:20:00+00:00,66379.62,66384.6,66319.6,66322.12,129
2026-08-26T11:25:00+00:00,66322.12,66324.62,66287.12,66314.61,195
2026-08-26T11:30:00+00:00,66314.61,66347.1,66304.6,66304.6,172
2026-08-26T11:35:00+00:00,66304.6,66317.1,66195.12,66214.61,285
2026-08-26T11:40:00+00:00,66214.61,66264.62,66209.62,66244.61,266
2026-08-26T11:45:00+00:00,66244.61,66249.62,66159.61,66169.61,230
2026-08-26T11:50:00+00:00,66169.61,66259.62,66169.61,66237.1,226
2026-08-26T11:55:00+00:00,66237.1,66272.1,66227.1,66267.1,197
2026-08-26T12:00:00+00:00,66267.1,66294.61,66232.12,66262.11,281
2026-08-26T12:05:00+00:00,66262.11,66274.62,66229.61,66239.61,183
2026-08-26T12:10:00+00:00,66239.61,66287.11,66234.6,66269.61,224
2026-08-26T12:15:00+00:00,66269.61,66269.61,66217.1,66252.12,178
2026-08-26T12:20:00+00:00,66252.12,66319.62,66249.6,66304.62,188
2026-08-26T12:25:00+00:00,66304.62,66349.62,66295.1,66345.11,130
2026-08-26T12:30:00+00:00,66345.11,66365.12,66144.6,66175.12,729
2026-08-26T12:35:00+00:00,66175.12,66192.12,66107.11,66149.62,382
2026-08-26T12:40:00+00:00,66149.62,66164.6,66117.12,66117.12,384
2026-08-26T12:45:00+00:00,66117.12,66154.62,66067.11,66154.6,405
2026-08-26T12:50:00+00:00,66154.6,66154.62,65955.11,66017.11,450
2026-08-26T12:55:00+00:00,66017.11,66044.61,65979.61,65980.12,445
2026-08-26T13:00:00+00:00,65980.12,66019.62,65950.11,65989.6,378
2026-08-26T13:05:00+00:00,65989.6,66014.61,65915.11,65924.61,218
2026-08-26T13:10:00+00:00,65924.61,66014.62,65905.11,66014.62,164
2026-08-26T13:15:00+00:00,66014.62,66039.62,65975.1,66015.1,246
2026-08-26T13:20:00+00:00,66015.1,66019.62,65985.1,66004.62,180
2026-08-26T13:25:00+00:00,66004.62,66032.12,65950.12,66027.1,363
2026-08-26T13:30:00+00:00,66027.1,66194.62,66027.1,66117.11,1224
2026-08-26T13:35:00+00:00,66117.11,66249.61,66064.62,66239.6,1484
2026-08-26T13:40:00+00:00,66239.6,66394.61,66227.1,66340.1,1145
2026-08-26T13:45:00+00:00,66340.1,66374.62,66260.11,66267.11,691
2026-08-26T13:50:00+00:00,66267.11,66344.62,66257.1,66327.1,597
2026-08-26T13:55:00+00:00,66327.1,66339.61,66289.6,66314.62,316
2026-08-26T14:00:00+00:00,66314.62,66314.62,66229.6,66232.12,411
2026-08-26T14:05:00+00:00,66232.12,66239.6,66149.61,66167.12,308
2026-08-26T14:10:00+00:00,66167.12,66167.12,66052.11,66104.6,477
2026-08-26T14:15:00+00:00,66104.6,66122.12,66059.6,66067.1,515
2026-08-26T14:20:00+00:00,66067.1,66072.12,65984.61,66009.62,524
2026-08-26T14:25:00+00:00,66009.62,66022.1,65922.11,65954.61,655
2026-08-26T14:30:00+00:00,65954.61,66019.61,65947.1,65999.61,504
2026-08-26T14:35:00+00:00,65999.61,66062.11,65949.6,66022.11,438
2026-08-26T14:40:00+00:00,66022.11,66057.11,65982.11,66007.11,387
2026-08-26T14:45:00+00:00,66007.11,66019.62,65977.1,66002.11,250
2026-08-26T14:50:00+00:00,66002.11,66029.62,65962.1,65977.11,245
2026-08-26T14:55:00+00:00,65977.11,66019.62,65947.1,65967.1,323
2026-08-26T15:00:00+00:00,65967.1,66007.12,65947.1,65974.61,336
2026-08-26T15:05:00+00:00,65974.61,65992.12,65942.11,65952.1,241
2026-08-26T15:10:00+00:00,65952.1,65972.11,65919.61,65922.1,255
2026-08-26T15:15:00+00:00,65922.1,65944.61,65874.6,65939.6,283
2026-08-26T15:20:00+00:00,65939.6,65952.12,65899.6,65924.61,288
2026-08-26T15:25:00+00:00,65924.61,65974.61,65917.11,65944.61,191
2026-08-26T15:30:00+00:00,65944.61,65964.62,65887.1,65907.12,315
2026-08-26T15:35:00+00:00,65907.12,65967.12,65902.11,65959.61,281
2026-08-26T15:40:00+00:00,65959.61,66037.12,65959.6,66037.12,258
2026-08-26T15:45:00+00:00,66037.12,66052.11,66024.62,66044.61,219
2026-08-26T15:50:00+00:00,66044.61,66049.6,65914.62,65924.6,744
2026-08-26T15:55:00+00:00,65924.6,65972.12,65914.6,65914.6,222
2026-08-26T16:00:00+00:00,65914.6,65919.62,65854.6,65899.62,278
2026-08-26T16:05:00+00:00,65899.62,65922.13999999998,65882.12999999999,65897.12999999999,292
2026-08-26T16:10:00+00:00,65897.12999999999,65899.62,65867.12,65869.62,184
2026-08-26T16:15:00+00:00,65869.62,65874.63999999998,65849.62,65872.12,211
2026-08-26T16:20:00+00:00,65872.12,65914.63999999998,65867.12999999999,65882.12999999999,180
2026-08-26T16:25:00+00:00,65882.12999999999,65889.63999999998,65867.12,65874.63999999998,153
2026-08-26T16:30:00+00:00,65874.63999999998,65894.62999999999,65862.12999999999,65869.63999999998,138
2026-08-26T16:35:00+00:00,65869.63999999998,65884.63999999998,65817.12999999999,65819.62,162
2026-08-26T16:40:00+00:00,65819.62,65839.63999999998,65769.62,65784.63999999998,198
2026-08-26T16:45:00+00:00,65784.63999999998,65819.62,65767.13999999998,65802.13999999998,227
2026-08-26T16:50:00+00:00,65802.13999999998,65827.13999999998,65802.12,65822.12999999999,158
2026-08-26T16:55:00+00:00,65822.12999999999,65887.13999999998,65822.12999999999,65884.62999999999,135
2026-08-26T17:00:00+00:00,65884.62999999999,65899.63999999998,65859.62999999999,65892.12999999999,157
2026-08-26T17:05:00+00:00,65892.12999999999,65912.12999999999,65869.62999999999,65904.63999999998,126
2026-08-26T17:10:00+00:00,65904.63999999998,65922.13999999998,65902.12,65914.62,84
2026-08-26T17:15:00+00:00,65914.62,65957.12,65914.62,65927.12999999999,102
2026-08-26T17:20:00+00:00,65927.12999999999,65937.13999999998,65922.12,65932.12,74
2026-08-26T17:25:00+00:00,65932.12,65937.12999999999,65919.62,65934.62999999999,68
2026-08-26T17:30:00+00:00,65934.62999999999,65934.63999999998,65904.62,65929.62,92
2026-08-26T17:35:00+00:00,65929.62,65949.63999999998,65922.12,65944.62999999999,59
2026-08-26T17:40:00+00:00,65944.62999999999,65954.63999999998,65919.62,65924.63999999998,72
2026-08-26T17:45:00+00:00,65924.63999999998,65932.12,65909.62,65914.63999999998,65
2026-08-26T17:50:00+00:00,65914.63999999998,65934.63999999998,65914.63999999998,65932.12999999999,78
2026-08-26T17:55:00+00:00,65932.12999999999,65942.12999999999,65924.63999999998,65927.12,76
2026-08-26T18:00:00+00:00,65927.12,65927.12999999999,65907.12999999999,65917.12999999999,99
2026-08-26T18:05:00+00:00,65917.12999999999,65947.13999999998,65917.12999999999,65937.12,76
2026-08-26T18:10:00+00:00,65937.12,65939.62,65907.12,65914.62999999999,55
2026-08-26T18:15:00+00:00,65914.62999999999,65934.63999999998,65902.12,65929.62,76
2026-08-26T18:20:00+00:00,65929.62,65942.12999999999,65917.12,65919.63999999998,57
2026-08-26T18:25:00+00:00,65919.63999999998,65924.62,65907.12,65917.12,50
2026-08-26T18:30:00+00:00,65917.12,65947.13999999998,65907.12,65937.12999999999,88
2026-08-26T18:35:00+00:00,65937.12999999999,65977.13999999998,65932.13999999998,65967.12,96
2026-08-26T18:40:00+00:00,65967.12,65977.13999999998,65959.63999999998,65969.62,75
2026-08-26T18:45:00+00:00,65969.62,66019.63999999998,65969.62,65997.12999999999,132
2026-08-26T18:50:00+00:00,65997.12999999999,66007.12999999999,65972.12999999999,65992.12,103
2026-08-26T18:55:00+00:00,65992.12,66004.62,65982.12999999999,65987.12,92
2026-08-26T19:00:00+00:00,65987.12,66069.62,65987.12,66062.12,176
2026-08-26T19:05:00+00:00,66062.12,66067.12999999999,66027.12999999999,66042.12,88
2026-08-26T19:10:00+00:00,66042.12,66047.13999999998,66014.62,66032.12999999999,84
2026-08-26T19:15:00+00:00,66032.12999999999,66067.13999999998,66032.12999999999,66064.63999999998,77
2026-08-26T19:20:00+00:00,66064.63999999998,66067.13999999998,66029.62,66052.12999999999,115
2026-08-26T19:25:00+00:00,66052.12999999999,66074.63999999998,66047.12,66047.12,99
2026-08-26T19:30:00+00:00,66047.12,66047.12,66012.12999999999,66042.12999999999,111
2026-08-26T19:35:00+00:00,66042.12999999999,66042.12999999999,66004.63999999998,66012.12,87
2026-08-26T19:40:00+00:00,66012.12,66039.62999999999,66007.12,66012.12999999999,129
2026-08-26T19:45:00+00:00,66012.12999999999,66059.62999999999,66007.12,66057.12,150
2026-08-26T19:50:00+00:00,66057.12,66059.62999999999,65982.12,65997.12999999999,349
2026-08-26T19:55:00+00:00,65997.12999999999,66012.13999999998,65970.12,66000.12,389
2026-08-26T20:00:00+00:00,66000.12,66099.62999999999,65995.13999999998,66070.13999999998,322
2026-08-26T20:05:00+00:00,66070.13999999998,66144.63999999998,66070.13999999998,66095.12,285
2026-08-26T20:10:00+00:00,66095.12,66100.13999999998,66080.12,66094.62999999999,127
2026-08-26T20:15:00+00:00,66094.62999999999,66150.13999999998,66075.12,66140.13999999998,181
2026-08-26T20:20:00+00:00,66140.13999999998,66140.13999999998,65945.12999999999,66035.13999999998,945
2026-08-26T20:25:00+00:00,66035.13999999998,66080.13999999998,65995.12,66020.12999999999,356
2026-08-26T20:30:00+00:00,66020.12999999999,66025.13999999998,65970.12,65995.12,151
2026-08-26T20:35:00+00:00,65995.12,66054.62999999999,65995.12,66030.12,90
2026-08-26T20:40:00+00:00,66030.12,66069.62999999999,66030.12,66035.12,103
2026-08-26T20:45:00+00:00,66035.12,66125.12,66025.12,66125.12,132
2026-08-26T20:50:00+00:00,66125.12,66179.62999999999,66125.12,66174.62999999999,160
2026-08-26T20:55:00+00:00,66174.62999999999,66182.13999999998,66145.12,66179.62,123
2026-08-26T22:00:00+00:00,66169.6,66796.71,66169.6,66766.73,74
2026-08-26T22:05:00+00:00,66766.73,66846.73,66761.71,66816.73,79
2026-08-26T22:10:00+00:00,66816.73,66846.23,66771.71,66806.72,66
2026-08-26T22:15:00+00:00,66806.72,67001.72,66806.72,66951.71,62
2026-08-26T22:20:00+00:00,66951.71,67051.71,66926.72,67031.72,14
2026-08-26T22:25:00+00:00,67031.72,67056.72,66966.71,67056.72,30
2026-08-26T22:30:00+00:00,67056.72,67341.73,67056.72,67266.72,89
2026-08-26T22:35:00+00:00,67266.72,67326.71,67216.71,67216.71,20
2026-08-26T22:40:00+00:00,67216.71,67216.71,67111.73,67131.73,8
2026-08-26T22:45:00+00:00,67131.73,67131.73,67061.71,67066.73,24
2026-08-26T22:50:00+00:00,67066.73,67091.23,67046.71,67046.72,73
2026-08-26T22:55:00+00:00,67046.72,67096.23,67046.71,67096.23,29
2026-08-26T23:00:00+00:00,67096.23,67206.73,67066.71,67101.72,75
2026-08-26T23:05:00+00:00,67101.72,67116.73,67071.73,67091.73,35
2026-08-26T23:10:00+00:00,67091.73,67171.72,67056.72,67106.72,50
2026-08-26T23:15:00+00:00,67106.72,67106.73,67026.73,67056.22,49
2026-08-26T23:20:00+00:00,67056.22,67056.22,66986.73,67026.73,82
2026-08-26T23:25:00+00:00,67026.73,67031.73,66946.71,66996.73,76
2026-08-26T23:30:00+00:00,66996.73,67001.23,66911.71,66966.73,154
2026-08-26T23:35:00+00:00,66966.73,66976.73,66936.72,66946.21,85
2026-08-26T23:40:00+00:00,66946.21,67021.73,66936.72,66996.72,83
2026-08-26T23:45:00+00:00,66996.72,67156.73,66941.72,67146.73,631
2026-08-26T23:50:00+00:00,67146.73,67191.21,67036.73,67111.73,437
2026-08-26T23:55:00+00:00,67111.73,67141.23,67051.72,67081.72,335
2026-08-27T00:00:00+00:00,67081.72,67091.72,66761.71,66926.73,2128
2026-08-27T00:05:00+00:00,66926.73,66961.73,66666.72,66786.72,1657
2026-08-27T00:10:00+00:00,66786.72,66786.72,66436.71,66506.73,1447
2026-08-27T00:15:00+00:00,66506.73,66596.73,66406.71,66461.71,2060
2026-08-27T00:20:00+00:00,66461.71,66626.22,66441.73,66596.71,1518
2026-08-27T00:25:00+00:00,66596.71,66611.71,66346.71,66356.21,1281
2026-08-27T00:30:00+00:00,66356.21,66371.71,66161.71,66196.72,1167
2026-08-27T00:35:00+00:00,66196.72,66246.72,66071.73,66161.72,932
2026-08-27T00:40:00+00:00,66161.72,66181.73,66086.72,66106.71,834
2026-08-27T00:45:00+00:00,66106.71,66106.73,66031.71,66061.73,865
2026-08-27T00:50:00+00:00,66061.73,66066.73,65896.72,65921.71,909
2026-08-27T00:55:00+00:00,65921.71,65951.72,65866.73,65871.73,744
2026-08-27T01:00:00+00:00,65871.73,65961.22,65796.73,65951.72,1152
2026-08-27T01:05:00+00:00,65951.72,65986.72,65801.72,65851.73,819
2026-08-27T01:10:00+00:00,65851.73,65876.23999999999,65761.73999999999,65791.73,831
2026-08-27T01:15:00+00:00,65791.73,65866.73999999999,65766.72,65836.72,763
2026-08-27T01:20:00+00:00,65836.72,65971.73,65831.73,65971.73,741
2026-08-27T01:25:00+00:00,65971.73,66061.23,65966.72,66006.72,750
2026-08-27T01:30:00+00:00,66006.72,66156.73,65951.72,66141.72,690
2026-08-27T01:35:00+00:00,66141.72,66286.23999999999,66141.72,66211.73,722
2026-08-27T01:40:00+00:00,66211.73,66261.73999999999,66006.72,66011.22,1059
2026-08-27T01:45:00+00:00,66011.22,66136.23999999999,65986.72,66121.73999999999,1051
2026-08-27T01:50:00+00:00,66121.73999999999,66251.73999999999,66086.72,66251.73999999999,603
2026-08-27T01:55:00+00:00,66251.73999999999,66261.23999999999,66111.73,66126.72,738
2026-08-27T02:00:00+00:00,66126.72,66221.73999999999,66096.72,66221.73999999999,825
2026-08-27T02:05:00+00:00,66221.73999999999,66236.73999999999,66141.73,66236.73999999999,694
2026-08-27T02:10:00+00:00,66236.73999999999,66286.23999999999,66201.72,66276.72,404
2026-08-27T02:15:00+00:00,66276.72,66348.73,66241.73999999999,66246.72,469
2026-08-27T02:20:00+00:00,66246.72,66256.73999999999,66166.72,66216.73,538
2026-08-27T02:25:00+00:00,66216.73,66236.73999999999,66166.72,66171.72,526
2026-08-27T02:30:00+00:00,66171.72,66296.73999999999,66171.72,66266.73999999999,495
2026-08-27T02:35:00+00:00,66266.73999999999,66271.73999999999,66216.73999999999,66261.73999999999,272
2026-08-27T02:40:00+00:00,66261.73999999999,66276.73,66181.73,66251.73999999999,381
2026-08-27T02:45:00+00:00,66251.73999999999,66271.23,66226.73999999999,66236.72,327
2026-08-27T02:50:00+00:00,66236.72,66321.73999999999,66231.73,66291.72,283
2026-08-27T02:55:00+00:00,66291.72,66291.73999999999,66226.73999999999,66231.73999999999,258
2026-08-27T03:00:00+00:00,66231.73999999999,66306.23999999999,66216.72,66266.73,281
2026-08-27T03:05:00+00:00,66266.73,66301.23999999999,66211.73,66226.73,273
2026-08-27T03:10:00+00:00,66226.73,66256.23999999999,66206.72,66251.73999999999,147
2026-08-27T03:15:00+00:00,66251.73999999999,66271.73999999999,66226.72,66271.73999999999,224
2026-08-27T03:20:00+00:00,66271.73999999999,66331.23999999999,66256.72,66321.72,213
2026-08-27T03:25:00+00:00,66321.72,66331.73999999999,66256.73999999999,66271.73999999999,147
2026-08-27T03:30:00+00:00,66271.73999999999,66396.23999999999,66251.72,66391.73,602
2026-08-27T03:35:00+00:00,66391.73,66421.73999999999,66356.73,66371.72,326
2026-08-27T03:40:00+00:00,66371.72,66401.73999999999,66321.73,66361.72,390
2026-08-27T03:45:00+00:00,66361.72,66421.73,66341.73999999999,66406.73999999999,316
2026-08-27T03:50:00+00:00,66406.73999999999,66496.73999999999,66406.72,66496.73,395
2026-08-27T03:55:00+00:00,66496.73,66516.23999999999,66416.73,66441.72,549
2026-08-27T04:00:00+00:00,66441.72,66516.23999999999,66426.72,66446.73,425
2026-08-27T04:05:00+00:00,66446.73,66461.73999999999,66371.72,66396.72,389
2026-08-27T04:10:00+00:00,66396.72,66411.23,66326.72,66356.22,311
2026-08-27T04:15:00+00:00,66356.22,66426.73999999999,66316.72,66401.73,361
2026-08-27T04:20:00+00:00,66401.73,66456.23,66386.72,66396.73999999999,361
2026-08-27T04:25:00+00:00,66396.73999999999,66406.22,66296.73999999999,66301.72,366
2026-08-27T04:30:00+00:00,66301.72,66331.22,66231.72,66251.73999999999,460
2026-08-27T04:35:00+00:00,66251.73999999999,66271.73999999999,66176.73,66176.73,291
2026-08-27T04:40:00+00:00,66176.73,66206.23,66131.72,66146.72,369
2026-08-27T04:45:00+00:00,66146.72,66231.23999999999,66141.72,66176.73,317
2026-08-27T04:50:00+00:00,66176.73,66221.73999999999,66171.72,66186.73999999999,315
2026-08-27T04:55:00+00:00,66186.73999999999,66271.73,66176.73,66236.73,290
2026-08-27T05:00:00+00:00,66236.73,66251.22,66161.73,66176.72,404
2026-08-27T05:05:00+00:00,66176.72,66221.23,66141.73,66141.73999999999,377
2026-08-27T05:10:00+00:00,66141.73999999999,66181.23999999999,66101.72,66146.73999999999,330
2026-08-27T05:15:00+00:00,66146.73999999999,66153.73999999999,66031.72,66036.23,345
2026-08-27T05:20:00+00:00,66036.23,66116.72,66011.73999999999,66091.72,296
2026-08-27T05:25:00+00:00,66091.72,66126.23,66056.72,66071.72,220
2026-08-27T05:30:00+00:00,66071.72,66076.73,66031.72,66056.73,177
2026-08-27T05:35:00+00:00,66056.73,66076.22,66011.72,66066.72,133
2026-08-27T05:40:00+00:00,66066.72,66088.73999999999,65991.72,66006.73,210
2026-08-27T05:45:00+00:00,66006.73,66126.73,65991.72,66116.73999999999,237
2026-08-27T05:50:00+00:00,66116.73999999999,66136.73,66086.72,66096.73,355
2026-08-27T05:55:00+00:00,66096.73,66141.73,66076.72,66136.73999999999,362
2026-08-27T06:00:00+00:00,66136.73999999999,66136.73999999999,66066.72,66076.72,390
2026-08-27T06:05:00+00:00,66076.72,66096.23,66056.72,66073.73,252
2026-08-27T06:10:00+00:00,66073.73,66096.23,66036.22,66088.72,182
2026-08-27T06:15:00+00:00,66088.72,66131.23999999999,66076.23999999999,66111.23,254
2026-08-27T06:20:00+00:00,66111.23,66151.23999999999,66101.23999999999,66126.22,252
2026-08-27T06:25:00+00:00,66126.22,66173.72,66096.22,66146.23,396
2026-08-27T06:30:00+00:00,66146.23,66176.23,66131.23,66146.23,323
2026-08-27T06:35:00+00:00,66146.23,66168.73,66121.23,66166.23999999999,154
2026-08-27T06:40:00+00:00,66166.23999999999,66181.23999999999,66131.73,66161.23,113
2026-08-27T06:45:00+00:00,66161.23,66208.73999999999,66158.72,66166.22,58
2026-08-27T06:50:00+00:00,66166.22,66168.73,66146.73,66156.22,47
2026-08-27T06:55:00+00:00,66156.22,66186.23999999999,66156.22,66183.72,57
2026-08-27T07:00:00+00:00,66183.72,66183.72,66091.22,66141.22,254
2026-08-27T07:05:00+00:00,66141.22,66196.22,66136.72,66181.72,109
2026-08-27T07:10:00+00:00,66181.72,66196.23,66143.72,66181.73999999999,97
2026-08-27T07:15:00+00:00,66181.73999999999,66191.22,66126.72,66161.23999999999,109
2026-08-27T07:20:00+00:00,66161.23999999999,66176.22,66131.23,66131.23,97
2026-08-27T07:25:00+00:00,66131.23,66166.23,66111.72,66166.23,130
2026-08-27T07:30:00+00:00,66166.23,66171.22,66126.72,66146.23,105
2026-08-27T07:35:00+00:00,66146.23,66156.23999999999,66071.73999999999,66081.23,132
2026-08-27T07:40:00+00:00,66081.23,66101.23999999999,66056.72,66076.22,125
2026-08-27T07:45:00+00:00,66076.22,66096.23999999999,66051.23,66086.73,106
2026-08-27T07:50:00+00:00,66086.73,66171.23,66086.73,66156.73999999999,107
2026-08-27T07:55:00+00:00,66156.73999999999,66206.23,66151.72,66166.22,102
2026-08-27T08:00:00+00:00,66166.22,66253.73,66146.73,66241.22,464
2026-08-27T08:05:00+00:00,66241.22,66286.23999999999,66231.22,66276.22,222
2026-08-27T08:10:00+00:00,66276.22,66351.23999999999,66261.73,66338.73999999999,160
2026-08-27T08:15:00+00:00,66338.73999999999,66361.23999999999,66316.72,66331.23999999999,210
2026-08-27T08:20:00+00:00,66331.23999999999,66361.23,66316.23999999999,66351.23,169
2026-08-27T08:25:00+00:00,66351.23,66456.23999999999,66343.72,66448.73,211
2026-08-27T08:30:00+00:00,66448.73,66466.23999999999,66376.73999999999,66386.22,204
2026-08-27T08:35:00+00:00,66386.22,66441.23,66381.22,66393.73999999999,224
2026-08-27T08:40:00+00:00,66393.73999999999,66426.22,66371.23999999999,66388.72,297
2026-08-27T08:45:00+00:00,66388.72,66443.72,66378.73,66433.73999999999,255
2026-08-27T08:50:00+00:00,66433.73999999999,66471.23999999999,66371.22,66378.73,262
2026-08-27T08:55:00+00:00,66378.73,66378.73,66328.72,66341.23,271
2026-08-27T09:00:00+00:00,66341.23,66381.23999999999,66298.72,66301.22,633
2026-08-27T09:05:00+00:00,66301.22,66371.23,66266.22,66356.23999999999,380
2026-08-27T09:10:00+00:00,66356.23999999999,66391.23,66316.73999999999,66326.22,185
2026-08-27T09:15:00+00:00,66326.22,66336.22,66271.72,66306.73,245
2026-08-27T09:20:00+00:00,66306.73,66396.23,66271.72,66393.73,281
2026-08-27T09:25:00+00:00,66393.73,66403.73,66336.22,66358.72,126
2026-08-27T09:30:00+00:00,66358.72,66391.23,66346.23999999999,66368.73,164
2026-08-27T09:35:00+00:00,66368.73,66376.23999999999,66336.72,66351.22,188
2026-08-27T09:40:00+00:00,66351.22,66376.23999999999,66336.22,66346.23,112
2026-08-27T09:45:00+00:00,66346.23,66376.22,66328.73,66328.73999999999,145
2026-08-27T09:50:00+00:00,66328.73999999999,66371.23999999999,66311.22,66346.23999999999,156
2026-08-27T09:55:00+00:00,66346.23999999999,66346.23999999999,66301.22,66311.22,176
2026-08-27T10:00:00+00:00,66311.22,66311.23999999999,66221.23,66263.72,271
2026-08-27T10:05:00+00:00,66263.72,66296.23,66256.22,66281.22,182
2026-08-27T10:10:00+00:00,66281.22,66311.23999999999,66226.73,66246.23,182
2026-08-27T10:15:00+00:00,66246.23,66276.22,66221.72,66221.72,173
2026-08-27T10:20:00+00:00,66221.72,66251.23999999999,66216.72,66236.22,161
2026-08-27T10:25:00+00:00,66236.22,66241.23999999999,66216.72,66233.73999999999,153
2026-08-27T10:30:00+00:00,66233.73999999999,66246.23,66198.72,66201.23999999999,107
2026-08-27T10:35:00+00:00,66201.23999999999,66201.23999999999,66166.22,66168.73999999999,131
2026-08-27T10:40:00+00:00,66168.73999999999,66226.23,66168.73999999999,66221.23,126
2026-08-27T10:45:00+00:00,66221.23,66228.73999999999,66181.22,66186.22,100
2026-08-27T10:50:00+00:00,66186.22,66213.73,66151.73999999999,66213.73,192
2026-08-27T10:55:00+00:00,66213.73,66238.73,66201.73,66238.72,159
2026-08-27T11:00:00+00:00,66238.72,66266.22,66151.23,66181.23999999999,396
2026-08-27T11:05:00+00:00,66181.23999999999,66248.73,66138.73999999999,66243.73999999999,381
2026-08-27T11:10:00+00:00,66243.73999999999,66283.73999999999,66216.22,66276.23999999999,359
2026-08-27T11:15:00+00:00,66276.23999999999,66291.23,66231.23999999999,66243.73,199
2026-08-27T11:20:00+00:00,66243.73,66256.22,66223.72,66246.23,226
2026-08-27T11:25:00+00:00,66246.23,66248.73999999999,66173.73,66173.73,198
2026-08-27T11:30:00+00:00,66173.73,66243.72,66156.23,66216.22,584
2026-08-27T11:35:00+00:00,66216.22,66221.23999999999,66141.22,66166.23,327
2026-08-27T11:40:00+00:00,66166.23,66211.23999999999,66153.73999999999,66201.23999999999,290
2026-08-27T11:45:00+00:00,66201.23999999999,66201.23999999999,66091.22,66096.23999999999,302
2026-08-27T11:50:00+00:00,66096.23999999999,66166.23999999999,66093.72,66163.73999999999,285
2026-08-27T11:55:00+00:00,66163.73999999999,66263.73999999999,66163.73999999999,66263.73999999999,248
2026-08-27T12:00:00+00:00,66263.73999999999,66296.23999999999,66241.72,66286.23999999999,281
2026-08-27T12:05:00+00:00,66286.23999999999,66298.73,66266.22,66296.22,219
2026-08-27T12:10:00+00:00,66296.22,66321.23999999999,66276.22,66303.73999999999,159
2026-08-27T12:15:00+00:00,66303.73999999999,66308.73999999999,66261.23,66301.23,228
2026-08-27T12:20:00+00:00,66301.23,66316.23,66271.23,66313.73,334
2026-08-27T12:25:00+00:00,66313.73,66326.23999999999,66281.73,66296.73,162
2026-08-27T12:30:00+00:00,66296.73,66351.23999999999,66281.73,66336.23,247
2026-08-27T12:35:00+00:00,66336.23,66358.72,66291.72,66296.23,202
2026-08-27T12:40:00+00:00,66296.23,66316.23,66233.73,66241.22,219
2026-08-27T12:45:00+00:00,66241.22,66258.73999999999,66211.23,66221.23999999999,261
2026-08-27T12:50:00+00:00,66221.23999999999,66228.73999999999,66153.73999999999,66173.73999999999,310
2026-08-27T12:55:00+00:00,66173.73999999999,66198.72,66153.72,66171.23,267
2026-08-27T13:00:00+00:00,66171.23,66328.73,66168.73,66326.23999999999,385
2026-08-27T13:05:00+00:00,66326.23999999999,66378.72,66323.72,66373.72,246
2026-08-27T13:10:00+00:00,66373.72,66406.23999999999,66371.22,66388.72,191
2026-08-27T13:15:00+00:00,66388.72,66431.23,66341.23999999999,66356.23,183
2026-08-27T13:20:00+00:00,66356.23,66361.23999999999,66281.23999999999,66281.23999999999,253
2026-08-27T13:25:00+00:00,66281.23999999999,66323.72,66213.73,66231.22,483
2026-08-27T13:30:00+00:00,66231.22,66356.23999999999,66076.22,66076.22,2262
2026-08-27T13:35:00+00:00,66076.22,66131.22,65953.73,66028.73999999999,1941
2026-08-27T13:40:00+00:00,66028.73999999999,66113.73,65973.73999999999,66051.23999999999,1658
2026-08-27T13:45:00+00:00,66051.23999999999,66073.72,65771.22,65831.23,1815
2026-08-27T13:50:00+00:00,65831.23,66061.23999999999,65831.23,65993.72,1570
2026-08-27T13:55:00+00:00,65993.72,65993.72,65678.73,65786.22,1619
2026-08-27T14:00:00+00:00,65786.22,65866.23999999999,65756.22,65861.23999999999,1426
2026-08-27T14:05:00+00:00,65861.23999999999,65936.23999999999,65801.72,65871.23999999999,1498
2026-08-27T14:10:00+00:00,65871.23999999999,65986.73,65856.73,65966.22,1105
2026-08-27T14:15:00+00:00,65966.22,66051.22,65951.73,66016.73,1073
2026-08-27T14:20:00+00:00,66016.73,66096.23999999999,66011.73,66046.73999999999,956
2026-08-27T14:25:00+00:00,66046.73999999999,66081.73999999999,66001.72,66051.72,771
2026-08-27T14:30:00+00:00,66051.72,66061.22,65966.72,65996.23999999999,954
2026-08-27T14:35:00+00:00,65996.23999999999,66096.23999999999,65986.72,65986.72,721
2026-08-27T14:40:00+00:00,65986.72,66031.23,65976.72,66026.73999999999,718
2026-08-27T14:45:00+00:00,66026.73999999999,66128.73,66011.73,66106.23,775
2026-08-27T14:50:00+00:00,66106.23,66136.22,66001.72,66031.22,636
2026-08-27T14:55:00+00:00,66031.22,66036.23999999999,65946.72,66021.23999999999,698
2026-08-27T15:00:00+00:00,66021.23999999999,66041.23999999999,65947.22,65962.20000000001,516
2026-08-27T15:05:00+00:00,65962.20000000001,65974.22,65912.20000000001,65942.20000000001,379
2026-08-27T15:10:00+00:00,65942.20000000001,65961.72,65922.20000000001,65961.71,349
2026-08-27T15:15:00+00:00,65961.71,66011.72,65922.20000000001,65957.22,366
2026-08-27T15:20:00+00:00,65957.22,65981.72,65917.20000000001,65931.70000000001,349
2026-08-27T15:25:00+00:00,65931.70000000001,65941.72,65892.21,65921.72,397
2026-08-27T15:30:00+00:00,65921.72,65971.71,65892.20000000001,65967.21,591
2026-08-27T15:35:00+00:00,65967.21,65996.72,65897.21,65927.20000000001,349
2026-08-27T15:40:00+00:00,65927.20000000001,65986.72,65901.71,65912.22,419
2026-08-27T15:45:00+00:00,65912.22,65916.72,65872.20000000001,65887.21,467
2026-08-27T15:50:00+00:00,65887.21,66086.71,65882.21,66082.22,363
2026-08-27T15:55:00+00:00,66082.22,66106.70000000001,66061.70000000001,66077.21,260
2026-08-27T16:00:00+00:00,66077.21,66141.72,66077.20000000001,66116.72,351
2026-08-27T16:05:00+00:00,66116.72,66126.72,66062.20000000001,66064.20000000001,252
2026-08-27T16:10:00+00:00,66064.20000000001,66076.73,66042.21,66071.71,162
2026-08-27T16:15:00+00:00,66071.71,66091.73,66032.21,66061.71,263
2026-08-27T16:20:00+00:00,66061.71,66061.71,66017.21,66031.73,185
2026-08-27T16:25:00+00:00,66031.73,66086.73,66017.22,66081.73,154
2026-08-27T16:30:00+00:00,66081.73,66166.71,66072.21,66164.23,300
2026-08-27T16:35:00+00:00,66164.23,66186.73,66147.23,66179.22,203
2026-08-27T16:40:00+00:00,66179.22,66191.73,66162.21,66166.72,84
2026-08-27T16:45:00+00:00,66166.72,66206.72,66162.22,66191.71,171
2026-08-27T16:50:00+00:00,66191.71,66211.73,66182.23,66209.21,146
2026-08-27T16:55:00+00:00,66209.21,66221.73,66192.23,66212.23,89
2026-08-27T17:00:00+00:00,66212.23,66241.73,66202.21,66226.72,164
2026-08-27T17:05:00+00:00,66226.72,66226.73,66177.23,66211.71,108
2026-08-27T17:10:00+00:00,66211.71,66236.73,66207.21,66212.21,92
2026-08-27T17:15:00+00:00,66212.21,66221.73,66192.21,66202.21,88
2026-08-27T17:20:00+00:00,66202.21,66231.72,66192.21,66226.72,117
2026-08-27T17:25:00+00:00,66226.72,66226.72,66147.22,66152.22,130
2026-08-27T17:30:00+00:00,66152.22,66186.71,66137.21,66142.23,148
2026-08-27T17:35:00+00:00,66142.23,66161.71,66107.22,66107.22,109
2026-08-27T17:40:00+00:00,66107.22,66131.72,66052.21,66056.72,223
2026-08-27T17:45:00+00:00,66056.72,66071.73,66022.21,66037.21,240
2026-08-27T17:50:00+00:00,66037.21,66051.73,66017.22,66036.72,224
2026-08-27T17:55:00+00:00,66036.72,66041.73,65967.21,65986.72,159
2026-08-27T18:00:00+00:00,65986.72,66001.73,65902.21,65902.22,322
2026-08-27T18:05:00+00:00,65902.22,65961.73,65902.21,65922.23,240
2026-08-27T18:10:00+00:00,65922.23,65941.71,65887.21,65936.72,316
2026-08-27T18:15:00+00:00,65936.72,65951.72,65902.21,65936.73,316
2026-08-27T18:20:00+00:00,65936.73,65946.73,65864.22,65869.23,174
2026-08-27T18:25:00+00:00,65869.23,65879.21,65806.73,65834.23,245
2026-08-27T18:30:00+00:00,65834.23,65899.22,65826.72,65871.71,222
2026-08-27T18:35:00+00:00,65871.71,65909.22,65859.21,65909.22,138
2026-08-27T18:40:00+00:00,65909.22,65914.23,65884.22,65914.22,218
2026-08-27T18:45:00+00:00,65914.22,65919.21,65864.21,65866.72,190
2026-08-27T18:50:00+00:00,65866.72,65894.22,65856.71,65866.72,249
2026-08-27T18:55:00+00:00,65866.72,65911.73,65849.21,65906.71,223
2026-08-27T19:00:00+00:00,65906.71,65949.21,65899.21,65941.73,194
2026-08-27T19:05:00+00:00,65941.73,65966.73,65904.22,65951.71,262
2026-08-27T19:10:00+00:00,65951.71,65971.72,65944.21,65944.23,205
2026-08-27T19:15:00+00:00,65944.23,65969.23,65936.71,65969.23,116
2026-08-27T19:20:00+00:00,65969.23,65971.73,65936.72,65941.71,117
2026-08-27T19:25:00+00:00,65941.71,65964.21,65919.21,65934.23,213
2026-08-27T19:30:00+00:00,65934.23,65981.73,65929.21,65979.23,164
2026-08-27T19:35:00+00:00,65979.23,66006.72,65971.72,66004.21,123
2026-08-27T19:40:00+00:00,66004.21,66004.21,65976.73,65994.23,95
2026-08-27T19:45:00+00:00,65994.23,66029.23,65989.21,66026.72,143
2026-08-27T19:50:00+00:00,66026.72,66146.73,66011.71,66146.73,252
2026-08-27T19:55:00+00:00,66146.73,66231.73,66141.71,66226.72,411
2026-08-27T20:00:00+00:00,66226.72,66251.73,66161.72,66169.22,165
2026-08-27T20:05:00+00:00,66169.22,66194.23,66112.21,66112.21,106
2026-08-27T20:10:00+00:00,66112.21,66156.73,66112.21,66127.21,49
2026-08-27T20:15:00+00:00,66127.21,66132.22,66107.21,66122.22,47
2026-08-27T20:20:00+00:00,66122.22,66136.73,66097.22,66101.73,36
2026-08-27T20:25:00+00:00,66101.73,66106.72,66077.21,66097.21,46
2026-08-27T20:30:00+00:00,66097.21,66116.71,66092.21,66107.23,29
2026-08-27T20:35:00+00:00,66107.23,66112.23,66102.21,66102.23,31
2026-08-27T20:40:00+00:00,66102.23,66122.23,66102.22,66107.22,38
2026-08-27T20:45:00+00:00,66107.22,66131.73,66102.21,66112.22,31
2026-08-27T20:50:00+00:00,66112.22,66136.73,66097.21,66117.23,49
2026-08-27T20:55:00+00:00,66117.23,66161.72,66117.21,66159.21,79
2026-08-27T22:00:00+00:00,66173.71,66173.71,66062.89,66122.88,5
2026-08-27T22:05:00+00:00,66122.88,66152.88,66062.88,66067.9,43
2026-08-27T22:10:00+00:00,66067.9,66107.9,66067.9,66087.89,29
2026-08-27T22:15:00+00:00,66087.89,66102.9,66087.89,66102.88,11
2026-08-27T22:20:00+00:00,66102.88,66107.9,66097.88,66107.89,23
2026-08-27T22:25:00+00:00,66107.89,66107.9,66082.88,66102.89,27
2026-08-27T22:30:00+00:00,66102.89,66107.9,66087.89,66092.89,31
2026-08-27T22:35:00+00:00,66092.89,66112.39,66087.9,66097.88,11
2026-08-27T22:40:00+00:00,66097.88,66102.39,66077.88,66082.89,14
2026-08-27T22:45:00+00:00,66082.89,66097.89,66042.9,66097.89,29
2026-08-27T22:50:00+00:00,66097.89,66107.9,66097.88,66097.9,17
2026-08-27T22:55:00+00:00,66097.9,66107.89,66097.88,66102.9,17
2026-08-27T23:00:00+00:00,66102.9,66117.39,66077.88,66077.9,33
2026-08-27T23:05:00+00:00,66077.9,66112.9,66077.88,66112.9,38
2026-08-27T23:10:00+00:00,66112.9,66152.88,66092.9,66132.9,38
2026-08-27T23:15:00+00:00,66132.9,66132.9,66127.88,66132.4,8
2026-08-27T23:20:00+00:00,66132.4,66132.4,66092.89,66092.89,14
2026-08-27T23:25:00+00:00,66092.89,66112.88,66077.88,66077.88,30
2026-08-27T23:30:00+00:00,66077.88,66087.9,65977.89,66007.89,113
2026-08-27T23:35:00+00:00,66007.89,66047.9,65997.89,66042.89,36
2026-08-27T23:40:00+00:00,66042.89,66047.89,65957.88,65962.9,75
2026-08-27T23:45:00+00:00,65962.9,65962.9,65852.88,65922.89,450
2026-08-27T23:50:00+00:00,65922.89,65972.9,65852.89,65942.89,348
2026-08-27T23:55:00+00:00,65942.89,66132.89,65922.89,66132.89,302
2026-08-28T00:00:00+00:00,66132.89,66407.9,66027.88,66242.88,2099
2026-08-28T00:05:00+00:00,66242.88,66347.4,66162.88,66282.9,1494
2026-08-28T00:10:00+00:00,66282.9,66512.4,66282.88,66482.9,886
2026-08-28T00:15:00+00:00,66482.9,66552.39,66352.88,66502.9,1454
2026-08-28T00:20:00+00:00,66502.9,66562.38,66402.88,66512.9,1036
2026-08-28T00:25:00+00:00,66512.9,66579.88,66437.89,66557.9,770
2026-08-28T00:30:00+00:00,66557.9,66582.88,66472.88,66537.89,864
2026-08-28T00:35:00+00:00,66537.89,66547.89,66382.88,66407.89,816
2026-08-28T00:40:00+00:00,66407.89,66482.38,66347.88,66402.89,921
2026-08-28T00:45:00+00:00,66402.89,66527.89,66357.89,66512.89,843
2026-08-28T00:50:00+00:00,66512.89,66537.39,66442.88,66452.88,715
2026-08-28T00:55:00+00:00,66452.88,66552.9,66447.88,66467.89,568
2026-08-28T01:00:00+00:00,66467.89,66512.88,66412.88,66472.88,877
2026-08-28T01:05:00+00:00,66472.88,66502.9,66407.88,66442.89,622
2026-08-28T01:10:00+00:00,66442.89,66542.39,66407.88,66542.39,594
2026-08-28T01:15:00+00:00,66542.39,66624.9,66517.88,66622.4,489
2026-08-28T01:20:00+00:00,66622.4,66622.4,66467.89,66492.89,597
2026-08-28T01:25:00+00:00,66492.89,66512.9,66407.88,66427.89,613
2026-08-28T01:30:00+00:00,66427.89,66547.9,66392.88,66542.9,821
2026-08-28T01:35:00+00:00,66542.9,66672.4,66537.88,66602.89,625
2026-08-28T01:40:00+00:00,66602.89,66687.9,66572.88,66667.88,439
2026-08-28T01:45:00+00:00,66667.88,66677.9,66592.88,66642.88,595
2026-08-28T01:50:00+00:00,66642.88,66692.89,66622.89,66662.89,440
2026-08-28T01:55:00+00:00,66662.89,66687.89,66587.89,66637.9,390
2026-08-28T02:00:00+00:00,66637.9,66697.38,66632.88,66657.9,422
2026-08-28T02:05:00+00:00,66657.9,66677.89,66592.88,66637.88,336
2026-08-28T02:10:00+00:00,66637.88,66667.9,66622.88,66627.88,238
2026-08-28T02:15:00+00:00,66627.88,66777.9,66627.88,66777.9,287
2026-08-28T02:20:00+00:00,66777.9,66817.9,66642.9,66682.89,435
2026-08-28T02:25:00+00:00,66682.89,66697.39,66627.88,66667.9,321
2026-08-28T02:30:00+00:00,66667.9,66682.89,66552.88,66567.88,327
2026-08-28T02:35:00+00:00,66567.88,66627.9,66552.88,66602.9,314
2026-08-28T02:40:00+00:00,66602.9,66607.9,66532.88,66542.88,260
2026-08-28T02:45:00+00:00,66542.88,66557.9,66522.88,66542.39,199
2026-08-28T02:50:00+00:00,66542.39,66582.39,66537.88,66572.89,181
2026-08-28T02:55:00+00:00,66572.89,66622.9,66572.88,66592.88,209
2026-08-28T03:00:00+00:00,66592.88,66612.9,66552.89,66607.89,204
2026-08-28T03:05:00+00:00,66607.89,66632.89,66592.88,66617.9,250
2026-08-28T03:10:00+00:00,66617.9,66642.9,66612.88,66642.89,171
2026-08-28T03:15:00+00:00,66642.89,66677.9,66632.89,66677.9,167
2026-08-28T03:20:00+00:00,66677.9,66702.89,66667.88,66702.89,98
2026-08-28T03:25:00+00:00,66702.89,66772.9,66697.88,66757.9,196
2026-08-28T03:30:00+00:00,66757.9,66824.88,66657.89,66677.88,600
2026-08-28T03:35:00+00:00,66677.88,66687.89,66537.88,66547.9,436
2026-08-28T03:40:00+00:00,66547.9,66582.9,66472.88,66482.9,355
2026-08-28T03:45:00+00:00,66482.9,66572.9,66427.88,66542.89,525
2026-08-28T03:50:00+00:00,66542.89,66687.4,66537.88,66682.89,373
2026-08-28T03:55:00+00:00,66682.89,66732.88,66662.88,66677.9,420
2026-08-28T04:00:00+00:00,66677.9,66687.38,66532.88,66547.9,364
2026-08-28T04:05:00+00:00,66547.9,66562.89,66497.88,66542.88,392
2026-08-28T04:10:00+00:00,66542.88,66637.9,66532.88,66612.39,312
2026-08-28T04:15:00+00:00,66612.39,66647.9,66577.88,66632.9,294
2026-08-28T04:20:00+00:00,66632.9,66647.39,66602.89,66627.9,171
2026-08-28T04:25:00+00:00,66627.9,66637.89,66597.88,66607.9,176
2026-08-28T04:30:00+00:00,66607.9,66607.9,66512.88,66512.89,206
2026-08-28T04:35:00+00:00,66512.89,66572.9,66512.88,66572.9,325
2026-08-28T04:40:00+00:00,66572.9,66587.9,66517.89,66547.88,215
2026-08-28T04:45:00+00:00,66547.88,66562.9,66527.9,66542.88,224
2026-08-28T04:50:00+00:00,66542.88,66612.38,66537.89,66592.4,140
2026-08-28T04:55:00+00:00,66592.4,66602.38,66552.88,66572.9,172
2026-08-28T05:00:00+00:00,66572.9,66572.9,66487.89,66492.88,370
2026-08-28T05:05:00+00:00,66492.88,66502.4,66447.88,66477.88,290
2026-08-28T05:10:00+00:00,66477.88,66502.9,66422.88,66467.9,367
2026-08-28T05:15:00+00:00,66467.9,66504.89,66437.88,66452.88,239
2026-08-28T05:20:00+00:00,66452.88,66492.39,66427.89,66457.38,234
2026-08-28T05:25:00+00:00,66457.38,66467.9,66422.88,66457.88,298
2026-08-28T05:30:00+00:00,66457.88,66457.88,66407.9,66412.89,252
2026-08-28T05:35:00+00:00,66412.89,66432.38,66322.88,66322.89,289
2026-08-28T05:40:00+00:00,66322.89,66407.9,66322.88,66372.89,258
2026-08-28T05:45:00+00:00,66372.89,66377.9,66307.88,66312.89,235
2026-08-28T05:50:00+00:00,66312.89,66332.38,66252.88,66297.89,259
2026-08-28T05:55:00+00:00,66297.89,66312.88,66277.88,66282.89,276
2026-08-28T06:00:00+00:00,66282.89,66392.4,66267.88,66392.4,377
2026-08-28T06:05:00+00:00,66392.4,66392.4,66327.88,66352.39,252
2026-08-28T06:10:00+00:00,66352.39,66424.88,66347.88,66407.39,188
2026-08-28T06:15:00+00:00,66407.39,66432.39,66367.88,66372.89,170
2026-08-28T06:20:00+00:00,66372.89,66447.38,66367.9,66387.4,178
2026-08-28T06:25:00+00:00,66387.4,66389.88,66287.4,66312.39,412
2026-08-28T06:30:00+00:00,66312.39,66462.39,66312.39,66452.39,412
2026-08-28T06:35:00+00:00,66452.39,66462.39,66417.9,66437.4,123
2026-08-28T06:40:00+00:00,66437.4,66477.4,66412.38,66452.38,132
2026-08-28T06:45:00+00:00,66452.38,66477.4,66437.39,66462.4,106
2026-08-28T06:50:00+00:00,66462.4,66464.9,66427.89,66464.9,70
2026-08-28T06:55:00+00:00,66464.9,66542.39,66464.9,66532.4,44
2026-08-28T07:00:00+00:00,66532.4,66562.39,66482.89,66497.38,179
2026-08-28T07:05:00+00:00,66497.38,66507.89,66457.9,66477.4,122
2026-08-28T07:10:00+00:00,66477.4,66492.4,66462.4,66462.4,132
2026-08-28T07:15:00+00:00,66462.4,66484.88,66447.88,66477.89,104
2026-08-28T07:20:00+00:00,66477.89,66504.9,66457.9,66497.38,76
2026-08-28T07:25:00+00:00,66497.38,66522.39,66474.9,66482.4,48
2026-08-28T07:30:00+00:00,66482.4,66517.38,66462.39,66472.4,70
2026-08-28T07:35:00+00:00,66472.4,66502.39,66467.38,66472.4,75
2026-08-28T07:40:00+00:00,66472.4,66472.4,66432.89,66447.89,88
2026-08-28T07:45:00+00:00,66447.89,66522.38,66437.88,66519.88,80
2026-08-28T07:50:00+00:00,66519.88,66527.4,66472.38,66509.89,63
2026-08-28T07:55:00+00:00,66509.89,66522.39,66477.38,66479.88,85
2026-08-28T08:00:00+00:00,66479.88,66662.4,66479.88,66537.39,662
2026-08-28T08:05:00+00:00,66537.39,66557.4,66442.88,66457.38,288
2026-08-28T08:10:00+00:00,66457.38,66537.39,66452.38,66492.4,346
2026-08-28T08:15:00+00:00,66492.4,66547.39,66447.88,66467.9,196
2026-08-28T08:20:00+00:00,66467.9,66492.4,66462.88,66472.89,178
2026-08-28T08:25:00+00:00,66472.89,66512.38,66462.9,66489.89,132
2026-08-28T08:30:00+00:00,66489.89,66622.39,66482.88,66622.39,218
2026-08-28T08:35:00+00:00,66622.39,66627.39,66537.4,66539.89,212
2026-08-28T08:40:00+00:00,66539.89,66564.9,66537.39,66547.4,137
2026-08-28T08:45:00+00:00,66547.4,66577.38,66507.38,66564.9,254
2026-08-28T08:50:00+00:00,66564.9,66604.88,66549.89,66587.39,198
2026-08-28T08:55:00+00:00,66587.39,66612.4,66567.4,66592.9,159
2026-08-28T09:00:00+00:00,66592.9,66622.38,66577.88,66592.4,229
2026-08-28T09:05:00+00:00,66592.4,66639.88,66587.39,66634.88,189
2026-08-28T09:10:00+00:00,66634.88,66647.4,66612.38,66612.4,172
2026-08-28T09:15:00+00:00,66612.4,66637.38,66587.39,66602.39,186
2026-08-28T09:20:00+00:00,66602.39,66677.4,66587.39,66647.39,196
2026-08-28T09:25:00+00:00,66647.39,66679.89,66642.38,66654.89,237
2026-08-28T09:30:00+00:00,66654.89,66657.4,66592.4,66632.39,223
2026-08-28T09:35:00+00:00,66632.39,66642.4,66612.38,66619.88,176
2026-08-28T09:40:00+00:00,66619.88,66632.4,66587.38,66609.89,190
2026-08-28T09:45:00+00:00,66609.89,66624.9,66582.38,66597.38,153
2026-08-28T09:50:00+00:00,66597.38,66644.9,66597.38,66622.4,150
2026-08-28T09:55:00+00:00,66622.4,66629.9,66602.38,66607.38,123
2026-08-28T10:00:00+00:00,66607.38,66612.39,66577.89,66577.89,136
2026-08-28T10:05:00+00:00,66577.89,66614.89,66532.89,66549.89,191
2026-08-28T10:10:00+00:00,66549.89,66594.89,66547.39,66557.4,161
2026-08-28T10:15:00+00:00,66557.4,66572.4,66512.38,66512.38,138
2026-08-28T10:20:00+00:00,66512.38,66537.4,66502.39,66537.4,83
2026-08-28T10:25:00+00:00,66537.4,66557.38,66522.4,66549.88,134
2026-08-28T10:30:00+00:00,66549.88,66597.4,66549.88,66582.39,125
2026-08-28T10:35:00+00:00,66582.39,66584.9,66549.88,66577.4,155
2026-08-28T10:40:00+00:00,66577.4,66599.88,66534.88,66537.38,175
2026-08-28T10:45:00+00:00,66537.38,66567.4,66527.38,66542.39,178
2026-08-28T10:50:00+00:00,66542.39,66557.4,66529.9,66544.88,113
2026-08-28T10:55:00+00:00,66544.88,66582.39,66544.88,66569.88,181
2026-08-28T11:00:00+00:00,66569.88,66609.88,66522.39,66602.38,330
2026-08-28T11:05:00+00:00,66602.38,66602.38,66547.39,66552.39,148
2026-08-28T11:10:00+00:00,66552.39,66572.4,66527.38,66557.39,173
2026-08-28T11:15:00+00:00,66557.39,66592.39,66554.9,66579.88,143
2026-08-28T11:20:00+00:00,66579.88,66652.38,66572.38,66652.38,158
2026-08-28T11:25:00+00:00,66652.38,66664.88,66619.89,66637.38,141
2026-08-28T11:30:00+00:00,66637.38,66667.39,66584.88,66584.88,177
2026-08-28T11:35:00+00:00,66584.88,66592.4,66557.38,66567.39,163
2026-08-28T11:40:00+00:00,66567.39,66579.88,66542.39,66549.88,183
2026-08-28T11:45:00+00:00,66549.88,66584.88,66542.39,66572.4,87
2026-08-28T11:50:00+00:00,66572.4,66577.4,66512.39,66549.88,130
2026-08-28T11:55:00+00:00,66549.88,66549.88,66492.38,66499.89,170
2026-08-28T12:00:00+00:00,66499.89,66502.39,66467.38,66492.38,202
2026-08-28T12:05:00+00:00,66492.38,66527.39,66487.4,66517.38,132
2026-08-28T12:10:00+00:00,66517.38,66517.4,66434.89,66467.39,255
2026-08-28T12:15:00+00:00,66467.39,66497.4,66459.88,66477.39,157
2026-08-28T12:20:00+00:00,66477.39,66557.4,66477.38,66549.9,199
2026-08-28T12:25:00+00:00,66549.9,66562.4,66507.38,66537.39,177
2026-08-28T12:30:00+00:00,66537.39,66537.4,66457.38,66457.39,217
2026-08-28T12:35:00+00:00,66457.39,66479.9,66412.89,66452.4,220
2026-08-28T12:40:00+00:00,66452.4,66512.39,66417.9,66492.39,182
2026-08-28T12:45:00+00:00,66492.39,66524.88,66479.89,66522.4,246
2026-08-28T12:50:00+00:00,66522.4,66539.9,66487.38,66512.4,131
2026-08-28T12:55:00+00:00,66512.4,66532.39,66474.89,66514.9,144
2026-08-28T13:00:00+00:00,66514.9,66592.4,66499.88,66567.39,326
2026-08-28T13:05:00+00:00,66567.39,66587.4,66522.38,66524.88,203
2026-08-28T13:10:00+00:00,66524.88,66552.39,66522.38,66549.9,130
2026-08-28T13:15:00+00:00,66549.9,66557.4,66507.88,66522.38,181
2026-08-28T13:20:00+00:00,66522.38,66539.9,66517.38,66534.88,156
2026-08-28T13:25:00+00:00,66534.88,66534.89,66459.88,66482.38,345
2026-08-28T13:30:00+00:00,66482.38,66482.38,66352.38,66367.39,1787
2026-08-28T13:35:00+00:00,66367.39,66507.4,66314.88,66489.9,1103
2026-08-28T13:40:00+00:00,66489.9,66577.4,66482.9,66502.39,632
2026-08-28T13:45:00+00:00,66502.39,66597.4,66457.89,66542.4,777
2026-08-28T13:50:00+00:00,66542.4,66572.39,66457.89,66507.89,909
2026-08-28T13:55:00+00:00,66507.89,66712.88,66497.89,66617.9,764
2026-08-28T14:00:00+00:00,66617.9,66807.9,66507.89,66562.9,1483
2026-08-28T14:05:00+00:00,66562.9,66572.39,66317.39,66359.9,1800
2026-08-28T14:10:00+00:00,66359.9,66414.89,66147.38,66207.89,1730
2026-08-28T14:15:00+00:00,66207.89,66432.39,66207.89,66407.38,1564
2026-08-28T14:20:00+00:00,66407.38,66557.38,66397.39,66442.4,1472
2026-08-28T14:25:00+00:00,66442.4,66537.4,66362.38,66537.4,1823
2026-08-28T14:30:00+00:00,66537.4,66702.39,66499.88,66684.88,1533
2026-08-28T14:35:00+00:00,66684.88,66772.4,66684.88,66684.89,763
2026-08-28T14:40:00+00:00,66684.89,66714.88,66637.38,66697.39,771
2026-08-28T14:45:00+00:00,66697.39,66704.9,66609.89,66637.4,807
2026-08-28T14:50:00+00:00,66637.4,66704.9,66624.88,66692.38,635
2026-08-28T14:55:00+00:00,66692.38,66827.4,66692.38,66777.4,492
2026-08-28T15:00:00+00:00,66777.4,66797.38,66659.89,66674.89,688
2026-08-28T15:05:00+00:00,66674.89,66702.4,66619.9,66629.88,494
2026-08-28T15:10:00+00:00,66629.88,66639.88,66522.38,66522.39,581
2026-08-28T15:15:00+00:00,66522.39,66592.4,66484.89,66489.89,546
2026-08-28T15:20:00+00:00,66489.89,66532.4,66462.88,66512.4,456
2026-08-28T15:25:00+00:00,66512.4,66562.4,66492.39,66534.88,324
2026-08-28T15:30:00+00:00,66534.88,66539.88,66457.38,66462.38,471
2026-08-28T15:35:00+00:00,66462.38,66482.4,66324.88,66329.89,541
2026-08-28T15:40:00+00:00,66329.89,66329.89,66197.39,66204.89,1028
2026-08-28T15:45:00+00:00,66204.89,66219.88,66117.39,66137.39,897
2026-08-28T15:50:00+00:00,66137.39,66152.38,66004.88,66084.9,941
2026-08-28T15:55:00+00:00,66084.9,66089.88,65859.88,65862.88,1028
2026-08-28T16:00:00+00:00,65862.88,65887.38,65729.89,65769.89,1286
2026-08-28T16:05:00+00:00,65769.89,65887.38,65732.9,65872.9,781
2026-08-28T16:10:00+00:00,65872.9,65904.9,65772.89,65822.4,687
2026-08-28T16:15:00+00:00,65822.4,65849.89,65657.4,65717.39,1037
2026-08-28T16:20:00+00:00,65717.39,65747.39,65639.88,65677.4,1164
2026-08-28T16:25:00+00:00,65677.4,65729.88,65659.88,65712.38,876
2026-08-28T16:30:00+00:00,65712.38,65792.4,65697.38,65697.4,814
2026-08-28T16:35:00+00:00,65697.4,65814.9,65694.89,65789.88,693
2026-08-28T16:40:00+00:00,65789.88,65794.88,65699.88,65719.88,958
2026-08-28T16:45:00+00:00,65719.88,65864.89,65717.38,65862.39,736
2026-08-28T16:50:00+00:00,65862.39,65899.9,65814.89,65824.88,642
2026-08-28T16:55:00+00:00,65824.88,65849.9,65799.88,65809.9,865
2026-08-28T17:00:00+00:00,65809.9,65809.9,65689.9,65749.89,1377
2026-08-28T17:05:00+00:00,65749.89,65752.4,65652.38,65689.9,950
2026-08-28T17:10:00+00:00,65689.9,65742.38,65669.9,65737.4,838
2026-08-28T17:15:00+00:00,65737.4,65752.4,65674.88,65689.88,731
2026-08-28T17:20:00+00:00,65689.88,65714.9,65637.38,65682.4,716
2026-08-28T17:25:00+00:00,65682.4,65709.88,65647.38,65649.9,651
2026-08-28T17:30:00+00:00,65649.9,65774.9,65644.9,65767.38,407
2026-08-28T17:35:00+00:00,65767.38,65779.9,65674.9,65679.9,506
2026-08-28T17:40:00+00:00,65679.9,65734.89,65674.89,65724.88,489
2026-08-28T17:45:00+00:00,65724.88,65834.9,65719.88,65829.9,308
2026-08-28T17:50:00+00:00,65829.9,65842.38,65804.9,65819.9,282
2026-08-28T17:55:00+00:00,65819.9,65827.4,65762.4,65819.88,337
2026-08-28T18:00:00+00:00,65819.88,65829.89,65787.4,65804.9,336
2026-08-28T18:05:00+00:00,65804.9,65837.4,65782.88,65812.38,486
2026-08-28T18:10:00+00:00,65812.38,65834.9,65772.39,65774.88,273
2026-08-28T18:15:00+00:00,65774.88,65809.88,65762.38,65769.9,305
2026-08-28T18:20:00+00:00,65769.9,65784.9,65719.88,65739.88,396
2026-08-28T18:25:00+00:00,65739.88,65782.4,65724.88,65747.38,498
2026-08-28T18:30:00+00:00,65747.38,65774.88,65719.89,65759.89,477
2026-08-28T18:35:00+00:00,65759.89,65774.9,65702.4,65702.4,368
2026-08-28T18:40:00+00:00,65702.4,65747.4,65684.88,65709.89,313
2026-08-28T18:45:00+00:00,65709.89,65722.4,65684.9,65694.9,303
2026-08-28T18:50:00+00:00,65694.9,65694.9,65642.38,65674.88,429
2026-08-28T18:55:00+00:00,65674.88,65689.9,65647.38,65679.9,350
2026-08-28T19:00:00+00:00,65679.9,65744.88,65664.88,65719.9,385
2026-08-28T19:05:00+00:00,65719.9,65749.89,65667.39,65739.88,324
2026-08-28T19:10:00+00:00,65739.88,65742.4,65697.4,65719.9,309
2026-08-28T19:15:00+00:00,65719.9,65769.9,65689.88,65769.9,336
2026-08-28T19:20:00+00:00,65769.9,65774.89,65732.4,65762.4,246
2026-08-28T19:25:00+00:00,65762.4,65802.4,65762.38,65779.88,161
2026-08-28T19:30:00+00:00,65779.88,65779.9,65747.38,65749.88,273
2026-08-28T19:35:00+00:00,65749.88,65759.9,65707.38,65754.88,210
2026-08-28T19:40:00+00:00,65754.88,65764.9,65719.89,65729.88,164
2026-08-28T19:45:00+00:00,65729.88,65737.38,65684.88,65722.38,271
2026-08-28T19:50:00+00:00,65722.38,65779.89,65704.88,65754.89,370
2026-08-28T19:55:00+00:00,65754.89,65827.4,65732.89,65744.89,569
2026-08-28T20:00:00+00:00,65744.89,65757.4,65702.4,65737.9,211
2026-08-28T20:05:00+00:00,65737.9,65742.39,65707.88,65727.88,94
2026-08-28T20:10:00+00:00,65727.88,65762.4,65717.88,65752.9,73
2026-08-28T20:15:00+00:00,65752.9,65757.4,65737.89,65752.9,46
2026-08-28T20:20:00+00:00,65752.9,65762.4,65742.9,65757.88,49
2026-08-28T20:25:00+00:00,65757.88,65769.9,65742.88,65742.89,47
2026-08-28T20:30:00+00:00,65742.89,65762.38,65732.88,65747.39,82
2026-08-28T20:35:00+00:00,65747.39,65782.39,65742.88,65762.9,50
2026-08-28T20:40:00+00:00,65762.9,65817.39,65757.89,65807.9,92
2026-08-30T22:00:00+00:00,65807.9,65807.9,65438.4,65578.4,103
2026-08-30T22:05:00+00:00,65578.4,65632.9,65578.4,65613.41,66
2026-08-30T22:10:00+00:00,65613.41,65638.41,65598.4,65638.41,39
2026-08-30T22:15:00+00:00,65638.41,65718.4,65638.4,65703.41,23
2026-08-30T22:20:00+00:00,65703.41,65777.9,65658.41,65658.42,55
2026-08-30T22:25:00+00:00,65658.42,65673.41,65558.4,65568.41,53
2026-08-30T22:30:00+00:00,65568.41,65638.42,65528.42,65608.42,91
2026-08-30T22:35:00+00:00,65608.42,65643.42,65563.41,65638.4,35
2026-08-30T22:40:00+00:00,65638.4,65643.4,65637.92,65637.92,2
2026-08-30T22:55:00+00:00,65637.92,65637.92,65563.4,65568.41,2
2026-08-30T23:00:00+00:00,65568.41,65678.42,65568.41,65663.41,47
2026-08-30T23:05:00+00:00,65663.41,65688.41,65648.4,65688.41,26
2026-08-30T23:10:00+00:00,65688.41,65693.4,65498.42,65498.42,97
2026-08-30T23:15:00+00:00,65498.42,65523.42,65458.4,65523.42,59
2026-08-30T23:20:00+00:00,65523.42,65582.92,65373.41,65378.42,111
2026-08-30T23:25:00+00:00,65378.42,65440.41,65353.42,65428.41,119
2026-08-30T23:30:00+00:00,65428.41,65468.42,65288.41,65443.4,200
2026-08-30T23:35:00+00:00,65443.4,65478.42,65353.41,65403.4,99
2026-08-30T23:40:00+00:00,65403.4,65403.4,65278.42,65368.41,202
2026-08-30T23:45:00+00:00,65368.41,65373.41,64988.42,65048.41,1001
2026-08-30T23:50:00+00:00,65048.41,65122.91,64993.41,65043.41,638
2026-08-30T23:55:00+00:00,65043.41,65043.41,64798.41,64808.41,831
2026-08-31T00:00:00+00:00,64808.41,64848.41,64613.39000000001,64673.39000000001,1332
2026-08-31T00:05:00+00:00,64673.39000000001,65033.41,64583.41,64993.39000000001,1712
2026-08-31T00:10:00+00:00,64993.39000000001,65073.40000000001,64843.40000000001,64983.41,1528
2026-08-31T00:15:00+00:00,64983.41,65177.91,64938.40000000001,64963.40000000001,1645
2026-08-31T00:20:00+00:00,64963.40000000001,65228.41,64933.41,65223.41,1506
2026-08-31T00:25:00+00:00,65223.41,65293.41,65173.41,65238.39000000001,1412
2026-08-31T00:30:00+00:00,65238.39000000001,65517.89000000001,65223.39000000001,65488.41,1364
2026-08-31T00:35:00+00:00,65488.41,65523.41,65383.40000000001,65408.40000000001,1037
2026-08-31T00:40:00+00:00,65408.40000000001,65448.40000000001,65298.40000000001,65313.41,1183
2026-08-31T00:45:00+00:00,65313.41,65328.41,65238.39000000001,65258.39000000001,1112
2026-08-31T00:50:00+00:00,65258.39000000001,65363.39000000001,65253.39000000001,65293.39000000001,848
2026-08-31T00:55:00+00:00,65293.39000000001,65298.41,65098.40000000001,65133.40000000001,835
2026-08-31T01:00:00+00:00,65133.40000000001,65153.41,65018.41,65143.40000000001,1218
2026-08-31T01:05:00+00:00,65143.40000000001,65153.41,65043.39000000001,65078.40000000001,1040
2026-08-31T01:10:00+00:00,65078.40000000001,65153.39000000001,64988.39000000001,65133.39000000001,854
2026-08-31T01:15:00+00:00,65133.39000000001,65263.41,65113.40000000001,65223.41,1048
2026-08-31T01:20:00+00:00,65223.41,65248.39000000001,65093.39000000001,65183.40000000001,1145
2026-08-31T01:25:00+00:00,65183.40000000001,65302.89000000001,65113.40000000001,65288.39000000001,936
2026-08-31T01:30:00+00:00,65288.39000000001,65313.40000000001,65183.39000000001,65242.91,1119
2026-08-31T01:35:00+00:00,65242.91,65317.91,65158.39000000001,65298.39000000001,982
2026-08-31T01:40:00+00:00,65298.39000000001,65328.41,65203.39000000001,65213.40000000001,774
2026-08-31T01:45:00+00:00,65213.40000000001,65258.41,65153.39000000001,65228.39000000001,874
2026-08-31T01:50:00+00:00,65228.39000000001,65238.41,65138.39000000001,65158.41,833
2026-08-31T01:55:00+00:00,65158.41,65203.41,65123.40000000001,65168.39000000001,657
2026-08-31T02:00:00+00:00,65168.39000000001,65348.39000000001,65133.39000000001,65348.39000000001,840
2026-08-31T02:05:00+00:00,65348.39000000001,65403.39000000001,65328.39000000001,65363.40000000001,527
2026-08-31T02:10:00+00:00,65363.40000000001,65418.40000000001,65263.39000000001,65388.41,522
2026-08-31T02:15:00+00:00,65388.41,65433.39000000001,65293.39000000001,65353.41,839
2026-08-31T02:20:00+00:00,65353.41,65353.41,65273.39000000001,65318.40000000001,820
2026-08-31T02:25:00+00:00,65318.40000000001,65393.41,65263.39000000001,65328.39000000001,681
2026-08-31T02:30:00+00:00,65328.39000000001,65388.41,65258.39000000001,65263.41,795
2026-08-31T02:35:00+00:00,65263.41,65323.40000000001,65228.41,65243.39000000001,577
2026-08-31T02:40:00+00:00,65243.39000000001,65263.40000000001,65213.39000000001,65233.41,442
2026-08-31T02:45:00+00:00,65233.41,65408.41,65233.41,65308.40000000001,444
2026-08-31T02:50:00+00:00,65308.40000000001,65437.89000000001,65308.39000000001,65428.41,407
2026-08-31T02:55:00+00:00,65428.41,65508.41,65413.41,65508.41,258
2026-08-31T03:00:00+00:00,65508.41,65587.90000000001,65488.39000000001,65548.41,289
2026-08-31T03:05:00+00:00,65548.41,65612.91,65523.41,65603.39,269
2026-08-31T03:10:00+00:00,65603.39,65692.91,65593.39,65668.41,253
2026-08-31T03:15:00+00:00,65668.41,65677.91,65623.39,65633.39,284
2026-08-31T03:20:00+00:00,65633.39,65682.91,65628.39,65668.39,264
2026-08-31T03:25:00+00:00,65668.39,65703.41,65638.39,65658.39,314
2026-08-31T03:30:00+00:00,65658.39,65713.41,65593.40000000001,65628.39,1001
2026-08-31T03:35:00+00:00,65628.39,65697.90000000001,65618.39,65633.41,675
2026-08-31T03:40:00+00:00,65633.41,65672.91,65618.39,65648.40000000001,511
2026-08-31T03:45:00+00:00,65648.40000000001,65708.41,65633.39,65678.39,575
2026-08-31T03:50:00+00:00,65678.39,65712.91,65633.39,65658.40000000001,313
2026-08-31T03:55:00+00:00,65658.40000000001,65707.90000000001,65643.40000000001,65698.39,441
2026-08-31T04:00:00+00:00,65698.39,65728.39,65663.39,65718.41,388
2026-08-31T04:05:00+00:00,65718.41,65742.90000000001,65693.39,65708.39,277
2026-08-31T04:10:00+00:00,65708.39,65750.39,65673.39,65747.90000000001,235
2026-08-31T04:15:00+00:00,65747.90000000001,65817.90000000001,65693.40000000001,65793.41,228
2026-08-31T04:20:00+00:00,65793.41,65847.91,65778.40000000001,65837.90000000001,263
2026-08-31T04:25:00+00:00,65837.90000000001,65887.90000000001,65818.41,65863.41,249
2026-08-31T04:30:00+00:00,65863.41,65877.91,65833.39,65857.89,212
2026-08-31T04:35:00+00:00,65857.89,66027.90000000001,65843.40000000001,65993.39,416
2026-08-31T04:40:00+00:00,65993.39,66018.40000000001,65953.39,65998.41,284
2026-08-31T04:45:00+00:00,65998.41,65998.41,65903.40000000001,65938.39,295
2026-08-31T04:50:00+00:00,65938.39,66067.89,65938.39,66048.41,270
2026-08-31T04:55:00+00:00,66048.41,66162.89,66043.39,66133.39,267
2026-08-31T05:00:00+00:00,66133.39,66182.90000000001,66123.39,66143.40000000001,380
2026-08-31T05:05:00+00:00,66143.40000000001,66173.39,66123.39,66123.39,322
2026-08-31T05:10:00+00:00,66123.39,66167.89,66093.39,66157.89,340
2026-08-31T05:15:00+00:00,66157.89,66242.91,66148.40000000001,66198.40000000001,369
2026-08-31T05:20:00+00:00,66198.40000000001,66215.39,66123.39,66163.41,303
2026-08-31T05:25:00+00:00,66163.41,66193.40000000001,66143.39,66168.39,439
2026-08-31T05:30:00+00:00,66168.39,66178.40000000001,66073.40000000001,66078.41,568
2026-08-31T05:35:00+00:00,66078.41,66098.41,66053.39,66078.41,588
2026-08-31T05:40:00+00:00,66078.41,66107.91,66038.39,66088.39,469
2026-08-31T05:45:00+00:00,66088.39,66143.41,66088.39,66123.41,470
2026-08-31T05:50:00+00:00,66123.41,66147.90000000001,66083.40000000001,66143.41,308
2026-08-31T05:55:00+00:00,66143.41,66167.91,66123.39,66153.39,290
2026-08-31T06:00:00+00:00,66153.39,66183.40000000001,66078.39,66107.89,414
2026-08-31T06:05:00+00:00,66107.89,66155.41,66098.39,66142.90000000001,382
2026-08-31T06:10:00+00:00,66142.90000000001,66187.91,66132.89,66162.89,217
2026-08-31T06:15:00+00:00,66162.89,66242.91,66158.39,66242.91,225
2026-08-31T06:20:00+00:00,66242.91,66262.90000000001,66200.39,66252.89,409
2026-08-31T06:25:00+00:00,66252.89,66352.91,66250.39,66328.40000000001,592
2026-08-31T06:30:00+00:00,66328.40000000001,66427.90000000001,66303.40000000001,66390.40000000001,593
2026-08-31T06:35:00+00:00,66390.40000000001,66447.90000000001,66353.39,66442.91,196
2026-08-31T06:40:00+00:00,66442.91,66462.91,66403.40000000001,66408.40000000001,225
2026-08-31T06:45:00+00:00,66408.40000000001,66470.40000000001,66408.39,66425.41,118
2026-08-31T06:50:00+00:00,66425.41,66437.91,66397.91,66433.41,40
2026-08-31T06:55:00+00:00,66433.41,66467.91,66433.39,66437.91,72
2026-08-31T07:00:00+00:00,66437.91,66442.91,66357.91,66402.91,187
2026-08-31T07:05:00+00:00,66402.91,66422.91,66363.40000000001,66372.89,132
2026-08-31T07:10:00+00:00,66372.89,66387.89,66348.39,66382.90000000001,118
2026-08-31T07:15:00+00:00,66382.90000000001,66397.91,66353.39,66372.89,143
2026-08-31T07:20:00+00:00,66372.89,66410.41,66368.39,66405.40000000001,105
2026-08-31T07:25:00+00:00,66405.40000000001,66417.89,66362.91,66388.39,97
2026-08-31T07:30:00+00:00,66388.39,66420.39,66353.39,66397.90000000001,135
2026-08-31T07:35:00+00:00,66397.90000000001,66407.91,66343.39,66357.90000000001,102
2026-08-31T07:40:00+00:00,66357.90000000001,66372.90000000001,66338.41,66372.90000000001,84
2026-08-31T07:45:00+00:00,66372.90000000001,66392.89,66353.40000000001,66383.40000000001,88
2026-08-31T07:50:00+00:00,66383.40000000001,66392.89,66323.39,66333.39,90
2026-08-31T07:55:00+00:00,66333.39,66372.89,66333.39,66358.40000000001,89
2026-08-31T08:00:00+00:00,66358.40000000001,66382.90000000001,66273.39,66293.39,769
2026-08-31T08:05:00+00:00,66293.39,66392.91,66263.39,66387.89,374
2026-08-31T08:10:00+00:00,66387.89,66387.89,66298.39,66313.41,335
2026-08-31T08:15:00+00:00,66313.41,66375.41,66303.39,66343.40000000001,290
2026-08-31T08:20:00+00:00,66343.40000000001,66347.91,66273.39,66322.90000000001,347
2026-08-31T08:25:00+00:00,66322.90000000001,66375.41,66318.39,66353.39,230
2026-08-31T08:30:00+00:00,66353.39,66382.90000000001,66343.39,66372.91,196
2026-08-31T08:35:00+00:00,66372.91,66382.91,66318.39,66348.39,173
2026-08-31T08:40:00+00:00,66348.39,66352.91,66283.41,66317.90000000001,159
2026-08-31T08:45:00+00:00,66317.90000000001,66358.40000000001,66298.40000000001,66353.41,97
2026-08-31T08:50:00+00:00,66353.41,66392.91,66353.41,66372.90000000001,169
2026-08-31T08:55:00+00:00,66372.90000000001,66397.91,66358.41,66373.39,138
2026-08-31T09:00:00+00:00,66373.39,66407.90000000001,66343.39,66358.40000000001,201
2026-08-31T09:05:00+00:00,66358.40000000001,66417.89,66353.39,66398.41,212
2026-08-31T09:10:00+00:00,66398.41,66437.91,66388.40000000001,66418.41,135
2026-08-31T09:15:00+00:00,66418.41,66497.91,66418.41,66488.41,153
2026-08-31T09:20:00+00:00,66488.41,66497.90000000001,66413.40000000001,66433.41,170
2026-08-31T09:25:00+00:00,66433.41,66437.91,66383.39,66392.90000000001,144
2026-08-31T09:30:00+00:00,66392.90000000001,66422.89,66368.40000000001,66377.89,173
2026-08-31T09:35:00+00:00,66377.89,66377.91,66328.39,66332.89,178
2026-08-31T09:40:00+00:00,66332.89,66332.91,66293.40000000001,66307.90000000001,162
2026-08-31T09:45:00+00:00,66307.90000000001,66312.91,66253.40000000001,66253.40000000001,163
2026-08-31T09:50:00+00:00,66253.40000000001,66272.89,66253.39,66260.41,154
2026-08-31T09:55:00+00:00,66260.41,66262.91,66242.89,66248.39,106
2026-08-31T10:00:00+00:00,66248.39,66257.91,66213.40000000001,66232.91,172
2026-08-31T10:05:00+00:00,66232.91,66255.40000000001,66218.41,66220.39,221
2026-08-31T10:10:00+00:00,66220.39,66257.89,66208.40000000001,66252.91,221
2026-08-31T10:15:00+00:00,66252.91,66257.90000000001,66213.39,66252.89,146
2026-08-31T10:20:00+00:00,66252.89,66287.91,66243.41,66285.40000000001,202
2026-08-31T10:25:00+00:00,66285.40000000001,66317.90000000001,66258.40000000001,66287.90000000001,138
2026-08-31T10:30:00+00:00,66287.90000000001,66297.91,66258.39,66282.90000000001,162
2026-08-31T10:35:00+00:00,66282.90000000001,66292.89,66252.89,66272.90000000001,114
2026-08-31T10:40:00+00:00,66272.90000000001,66272.91,66253.39,66267.91,83
2026-08-31T10:45:00+00:00,66267.91,66287.91,66258.39,66277.91,110
2026-08-31T10:50:00+00:00,66277.91,66332.91,66272.91,66300.41,194
2026-08-31T10:55:00+00:00,66300.41,66325.39,66292.91,66315.40000000001,140
2026-08-31T11:00:00+00:00,66315.40000000001,66320.41,66268.40000000001,66277.90000000001,360
2026-08-31T11:05:00+00:00,66277.90000000001,66317.90000000001,66262.91,66302.90000000001,138
2026-08-31T11:10:00+00:00,66302.90000000001,66312.89,66252.90000000001,66257.91,116
2026-08-31T11:15:00+00:00,66257.91,66332.90000000001,66257.89,66317.91,250
2026-08-31T11:20:00+00:00,66317.91,66330.40000000001,66295.39,66320.40000000001,173
2026-08-31T11:25:00+00:00,66320.40000000001,66340.40000000001,66275.41,66332.90000000001,169
2026-08-31T11:30:00+00:00,66332.90000000001,66337.91,66278.39,66282.90000000001,217
2026-08-31T11:35:00+00:00,66282.90000000001,66287.91,66268.39,66282.89,85
2026-08-31T11:40:00+00:00,66282.89,66352.91,66258.41,66258.41,231
2026-08-31T11:45:00+00:00,66258.41,66287.91,66253.39,66282.90000000001,109
2026-08-31T11:50:00+00:00,66282.90000000001,66322.91,66273.40000000001,66310.41,176
2026-08-31T11:55:00+00:00,66310.41,66332.91,66302.89,66312.91,96
2026-08-31T12:00:00+00:00,66312.91,66375.39,66307.89,66372.90000000001,342
2026-08-31T12:05:00+00:00,66372.90000000001,66437.91,66263.39,66418.39,362
2026-08-31T12:10:00+00:00,66418.39,66462.91,66393.39,66455.39,255
2026-08-31T12:15:00+00:00,66455.39,66492.91,66438.39,66492.90000000001,194
2026-08-31T12:20:00+00:00,66492.90000000001,66497.91,66360.39,66372.89,227
2026-08-31T12:25:00+00:00,66372.89,66387.91,66247.89,66352.89,477
2026-08-31T12:30:00+00:00,66352.89,66412.91,66323.39,66407.91,333
2026-08-31T12:35:00+00:00,66407.91,66452.91,66343.40000000001,66348.40000000001,335
2026-08-31T12:40:00+00:00,66348.40000000001,66352.89,66273.39,66302.91,339
2026-08-31T12:45:00+00:00,66302.91,66307.91,66243.40000000001,66253.39,233
2026-08-31T12:50:00+00:00,66253.39,66277.91,66198.41,66198.41,174
2026-08-31T12:55:00+00:00,66198.41,66242.91,66188.39,66242.91,239
2026-08-31T13:00:00+00:00,66242.91,66262.91,66208.39,66247.90000000001,322
2026-08-31T13:05:00+00:00,66247.90000000001,66262.91,66223.40000000001,66260.39,181
2026-08-31T13:10:00+00:00,66260.39,66285.39,66243.39,66282.91,114
2026-08-31T13:15:00+00:00,66282.91,66287.91,66240.39,66245.39,127
2026-08-31T13:20:00+00:00,66245.39,66272.89,66242.89,66265.39,110
2026-08-31T13:25:00+00:00,66265.39,66330.41,66243.39,66300.41,355
2026-08-31T13:30:00+00:00,66300.41,66467.91,66295.39,66437.89,1111
2026-08-31T13:35:00+00:00,66437.89,66440.41,66173.40000000001,66178.41,1394
2026-08-31T13:40:00+00:00,66178.41,66288.41,66158.40000000001,66163.41,1247
2026-08-31T13:45:00+00:00,66163.41,66268.40000000001,66103.41,66192.91,1366
2026-08-31T13:50:00+00:00,66192.91,66287.91,66118.39,66252.91,801
2026-08-31T13:55:00+00:00,66252.91,66283.39,66213.40000000001,66252.91,618
2026-08-31T14:00:00+00:00,66252.91,66297.89,66162.90000000001,66187.89,576
2026-08-31T14:05:00+00:00,66187.89,66215.41,66117.91,66117.91,644
2026-08-31T14:10:00+00:00,66117.91,66170.41,66087.90000000001,66137.89,596
2026-08-31T14:15:00+00:00,66137.89,66232.91,66107.89,66212.89,531
2026-08-31T14:20:00+00:00,66212.89,66212.89,66067.89,66072.91,581
2026-08-31T14:25:00+00:00,66072.91,66140.40000000001,66055.41,66117.91,574
2026-08-31T14:30:00+00:00,66117.91,66185.39,66085.39,66167.89,550
2026-08-31T14:35:00+00:00,66167.89,66280.41,66162.89,66240.40000000001,612
2026-08-31T14:40:00+00:00,66240.40000000001,66267.91,66222.91,66240.40000000001,524
2026-08-31T14:45:00+00:00,66240.40000000001,66245.40000000001,66100.41,66105.41,356
2026-08-31T14:50:00+00:00,66105.41,66155.41,66080.39,66115.39,419
2026-08-31T14:55:00+00:00,66115.39,66190.41,66092.89,66105.39,448
2026-08-31T15:00:00+00:00,66105.39,66182.89,66035.40000000001,66050.39,597
2026-08-31T15:05:00+00:00,66050.39,66090.41,65982.89,65985.40000000001,469
2026-08-31T15:10:00+00:00,65985.40000000001,65990.41,65930.39,65952.90000000001,476
2026-08-31T15:15:00+00:00,65952.90000000001,65980.41,65875.39,65977.91,473
2026-08-31T15:20:00+00:00,65977.91,65985.40000000001,65920.40000000001,65947.90000000001,515
2026-08-31T15:25:00+00:00,65947.90000000001,66005.40000000001,65905.40000000001,65982.89,532
2026-08-31T15:30:00+00:00,65982.89,65997.90000000001,65907.90000000001,65922.91,617
2026-08-31T15:35:00+00:00,65922.91,65922.91,65837.89,65855.39,452
2026-08-31T15:40:00+00:00,65855.39,65885.39,65825.39,65877.90000000001,384
2026-08-31T15:45:00+00:00,65877.90000000001,65895.41,65835.39,65860.41,380
2026-08-31T15:50:00+00:00,65860.41,65890.41,65835.39,65835.41,300
2026-08-31T15:55:00+00:00,65835.41,65835.41,65770.39,65777.90000000001,285
2026-08-31T16:00:00+00:00,65777.90000000001,65782.89,65745.39,65755.41,349
2026-08-31T16:05:00+00:00,65755.41,65780.41,65742.89,65747.91,328
2026-08-31T16:10:00+00:00,65747.91,65845.40000000001,65737.91,65822.90000000001,455
2026-08-31T16:15:00+00:00,65822.90000000001,65842.90000000001,65792.89,65840.41,301
2026-08-31T16:20:00+00:00,65840.41,65855.41,65795.39,65822.91,231
2026-08-31T16:25:00+00:00,65822.91,65865.40000000001,65822.91,65855.40000000001,210
2026-08-31T16:30:00+00:00,65855.40000000001,65877.89,65827.90000000001,65857.91,339
2026-08-31T16:35:00+00:00,65857.91,65882.91,65815.39,65815.39,218
2026-08-31T16:40:00+00:00,65815.39,65910.39,65810.39,65885.40000000001,307
2026-08-31T16:45:00+00:00,65885.40000000001,65905.40000000001,65865.41,65895.41,153
2026-08-31T16:50:00+00:00,65895.41,65905.41,65872.91,65877.90000000001,204
2026-08-31T16:55:00+00:00,65877.90000000001,65895.41,65870.40000000001,65892.89,159
2026-08-31T17:00:00+00:00,65892.89,65892.91,65832.90000000001,65845.40000000001,228
2026-08-31T17:05:00+00:00,65845.40000000001,65857.89,65805.39,65805.41,199
2026-08-31T17:10:00+00:00,65805.41,65830.41,65795.39,65810.41,172
2026-08-31T17:15:00+00:00,65810.41,65830.39,65782.90000000001,65805.41,197
2026-08-31T17:20:00+00:00,65805.41,65807.89,65780.39,65780.39,207
2026-08-31T17:25:00+00:00,65780.39,65780.40000000001,65712.89,65712.89,191
2026-08-31T17:30:00+00:00,65712.89,65760.41,65700.39,65735.39,235
2026-08-31T17:35:00+00:00,65735.39,65782.91,65735.39,65780.39,206
2026-08-31T17:40:00+00:00,65780.39,65835.41,65775.41,65832.91,232
2026-08-31T17:45:00+00:00,65832.91,65842.90000000001,65810.39,65827.90000000001,170
2026-08-31T17:50:00+00:00,65827.90000000001,65870.41,65825.39,65860.40000000001,173
2026-08-31T17:55:00+00:00,65860.40000000001,65865.39,65810.39,65820.40000000001,178
2026-08-31T18:00:00+00:00,65820.40000000001,65830.41,65800.39,65822.91,275
2026-08-31T18:05:00+00:00,65822.91,65845.41,65810.41,65845.41,177
2026-08-31T18:10:00+00:00,65845.41,65852.90000000001,65825.40000000001,65832.89,111
2026-08-31T18:15:00+00:00,65832.89,65852.91,65825.39,65840.40000000001,112
2026-08-31T18:20:00+00:00,65840.40000000001,65857.91,65830.40000000001,65845.39,101
2026-08-31T18:25:00+00:00,65845.39,65845.41,65807.89,65810.41,115
2026-08-31T18:30:00+00:00,65810.41,65812.91,65780.39,65782.89,119
2026-08-31T18:35:00+00:00,65782.89,65797.90000000001,65730.39,65742.90000000001,232
2026-08-31T18:40:00+00:00,65742.90000000001,65752.90000000001,65707.90000000001,65742.90000000001,232
2026-08-31T18:45:00+00:00,65742.90000000001,65755.40000000001,65727.89,65752.89,206
2026-08-31T18:50:00+00:00,65752.89,65780.40000000001,65740.40000000001,65772.89,142
2026-08-31T18:55:00+00:00,65772.89,65782.91,65750.39,65757.89,178
2026-08-31T19:00:00+00:00,65757.89,65797.91,65747.91,65747.91,185
2026-08-31T19:05:00+00:00,65747.91,65747.91,65722.89,65735.41,113
2026-08-31T19:10:00+00:00,65735.41,65740.41,65715.40000000001,65732.91,122
2026-08-31T19:15:00+00:00,65732.91,65745.39,65715.40000000001,65737.91,87
2026-08-31T19:20:00+00:00,65737.91,65762.90000000001,65727.89,65752.90000000001,82
2026-08-31T19:25:00+00:00,65752.90000000001,65782.89,65742.90000000001,65757.91,104
2026-08-31T19:30:00+00:00,65757.91,65760.40000000001,65710.41,65727.89,179
2026-08-31T19:35:00+00:00,65727.89,65770.40000000001,65725.40000000001,65755.40000000001,109
2026-08-31T19:40:00+00:00,65755.40000000001,65817.90000000001,65742.90000000001,65815.41,140
2026-08-31T19:45:00+00:00,65815.41,65835.41,65802.90000000001,65832.90000000001,210
2026-08-31T19:50:00+00:00,65832.90000000001,65957.89,65832.90000000001,65935.39,457
2026-08-31T19:55:00+00:00,65935.39,65942.89,65848.40000000001,65857.91,436
2026-08-31T20:00:00+00:00,65857.91,65892.91,65783.39,65783.40000000001,246
2026-08-31T20:05:00+00:00,65783.40000000001,65838.41,65783.39,65833.41,89
2026-08-31T20:10:00+00:00,65833.41,65838.40000000001,65793.39,65813.40000000001,139
2026-08-31T20:15:00+00:00,65813.40000000001,65842.89,65808.39,65818.40000000001,59
2026-08-31T20:20:00+00:00,65818.40000000001,65827.90000000001,65778.39,65798.39,116
2026-08-31T20:25:00+00:00,65798.39,65820.40000000001,65798.39,65808.39,38
2026-08-31T20:30:00+00:00,65808.39,65812.91,65788.39,65803.40000000001,35
2026-08-31T20:35:00+00:00,65803.40000000001,65822.89,65803.39,65822.89,30
2026-08-31T20:40:00+00:00,65822.89,65827.90000000001,65803.39,65808.41,42
2026-08-31T20:45:00+00:00,65808.41,65817.90000000001,65798.39,65807.91,61
2026-08-31T20:50:00+00:00,65807.91,65838.41,65803.41,65838.41,52
2026-08-31T20:55:00+00:00,65838.41,65853.40000000001,65803.41,65808.39,60
2026-08-31T22:05:00+00:00,65803.4,65830.23,65770.23,65790.23,17
2026-08-31T22:10:00+00:00,65790.23,65829.73,65785.21,65800.22,26
2026-08-31T22:15:00+00:00,65800.22,65800.22,65785.21,65790.22,31
2026-08-31T22:20:00+00:00,65790.22,65799.73,65775.22,65775.22,19
2026-08-31T22:25:00+00:00,65775.22,65804.71,65765.21,65804.71,24
2026-08-31T22:30:00+00:00,65804.71,65804.71,65780.21,65790.22,11
2026-08-31T22:35:00+00:00,65790.22,65824.73,65790.22,65820.22,20
2026-08-31T22:40:00+00:00,65820.22,65820.22,65815.21,65819.73,10
2026-08-31T22:45:00+00:00,65819.73,65819.73,65780.22,65780.23,7
2026-08-31T22:50:00+00:00,65780.23,65780.23,65765.23,65770.23,11
2026-08-31T22:55:00+00:00,65770.23,65807.22,65770.23,65795.22,12
2026-08-31T23:00:00+00:00,65795.22,65819.72,65794.71,65794.71,17
2026-08-31T23:05:00+00:00,65794.71,65820.23,65785.21,65785.22,25
2026-08-31T23:10:00+00:00,65785.22,65835.23,65785.22,65790.23,36
2026-08-31T23:15:00+00:00,65790.23,65809.73,65770.21,65794.73,39
2026-08-31T23:20:00+00:00,65794.73,65794.73,65765.23,65780.23,18
2026-08-31T23:25:00+00:00,65780.23,65894.72,65780.22,65850.22,86
2026-08-31T23:30:00+00:00,65850.22,65919.72,65825.23,65900.23,71
2026-08-31T23:35:00+00:00,65900.23,65925.22,65845.22,65884.73,87
2026-08-31T23:40:00+00:00,65884.73,65905.23,65825.22,65845.22,123
2026-08-31T23:45:00+00:00,65845.22,65944.72,65810.23,65880.22,779
2026-08-31T23:50:00+00:00,65880.22,65950.23,65860.23,65915.21,346
2026-08-31T23:55:00+00:00,65915.21,65957.23,65800.21,65800.21,474
2026-09-01T00:00:00+00:00,65800.21,65800.21,65560.22,65730.21,1841
2026-09-01T00:05:00+00:00,65730.21,65814.72,65555.21,65715.23,1122
2026-09-01T00:10:00+00:00,65715.23,65715.23,65555.21,65585.22,904
2026-09-01T00:15:00+00:00,65585.22,65750.23,65550.22,65750.21,1499
2026-09-01T00:20:00+00:00,65750.21,65815.22,65580.21,65645.21,1033
2026-09-01T00:25:00+00:00,65645.21,65755.23,65635.22,65750.21,908
2026-09-01T00:30:00+00:00,65750.21,65819.73,65695.21,65740.23,1058
2026-09-01T00:35:00+00:00,65740.23,65775.23,65685.21,65700.23,903
2026-09-01T00:40:00+00:00,65700.23,65859.72,65685.23,65815.23,690
2026-09-01T00:45:00+00:00,65815.23,65960.21,65815.23,65925.21,731
2026-09-01T00:50:00+00:00,65925.21,65949.73,65835.23,65940.22,785
2026-09-01T00:55:00+00:00,65940.22,66010.23,65910.21,66005.21,541
2026-09-01T01:00:00+00:00,66005.21,66109.71,66000.21,66095.23,994
2026-09-01T01:05:00+00:00,66095.23,66229.73,66090.22,66205.21,785
2026-09-01T01:10:00+00:00,66205.21,66300.22,66135.21,66300.22,653
2026-09-01T01:15:00+00:00,66300.22,66395.22,66300.22,66355.23,665
2026-09-01T01:20:00+00:00,66355.23,66410.23,66310.21,66310.21,620
2026-09-01T01:25:00+00:00,66310.21,66310.23,66165.21,66195.23,820
2026-09-01T01:30:00+00:00,66195.23,66230.23,66130.21,66175.22,1130
2026-09-01T01:35:00+00:00,66175.22,66335.21,66160.23,66215.21,912
2026-09-01T01:40:00+00:00,66215.21,66314.71,66185.21,66310.21,671
2026-09-01T01:45:00+00:00,66310.21,66349.71,66270.21,66340.21,510
2026-09-01T01:50:00+00:00,66340.21,66375.23,66160.21,66160.21,489
2026-09-01T01:55:00+00:00,66160.21,66180.23,66115.21,66145.22,646
2026-09-01T02:00:00+00:00,66145.22,66190.22,66115.21,66185.22,594
2026-09-01T02:05:00+00:00,66185.22,66200.22,66120.21,66120.21,453
2026-09-01T02:10:00+00:00,66120.21,66159.71,66095.21,66150.22,459
2026-09-01T02:15:00+00:00,66150.22,66170.21,66105.23,66165.21,361
2026-09-01T02:20:00+00:00,66165.21,66190.22,66120.21,66155.23,320
2026-09-01T02:25:00+00:00,66155.23,66169.71,66035.21,66044.71,323
2026-09-01T02:30:00+00:00,66044.71,66125.23,66040.21,66050.22,455
2026-09-01T02:35:00+00:00,66050.22,66050.23,65985.22,66000.23,229
2026-09-01T02:40:00+00:00,66000.23,66025.21,65989.72,66010.23,252
2026-09-01T02:45:00+00:00,66010.23,66095.22,66005.23,66070.21,265
2026-09-01T02:50:00+00:00,66070.21,66100.22,66045.23,66095.21,245
2026-09-01T02:55:00+00:00,66095.21,66240.23,66085.22,66240.21,231
2026-09-01T03:00:00+00:00,66240.21,66260.22,66180.21,66195.21,338
2026-09-01T03:05:00+00:00,66195.21,66229.72,66170.21,66185.22,222
2026-09-01T03:10:00+00:00,66185.22,66199.73,66150.21,66165.22,220
2026-09-01T03:15:00+00:00,66165.22,66200.23,66155.22,66180.23,245
2026-09-01T03:20:00+00:00,66180.23,66189.72,66160.21,66165.23,262
2026-09-01T03:25:00+00:00,66165.23,66209.73,66145.21,66155.23,267
2026-09-01T03:30:00+00:00,66155.23,66229.72,66100.21,66215.21,880
2026-09-01T03:35:00+00:00,66215.21,66225.23,66175.21,66200.23,437
2026-09-01T03:40:00+00:00,66200.23,66205.21,66130.21,66145.23,402
2026-09-01T03:45:00+00:00,66145.23,66204.71,66140.21,66190.23,519
2026-09-01T03:50:00+00:00,66190.23,66229.73,66155.21,66170.23,354
2026-09-01T03:55:00+00:00,66170.23,66225.23,66155.21,66225.23,389
2026-09-01T04:00:00+00:00,66225.23,66249.71,66175.21,66215.23,325
2026-09-01T04:05:00+00:00,66215.23,66269.73,66185.22,66245.23,240
2026-09-01T04:10:00+00:00,66245.23,66259.73,66225.23,66240.22,220
2026-09-01T04:15:00+00:00,66240.22,66284.73,66210.21,66280.23,186
2026-09-01T04:20:00+00:00,66280.23,66349.71,66280.23,66335.22,173
2026-09-01T04:25:00+00:00,66335.22,66374.71,66290.21,66290.21,205
2026-09-01T04:30:00+00:00,66290.21,66290.23,66225.21,66235.21,341
2026-09-01T04:35:00+00:00,66235.21,66277.22,66160.21,66165.22,234
2026-09-01T04:40:00+00:00,66165.22,66169.73,66105.21,66124.71,353
2026-09-01T04:45:00+00:00,66124.71,66234.72,66115.21,66210.21,395
2026-09-01T04:50:00+00:00,66210.21,66239.71,66145.21,66194.72,248
2026-09-01T04:55:00+00:00,66194.72,66209.71,66110.21,66130.23,281
2026-09-01T05:00:00+00:00,66130.23,66192.22,66105.21,66190.21,434
2026-09-01T05:05:00+00:00,66190.21,66254.73,66180.23,66250.21,264
2026-09-01T05:10:00+00:00,66250.21,66259.73,66200.22,66205.22,253
2026-09-01T05:15:00+00:00,66205.22,66249.73,66185.22,66200.23,286
2026-09-01T05:20:00+00:00,66200.23,66224.73,66160.22,66205.23,298
2026-09-01T05:25:00+00:00,66205.23,66335.21,66205.21,66330.22,402
2026-09-01T05:30:00+00:00,66330.22,66367.23,66310.23,66320.23,369
2026-09-01T05:35:00+00:00,66320.23,66479.73,66290.21,66450.22,304
2026-09-01T05:40:00+00:00,66450.22,66494.73,66450.21,66460.23,282
2026-09-01T05:45:00+00:00,66460.23,66529.73,66420.22,66424.71,283
2026-09-01T05:50:00+00:00,66424.71,66480.23,66410.21,66480.21,348
2026-09-01T05:55:00+00:00,66480.21,66525.23,66455.21,66460.22,273
2026-09-01T06:00:00+00:00,66460.22,66514.72,66455.21,66460.21,266
2026-09-01T06:05:00+00:00,66460.21,66479.72,66415.21,66420.21,304
2026-09-01T06:10:00+00:00,66420.21,66439.71,66390.21,66404.72,233
2026-09-01T06:15:00+00:00,66404.72,66414.73,66345.21,66350.22,195
2026-09-01T06:20:00+00:00,66350.22,66374.72,66295.21,66322.23,250
2026-09-01T06:25:00+00:00,66322.23,66345.23,66165.21,66170.21,391
2026-09-01T06:30:00+00:00,66170.21,66259.71,66135.23,66154.73,483
2026-09-01T06:35:00+00:00,66154.73,66184.73,66115.22,66175.21,213
2026-09-01T06:40:00+00:00,66175.21,66184.73,66135.21,66152.22,146
2026-09-01T06:45:00+00:00,66152.22,66199.73,66145.21,66194.72,133
2026-09-01T06:50:00+00:00,66194.72,66194.72,66145.21,66157.23,72
2026-09-01T06:55:00+00:00,66157.23,66169.72,66115.22,66115.22,82
2026-09-01T07:00:00+00:00,66115.22,66230.23,66110.23,66195.22,270
2026-09-01T07:05:00+00:00,66195.22,66234.73,66155.21,66155.21,186
2026-09-01T07:10:00+00:00,66155.21,66230.22,66105.21,66230.21,160
2026-09-01T07:15:00+00:00,66230.21,66239.73,66185.21,66234.72,143
2026-09-01T07:20:00+00:00,66234.72,66249.72,66204.73,66224.72,97
2026-09-01T07:25:00+00:00,66224.72,66254.73,66215.21,66220.22,74
2026-09-01T07:30:00+00:00,66220.22,66224.72,66155.23,66157.22,142
2026-09-01T07:35:00+00:00,66157.22,66159.71,66060.22,66069.72,328
2026-09-01T07:40:00+00:00,66069.72,66084.71,66010.21,66014.72,251
2026-09-01T07:45:00+00:00,66014.72,66069.73,65944.72,66059.71,299
2026-09-01T07:50:00+00:00,66059.71,66064.73,66030.21,66035.22,135
2026-09-01T07:55:00+00:00,66035.22,66055.23,65980.22,65995.22,126
2026-09-01T08:00:00+00:00,65995.22,66005.22,65870.21,65875.23,721
2026-09-01T08:05:00+00:00,65875.23,65920.23,65530.21,65555.23,1267
2026-09-01T08:10:00+00:00,65555.23,65579.73,65480.21,65494.71,610
2026-09-01T08:15:00+00:00,65494.71,65522.22,65285.21,65299.72,771
2026-09-01T08:20:00+00:00,65299.72,65339.72,65214.71,65214.71,720
2026-09-01T08:25:00+00:00,65214.71,65254.72,65105.22,65120.21,861
2026-09-01T08:30:00+00:00,65120.21,65224.72,65085.21,65180.23,868
2026-09-01T08:35:00+00:00,65180.23,65184.71,65030.21,65080.21,818
2026-09-01T08:40:00+00:00,65080.21,65122.23,65045.21,65080.21,663
2026-09-01T08:45:00+00:00,65080.21,65139.71,65035.22,65114.73,841
2026-09-01T08:50:00+00:00,65114.73,65234.73,65075.21,65205.23,681
2026-09-01T08:55:00+00:00,65205.23,65220.23,65065.21,65075.22,588
2026-09-01T09:00:00+00:00,65075.22,65109.73,65030.21,65060.22,637
2026-09-01T09:05:00+00:00,65060.22,65074.71,64955.22,64990.22,653
2026-09-01T09:10:00+00:00,64990.22,65059.73,64950.23,64989.72,627
2026-09-01T09:15:00+00:00,64989.72,65069.72,64960.22,65034.72,368
2026-09-01T09:20:00+00:00,65034.72,65069.72,65012.23,65027.22,368
2026-09-01T09:25:00+00:00,65027.22,65052.23,65007.22,65019.71,416
2026-09-01T09:30:00+00:00,65019.71,65047.21,64999.72,65024.73,584
2026-09-01T09:35:00+00:00,65024.73,65029.73,64962.23,64997.21,349
2026-09-01T09:40:00+00:00,64997.21,65102.22,64974.71,65089.73,333
2026-09-01T09:45:00+00:00,65089.73,65134.73,65039.73,65062.23,283
2026-09-01T09:50:00+00:00,65062.23,65064.71,65012.21,65039.73,216
2026-09-01T09:55:00+00:00,65039.73,65042.23,64997.23,65004.73,223
2026-09-01T10:00:00+00:00,65004.73,65057.23,64984.72,65022.23,280
2026-09-01T10:05:00+00:00,65022.23,65049.73,64999.71,65004.72,355
2026-09-01T10:10:00+00:00,65004.72,65099.72,65002.23,65084.71,208
2026-09-01T10:15:00+00:00,65084.71,65119.71,65035.21,65099.72,221
2026-09-01T10:20:00+00:00,65099.72,65184.73,65089.72,65165.21,229
2026-09-01T10:25:00+00:00,65165.21,65184.73,65135.21,65144.73,205
2026-09-01T10:30:00+00:00,65144.73,65179.71,65135.21,65170.21,149
2026-09-01T10:35:00+00:00,65170.21,65184.73,65150.21,65150.21,127
2026-09-01T10:40:00+00:00,65150.21,65164.72,65090.21,65090.21,157
2026-09-01T10:45:00+00:00,65090.21,65119.72,65064.72,65069.72,328
2026-09-01T10:50:00+00:00,65069.72,65069.72,64990.21,65015.23,320
2026-09-01T10:55:00+00:00,65015.23,65057.23,65000.21,65049.73,261
2026-09-01T11:00:00+00:00,65049.73,65054.73,64995.23,65035.23,339
2026-09-01T11:05:00+00:00,65035.23,65039.72,64960.23,65029.72,392
2026-09-01T11:10:00+00:00,65029.72,65059.72,65010.21,65019.72,183
2026-09-01T11:15:00+00:00,65019.72,65047.23,65015.23,65029.73,178
2026-09-01T11:20:00+00:00,65029.73,65047.23,65010.21,65024.71,204
2026-09-01T11:25:00+00:00,65024.71,65052.21,65010.22,65034.72,265
2026-09-01T11:30:00+00:00,65034.72,65089.73,65032.21,65054.72,212
2026-09-01T11:35:00+00:00,65054.72,65112.22,65045.23,65109.72,97
2026-09-01T11:40:00+00:00,65109.72,65119.72,65084.72,65089.71,106
2026-09-01T11:45:00+00:00,65089.71,65099.73,65047.22,65047.22,236
2026-09-01T11:50:00+00:00,65047.22,65074.72,65019.72,65019.72,120
2026-09-01T11:55:00+00:00,65019.72,65022.22,64964.71,64979.71,302
2026-09-01T12:00:00+00:00,64979.71,64987.22,64939.71,64979.73,384
2026-09-01T12:05:00+00:00,64979.73,64984.73,64939.72,64954.73,281
2026-09-01T12:10:00+00:00,64954.73,64969.73,64944.71,64969.71,186
2026-09-01T12:15:00+00:00,64969.71,65032.21,64952.22,64954.72,212
2026-09-01T12:20:00+00:00,64954.72,64999.71,64949.71,64987.21,243
2026-09-01T12:25:00+00:00,64987.21,65014.73,64977.22,65004.73,211
2026-09-01T12:30:00+00:00,65004.73,65014.73,64967.21,64992.21,263
2026-09-01T12:35:00+00:00,64992.21,65007.21,64924.71,64962.21,353
2026-09-01T12:40:00+00:00,64962.21,64962.23,64917.21,64944.71,262
2026-09-01T12:45:00+00:00,64944.71,65014.73,64924.72,64924.72,229
2026-09-01T12:50:00+00:00,64924.72,64977.23,64922.21,64974.71,141
2026-09-01T12:55:00+00:00,64974.71,64979.73,64934.73,64977.23,174
2026-09-01T13:00:00+00:00,64977.23,64982.22,64887.22,64897.23,344
2026-09-01T13:05:00+00:00,64897.23,64962.21,64884.71,64947.21,328
2026-09-01T13:10:00+00:00,64947.21,64962.21,64909.71,64932.22,265
2026-09-01T13:15:00+00:00,64932.22,64969.72,64927.21,64969.72,253
2026-09-01T13:20:00+00:00,64969.72,65009.73,64967.21,65002.21,260
2026-09-01T13:25:00+00:00,65002.21,65044.73,64994.73,65025.21,348
2026-09-01T13:30:00+00:00,65025.21,65117.22,64989.71,65084.72,749
2026-09-01T13:35:00+00:00,65084.72,65147.22,64999.71,65034.73,632
2026-09-01T13:40:00+00:00,65034.73,65059.72,64914.72,65027.21,804
2026-09-01T13:45:00+00:00,65027.21,65132.23,65005.22,65127.21,883
2026-09-01T13:50:00+00:00,65127.21,65162.22,65057.23,65092.23,753
2026-09-01T13:55:00+00:00,65092.23,65099.73,65025.23,65055.22,408
2026-09-01T14:00:00+00:00,65055.22,65157.21,65015.21,65127.22,618
2026-09-01T14:05:00+00:00,65127.22,65279.72,65127.22,65249.73,550
2026-09-01T14:10:00+00:00,65249.73,65299.73,65189.72,65285.22,563
2026-09-01T14:15:00+00:00,65285.22,65354.73,65285.22,65339.71,633
2026-09-01T14:20:00+00:00,65339.71,65407.23,65339.71,65377.22,404
2026-09-01T14:25:00+00:00,65377.22,65389.73,65329.71,65349.72,296
2026-09-01T14:30:00+00:00,65349.72,65437.23,65347.22,65379.72,320
2026-09-01T14:35:00+00:00,65379.72,65404.72,65354.72,65399.71,342
2026-09-01T14:40:00+00:00,65399.71,65409.72,65349.73,65409.71,377
2026-09-01T14:45:00+00:00,65409.71,65479.72,65385.23,65427.23,289
2026-09-01T14:50:00+00:00,65427.23,65427.23,65369.73,65372.22,316
2026-09-01T14:55:00+00:00,65372.22,65387.21,65322.22,65364.71,315
2026-09-01T15:00:00+00:00,65364.71,65417.23,65302.23,65332.23,403
2026-09-01T15:05:00+00:00,65332.23,65359.73,65239.71,65239.71,355
2026-09-01T15:10:00+00:00,65239.71,65262.23,65207.23,65207.23,385
2026-09-01T15:15:00+00:00,65207.23,65292.22,65184.71,65267.21,415
2026-09-01T15:20:00+00:00,65267.21,65307.22,65224.71,65287.21,342
2026-09-01T15:25:00+00:00,65287.21,65357.23,65252.22,65352.23,288
2026-09-01T15:30:00+00:00,65352.23,65389.72,65332.21,65362.23,331
2026-09-01T15:35:00+00:00,65362.23,65369.73,65309.71,65367.23,266
2026-09-01T15:40:00+00:00,65367.23,65452.22,65367.23,65449.71,289
2026-09-01T15:45:00+00:00,65449.71,65537.23,65449.71,65527.21,273
2026-09-01T15:50:00+00:00,65527.21,65562.21,65509.72,65549.71,255
2026-09-01T15:55:00+00:00,65549.71,65609.73,65544.71,65599.71,222
2026-09-01T16:00:00+00:00,65599.71,65604.73,65520.23,65554.73,338
2026-09-01T16:05:00+00:00,65554.73,65554.73,65495.21,65495.23,344
2026-09-01T16:10:00+00:00,65495.23,65509.72,65399.73,65404.72,484
2026-09-01T16:15:00+00:00,65404.72,65424.73,65330.23,65339.71,284
2026-09-01T16:20:00+00:00,65339.71,65339.71,65217.21,65239.72,602
2026-09-01T16:25:00+00:00,65239.72,65244.73,65155.22,65202.23,417
2026-09-01T16:30:00+00:00,65202.23,65212.23,65059.72,65074.71,414
2026-09-01T16:35:00+00:00,65074.71,65159.73,65070.21,65159.72,369
2026-09-01T16:40:00+00:00,65159.72,65169.73,65059.71,65059.71,321
2026-09-01T16:45:00+00:00,65059.71,65097.21,65049.71,65087.21,210
2026-09-01T16:50:00+00:00,65087.21,65089.71,65034.73,65059.72,243
2026-09-01T16:55:00+00:00,65059.72,65129.73,65059.71,65089.72,227
2026-09-01T17:00:00+00:00,65089.72,65099.73,64984.73,64984.73,239
2026-09-01T17:05:00+00:00,64984.73,65012.23,64939.71,64982.21,310
2026-09-01T17:10:00+00:00,64982.21,64992.23,64950.21,64977.23,233
2026-09-01T17:15:00+00:00,64977.23,64992.23,64917.21,64927.21,206
2026-09-01T17:20:00+00:00,64927.21,64927.21,64827.22,64867.21,204
2026-09-01T17:25:00+00:00,64867.21,64967.23,64782.21,64952.22,530
2026-09-01T17:30:00+00:00,64952.22,64982.23,64934.72,64954.73,328
2026-09-01T17:35:00+00:00,64954.73,64969.73,64904.72,64907.22,218
2026-09-01T17:40:00+00:00,64907.22,64962.21,64907.22,64952.21,218
2026-09-01T17:45:00+00:00,64952.21,64957.23,64902.21,64919.72,247
2026-09-01T17:50:00+00:00,64919.72,64937.23,64904.73,64909.71,200
2026-09-01T17:55:00+00:00,64909.71,64927.21,64889.71,64912.22,179
2026-09-01T18:00:00+00:00,64912.22,64937.22,64842.22,64849.71,226
2026-09-01T18:05:00+00:00,64849.71,64852.23,64820.23,64825.22,236
2026-09-01T18:10:00+00:00,64825.22,64842.23,64795.21,64805.22,218
2026-09-01T18:15:00+00:00,64805.22,64894.72,64790.21,64870.23,257
2026-09-01T18:20:00+00:00,64870.23,64879.72,64835.21,64844.73,245
2026-09-01T18:25:00+00:00,64844.73,64849.73,64780.21,64794.71,190
2026-09-01T18:30:00+00:00,64794.71,64794.73,64725.21,64749.71,230
2026-09-01T18:35:00+00:00,64749.71,64759.71,64695.21,64705.21,369
2026-09-01T18:40:00+00:00,64705.21,64724.71,64640.21,64644.71,204
2026-09-01T18:45:00+00:00,64644.71,64689.73,64620.22,64689.72,356
2026-09-01T18:50:00+00:00,64689.72,64704.73,64650.21,64685.22,306
2026-09-01T18:55:00+00:00,64685.22,64774.72,64680.23,64750.21,325
2026-09-01T19:00:00+00:00,64750.21,64819.71,64745.21,64814.71,292
2026-09-01T19:05:00+00:00,64814.71,64829.73,64790.21,64819.73,384
2026-09-01T19:10:00+00:00,64819.73,64877.21,64810.21,64877.21,269
2026-09-01T19:15:00+00:00,64877.21,64894.71,64840.21,64869.72,261
2026-09-01T19:20:00+00:00,64869.72,64879.73,64820.21,64874.73,275
2026-09-01T19:25:00+00:00,64874.73,64899.73,64855.21,64890.22,199
2026-09-01T19:30:00+00:00,64890.22,64890.22,64805.21,64869.73,258
2026-09-01T19:35:00+00:00,64869.73,64872.23,64815.22,64825.23,221
2026-09-01T19:40:00+00:00,64825.23,64869.71,64795.21,64834.73,255
2026-09-01T19:45:00+00:00,64834.73,64862.22,64805.21,64825.22,272
2026-09-01T19:50:00+00:00,64825.22,64834.73,64780.21,64829.72,416
2026-09-01T19:55:00+00:00,64829.72,64864.73,64810.21,64850.21,463
2026-09-01T20:00:00+00:00,64850.21,64892.22,64760.22,64815.21,253
2026-09-01T20:05:00+00:00,64815.21,64840.21,64790.22,64839.72,216
2026-09-01T20:10:00+00:00,64839.72,64854.71,64825.21,64849.72,87
2026-09-01T20:15:00+00:00,64849.72,64885.23,64845.23,64860.22,76
2026-09-01T20:20:00+00:00,64860.22,64887.22,64855.22,64860.21,77
2026-09-01T20:25:00+00:00,64860.21,64874.73,64850.21,64850.23,72
2026-09-01T20:30:00+00:00,64850.23,64864.73,64825.21,64825.21,70
2026-09-01T20:35:00+00:00,64825.21,64847.21,64825.21,64835.21,31
2026-09-01T20:40:00+00:00,64835.21,64914.71,64835.21,64870.22,126
2026-09-01T20:45:00+00:00,64870.22,64882.21,64850.21,64870.21,48
2026-09-01T20:50:00+00:00,64870.21,64894.71,64850.22,64850.22,96
2026-09-01T20:55:00+00:00,64850.22,64879.71,64850.21,64874.72,57
2026-09-01T22:00:00+00:00,64874.72,64874.72,64821.99,64827.01,29
2026-09-01T22:05:00+00:00,64827.01,64827.01,64781.99,64792.01,56
2026-09-01T22:10:00+00:00,64792.01,64796.5,64776.99,64787.01,17
2026-09-01T22:15:00+00:00,64787.01,64799,64751.99,64751.99,21
2026-09-01T22:20:00+00:00,64751.99,64752,64716.99,64752,37
2026-09-01T22:25:00+00:00,64752,64752.01,64721.99,64727,32
2026-09-01T22:30:00+00:00,64727,64766.99,64726.99,64746.99,35
2026-09-01T22:35:00+00:00,64746.99,64762.01,64736.99,64752,38
2026-09-01T22:40:00+00:00,64752,64756.49,64731.99,64752.01,20
2026-09-01T22:45:00+00:00,64752.01,64797.01,64751.99,64787,49
2026-09-01T22:50:00+00:00,64787,64827,64786.99,64796.99,38
2026-09-01T22:55:00+00:00,64796.99,64801.99,64791.99,64796.99,8
2026-09-01T23:00:00+00:00,64796.99,64811.51,64781.99,64787,21
2026-09-01T23:05:00+00:00,64787,64797.01,64787,64797,8
2026-09-01T23:10:00+00:00,64797,64802,64786.99,64787,21
2026-09-01T23:15:00+00:00,64787,64811.51,64787,64807.01,9
2026-09-01T23:20:00+00:00,64807.01,64817.01,64791.99,64801.99,25
2026-09-01T23:25:00+00:00,64801.99,64812,64787,64802,29
2026-09-01T23:30:00+00:00,64802,64832.01,64787,64812.01,93
2026-09-01T23:35:00+00:00,64812.01,64822.01,64751.99,64752,80
2026-09-01T23:40:00+00:00,64752,64781.51,64721.99,64777,89
2026-09-01T23:45:00+00:00,64777,64867.01,64706.99,64807,816
2026-09-01T23:50:00+00:00,64807,64896.51,64786.99,64827.01,455
2026-09-01T23:55:00+00:00,64827.01,64871.99,64786.99,64807.01,654
2026-09-02T00:00:00+00:00,64807.01,64912.01,64672.01,64707.01,1786
2026-09-02T00:05:00+00:00,64707.01,64811.5,64647.01,64731.99,1195
2026-09-02T00:10:00+00:00,64731.99,64817.01,64637,64807,859
2026-09-02T00:15:00+00:00,64807,64876.49,64657,64727,1499
2026-09-02T00:20:00+00:00,64727,64827,64641.99,64641.99,1377
2026-09-02T00:25:00+00:00,64641.99,64701.99,64537.01,64562,833
2026-09-02T00:30:00+00:00,64562,64617,64441.99,64441.99,794
2026-09-02T00:35:00+00:00,64441.99,64537.01,64441.99,64446.49,517
2026-09-02T00:40:00+00:00,64446.49,64556.51,64372.01,64532,632
2026-09-02T00:45:00+00:00,64532,64622.01,64501.99,64611.99,646
2026-09-02T00:50:00+00:00,64611.99,64622,64497,64502,558
2026-09-02T00:55:00+00:00,64502,64611.49,64466.99,64472,650
2026-09-02T01:00:00+00:00,64472,64696.49,64461.99,64642.01,1009
2026-09-02T01:05:00+00:00,64642.01,64642.01,64501.99,64561.99,607
2026-09-02T01:10:00+00:00,64561.99,64571.5,64456.99,64471.99,764
2026-09-02T01:15:00+00:00,64471.99,64536.5,64432.01,64451.99,559
2026-09-02T01:20:00+00:00,64451.99,64581.5,64446.99,64571.99,365
2026-09-02T01:25:00+00:00,64571.99,64616.49,64457,64517,511
2026-09-02T01:30:00+00:00,64517,64532,64421.99,64532,623
2026-09-02T01:35:00+00:00,64532,64536.49,64361.99,64377,508
2026-09-02T01:40:00+00:00,64377,64424,64307,64337.01,521
2026-09-02T01:45:00+00:00,64337.01,64346.51,64281.99,64286.49,437
2026-09-02T01:50:00+00:00,64286.49,64286.49,64226.51,64281.51,688
2026-09-02T01:55:00+00:00,64281.51,64351.51,64241.99,64291.5,512
2026-09-02T02:00:00+00:00,64291.5,64291.5,64257,64261.49,17
